OTU ID	43654_S1316_L003	43849_S2090_L003	44048_S1317_L003	54815_S2153_L003	55009_S2121_L003	55209_S2162_L003	60699_S2212_L003	60878_S1804_L003	60898_S1837_L003	61057_S2062_L003	61076_S1820_L003	61114_S1810_L003	63650_S1634_L003	63670_S1670_L003	64945_S2242_L003	64947_S2196_L003	64964_S1632_L003	65127_S2213_L003	65144_S1636_L003	65147_S2269_L003	65161_S2114_L003	65180_S1705_L003
UTK.bins.58	0.0	0.0	0.0	2.0061852198401686e-05	0.0	0.0	0.0	0.0	0.0	3.5850900115953092e-06	0.0	0.0	0.0	0.0	0.0	0.0	0.0	0.0	0.0	0.0	0.0	0.0
CMU.bins.99	0.0	1.8576672340267209e-06	0.0	0.0	0.0	3.1164350348525996e-05	0.0	0.0	0.0	0.0	0.0	0.0	0.0	0.0	0.0	0.00030541849140265247	0.0	9.726770467196175e-06	0.0	0.0	0.0	0.0
SHSU.bins.42	0.0	2.56606727073472e-05	0.0	0.0	0.0	0.00020178995053194045	0.0	0.0	9.430275569741038e-05	0.010128397337671721	0.002498447166321628	0.016420684460363655	0.0	0.0	0.0	0.0	0.0	4.198736038337563e-06	0.0	0.0	0.0	0.00043220610560999414
SHSU.bins.192	0.0	1.563420760316172e-06	3.909901308073314e-05	0.0	0.0	0.0	0.0	0.00017451134768049843	0.0	6.7917015853085816e-06	0.000308503800537098	1.0852430447854363e-05	0.00012863222968651777	0.0	0.0	0.0	0.0006034324881589907	0.0	0.0	0.0	0.0	0.0
SHSU.bins.235	0.0	0.0	0.0	1.0642045105244505e-05	0.0	0.0	0.0	0.0	0.0	1.4263155659052447e-06	0.0	0.0	0.0	0.0	0.0	0.0	0.0	0.0	0.0	0.0	0.0	0.0
SHSU.bins.477	0.00021966449554406333	4.529595895303255e-05	0.0004758649114456964	0.00038358560379346985	0.0002513644436859198	0.00031765817528951116	0.0001589456447818145	0.0004662295936542793	0.0005021158304682818	0.0007459581275692493	0.0006940696862042191	0.001417468885028207	8.086061466149782e-05	5.04451037396475e-05	0.0003483826707377078	6.104182829541816e-05	0.00032568668566443213	0.0002838266552728643	0.00021331240726456903	0.00017887260158943016	0.00011893318075110742	0.000800447335590107
SHSU.bins.22	0.020724152183726415	0.009887766116577537	0.032038166691453415	0.045071715445736724	0.00012823353167737452	0.05670995501156876	0.004686699546135654	0.0020180948262488387	0.0026729130363278212	0.005138831656586685	0.001359092290474774	0.005952306616829809	0.0002166719900048619	3.119338765537725e-05	0.20245824110833605	0.0	0.0	5.048861204369652e-05	0.0005653051517584293	6.720503308288164e-05	4.644874982058729e-05	0.0003712254607093126
CMU.bins.320	9.56594985431299e-05	2.2069910028163887e-05	0.00010614195078689819	0.00011463787113371123	0.0	0.0	3.825187174419106e-05	0.0007106176683936079	0.00014973555522918645	4.60935424348743e-05	4.4078642934315264e-05	0.0	2.0541018740579552e-05	5.766557827102898e-05	0.0	0.0	0.0	0.0	0.0	0.0	1.4311227106879674e-05	0.0
UTK_active.final.26	0.0	3.358228399959084e-05	0.0002332909367816715	1.2598211124590008e-05	0.0	0.0	0.0	0.0	0.0	0.03752001384200897	0.011916366793272537	0.06711632323086056	0.0	0.0	0.0	0.0	8.18291012730757e-05	0.0	0.0	1.1377713828941977e-05	0.0	0.0005027832228555833
SHSU.bins.173	0.0	0.0	0.0	6.88133576805297e-06	0.00010780184300343402	0.0	0.0	0.0	2.9960452044521252e-05	1.1067377183561186e-05	0.0	0.0	0.0	0.0	6.374805294378716e-05	0.0	0.0	2.667919579572958e-06	0.0	1.5536713400874448e-05	0.0	0.0
UTK.bins.15	0.0	4.711537579047675e-06	4.909542880035079e-05	0.0	6.645466868695245e-06	0.00035568482669655593	0.0	0.0	0.0	0.009308462472243942	0.0018757297248673276	0.009756983650297275	3.800458277092564e-05	0.0	0.0	0.0	0.00027553160327187535	0.0	0.0	0.0	0.0	0.0
CMU_active.final.59	0.0	0.0	0.0	0.0	0.0	0.0	0.0	0.0	0.0	0.0	0.0	0.0	0.0	0.0	0.0	0.000126394545058018	0.0	0.0	0.0	0.0	0.0	0.0
CMU.bins.5	0.00035973423733843705	5.896056173216861e-05	0.0005282924194859333	0.0007265367471850851	3.1781609937306777e-05	6.615171984386217e-05	0.0002961593902770872	0.0018863490506481563	0.003610406643847827	0.00011623831592232829	0.0003022697201220953	0.00018247820956670204	9.996530307059245e-05	8.078928356775057e-05	5.8730934925081406e-05	3.087163002300539e-05	0.0	1.1798151140775372e-05	3.0823372274657586e-05	9.16091905710691e-06	5.276306451502851e-06	0.00015180855709457272
UTK.bins.126	0.0	0.0	0.0	0.0	0.0	0.0	0.0	0.0	0.0	0.00042776637979262904	0.00040906707723159535	0.0005468207485333574	0.0	0.0	0.0	0.0	0.00020730749722263	0.0	0.0	0.0	0.0	0.0
SHSU.bins.88	3.05343991109334e-05	3.973926644949524e-06	2.2586921847471388e-05	4.878967348250548e-05	3.668787561887983e-05	1.818185445410179e-05	8.139959732765122e-06	0.0	0.00010621193452261752	6.473715937498135e-05	5.627934974651631e-05	2.5077154811727623e-05	3.49688880703298e-05	1.6361576672114207e-05	2.25991735886718e-05	2.9697819440376042e-05	3.169034987478577e-05	7.566372107644927e-06	2.9651426960044178e-05	1.7625206185915077e-05	6.090832899077169e-06	4.8678791894711484e-05
CMU.bins.264	3.265771974449533e-05	1.7967058394733167e-05	0.0	2.7395815270930912e-05	0.0	0.00011667728500026858	0.0	0.0	0.0	4.406114576844242e-05	0.0	0.0	4.207566671047482e-05	1.3124512330521442e-05	7.25120997232918e-05	0.0	0.00010168220430344534	6.069398443547169e-06	0.0	0.0	0.0	0.0
SHSU.bins.260	4.5080846451340174e-05	9.80070412435609e-06	3.1263013868281274e-05	0.0001971900619501111	5.0780426704243674e-05	5.033181709828684e-05	3.154673696432063e-05	2.790735883155715e-05	0.0001058472995585873	0.0003280051661659881	0.00018695397244552594	0.0002707364735403649	0.0	0.0	1.2511981540507803e-05	1.6442146153682536e-05	0.0003859968144919583	1.570916652445371e-05	0.0	3.537334835917689e-05	3.372177838974041e-05	0.0001886565660984206
SHSU.bins.403	0.042760020758846176	0.0013072959831996404	0.01703348811432069	0.08626926685315991	0.0012892296163262908	0.08768947130464917	0.01733814543078869	0.001977265233810479	0.0023331464698444337	0.0010407762291820808	0.0011406176759309187	0.0038978743587827305	0.00032578097518568813	0.00020056520920575847	0.013917861825966172	0.015435507511612032	0.00108771571814652	0.00017251672281376243	0.0001163124412245401	0.010748739893679495	0.00014335344117170874	0.006253626528079896
SHSU.bins.459	1.9499084818187624e-05	1.384213576327438e-06	2.1635813064438326e-05	5.608223055462522e-05	0.0	0.0	0.0	0.0	0.0	5.2615534364449117e-05	0.0	0.0	5.02445715957437e-05	3.134520462449822e-05	0.0	0.0	0.00012142360737302838	3.6238819289265793e-06	5.68056452497027e-05	0.0	0.0	9.325809278770824e-05
CMU.bins.67	5.099869521712328e-05	1.7498274436616672e-05	5.658717709133316e-05	0.00015890321157147332	0.00012765893171466725	0.0001214699004379334	2.7190839107324757e-05	0.0	7.095836300024134e-05	5.570042085814057e-05	3.1332720085819176e-05	2.094199968849213e-05	0.0	2.732720944174398e-05	3.7745273664026836e-05	0.0001488043870897729	0.0	4.107154352769563e-05	9.904803658984163e-05	5.151599469768533e-05	5.7646642598946504e-05	8.13036238666218e-05
SHSU.bins.556	0.0	2.515404275261205e-06	0.0	2.3779730235169642e-05	0.0	0.0	0.0	0.0	0.0	0.0	0.0	0.0	0.0	0.0	0.0	0.0	0.0	0.0	0.0	9.203985052674315e-06	0.0	0.0
UTK.bins.192	0.00019238300740374194	5.359340221169748e-05	0.00019405864573134176	0.0006134049060662678	0.0003519831771555527	0.0002811816643474698	0.00021913151280591244	0.0008084015802840275	0.00019467408079618069	0.00022135558366990414	0.0002686289878826317	0.00010772684926193025	4.5066016400605665e-05	6.091482761014336e-05	0.0006601571340422654	0.0009185507733918202	0.0002359690671606993	0.0006359904997767374	0.0002887212075083631	0.0006347410846688929	0.00036747439680849086	0.0002509386713171153
SHSU.bins.217	0.0	0.0	0.0	0.0	0.0	0.0	0.0	0.0	0.0	2.0771726590829988e-05	0.0001986371732232766	0.0	0.0	9.624660042378797e-06	0.00026587795398545506	0.0	0.0	0.0	0.0	0.0	4.777222238533885e-06	0.0
SHSU.bins.50	0.0	6.479139421121288e-05	0.001180536630695984	0.00011500272113731941	0.0	0.0	0.0	5.165792643295203e-05	0.00023946849637739077	9.248044482160075e-05	0.00028838435919774683	0.00020559882584697355	0.0	8.383928294739167e-06	0.0	0.0	0.0	0.0	0.0001215507826307938	1.8062857140869587e-05	2.0806921878719298e-06	0.00014966266657022225
CMU.bins.107	0.0	1.0135364094455895e-06	0.0	0.0	0.0	5.100949130157216e-05	4.567356350053692e-05	0.0	0.0	0.0	0.0	0.0	0.0	1.1475657665892542e-05	0.0	0.0	0.0	0.0	0.0	0.0	0.0	0.0
SHSU.bins.157	0.0	1.1522880970488199e-05	3.430611817408832e-05	0.0	0.0	0.0	0.0	0.0	0.0	0.00011322386141707712	0.00490084602624932	0.00047610482932473566	0.0	0.0	6.864940393898687e-05	0.0	0.0	0.0	0.0	0.0	6.167368631736459e-06	0.00014787163613258218
UTK.bins.141	0.0	3.0114192309447487e-05	0.00019818811478932726	0.0	0.0	0.0	0.0	0.0	0.0	0.0004948783687778402	0.0	0.000825145024134803	0.0	0.0	0.0	0.0	0.0	0.0	0.0	0.0	0.0	0.0
SHSU.bins.181	0.0011959017568362756	6.188165847118323e-05	0.0005115949432949615	0.0006216128561474403	0.0006145806601124246	0.00020591005176786778	8.066219735186007e-05	0.047095361277939105	6.0142664067166776e-05	0.0006387293951682187	0.0006639225941973271	0.0007632486073218298	0.14175176271432233	0.10249151915359397	0.00028792821846267304	0.000798781015978233	0.0	0.00013388967890084767	4.1975429268471894e-05	0.00015906103362854765	0.0001322095564163958	0.000551289034708027
SHSU.bins.240	0.038607054519673306	0.014611491694536275	0.20698085278352785	0.08284871081933233	0.014586451053308696	0.015799321739401538	0.26130141142147467	0.43321263976901914	0.10706104943885573	0.07765647125459282	0.09043621602033891	0.07653088078814438	0.04496206537661522	0.027756694354388295	0.027427715569087935	0.018696139352232428	0.04458587934768119	0.038426208944563583	0.015374013127215322	0.020185136922432668	0.021696379258268107	0.17871299366869875
SHSU.bins.105	0.0	5.929762770205346e-06	2.6481311959083118e-05	5.720190556569824e-06	9.319592395138883e-05	0.00017053391115591003	7.634751749351101e-05	0.0002363887162208098	4.9809928086449845e-05	0.00023919686074169562	0.00043988607928321634	0.000499815105765177	4.0998144461797765e-05	5.754779029498663e-05	5.29913167596749e-05	0.0	0.0	4.43547660103054e-06	0.0	4.649424221455222e-05	3.808532025174882e-05	0.0
UTK.bins.171	0.0	2.2040848030760435e-06	4.593429252146919e-05	0.0	0.0	0.010205344061348086	0.0	0.0	0.0	0.0015160153511832224	0.0013352922888904078	0.009460239569692441	3.555755820618663e-05	0.0	0.0	0.0	0.0	0.0	0.0	0.0	2.4773468571322122e-05	0.0
SHSU.bins.438	0.0011529800440291834	3.228471111552249e-05	0.0006112330105655256	7.983308078950924e-05	9.620389375616528e-05	4.576989972982567e-05	0.00012294614596367805	0.0002537793530000639	0.0001604228041749321	0.00010123597338459525	0.00011806185185937748	0.000126255244294813	0.2651197811859338	0.16910599560444928	0.0	0.00026165816696246724	3.988766199703738e-05	5.714135099531734e-05	0.0	1.9411262002084207e-05	0.00015077135433707692	0.0
UTK.bins.184	0.0	3.2342091110395867e-07	0.0	1.0919659107989968e-05	0.0	0.0	0.0	0.0	0.0	0.0	0.0	5.612537524538058e-05	0.0	0.0	0.0	0.00010634711218626367	0.0	0.0	0.0	0.0	0.0	0.0
SHSU.bins.335	0.013029283887711605	0.005582372101242964	0.015891818374758393	0.05154759050977989	0.08173016469554069	0.10601374180147222	0.05241601427918226	0.06983240706703822	0.07744069236078548	0.040545759345406975	0.03413834227258944	0.05573833914024965	0.007108172640466731	0.0061270641537772095	0.05914468000909069	0.08631065931060519	0.05318269132968438	0.10639160323416215	0.06407574020138877	0.12320589731895908	0.062300046584644726	0.035044805563233285
SHSU.bins.332	0.00011522869438223743	1.5988052571547444e-05	5.81161897425348e-05	9.038589589387132e-05	1.2586393183116652e-05	5.613837984011049e-05	5.0265936349769314e-05	0.0	0.0003279401676500143	0.00018978759885101545	5.7922713855915066e-05	3.8714114515945896e-05	8.99749967649696e-05	0.0001094557077371031	6.97771741679761e-05	3.0565028132023515e-05	0.0	1.9468294932067322e-06	0.0	1.587237936632583e-05	4.5970389616461674e-05	0.00010020047948408737
SHSU_active.final.55	0.0	1.3463077797141314e-06	4.208664039919559e-05	0.0	0.0	0.0	0.0	0.0	0.0	0.0006214065980113313	0.0002446884062889072	0.0008644443848097198	0.0002443433363910212	9.146047139726937e-05	0.0	0.0	0.0008857388290525267	0.0	0.0	0.0	7.566109528606475e-06	0.0
SHSU_advanced.final.260	0.0	2.3976461857823017e-06	0.0	2.698390726685735e-06	6.76359856102825e-06	0.0	0.0	5.575600967398702e-05	0.0	1.3019606363150597e-05	2.0750785381379783e-05	0.0	1.9340090463422118e-05	0.0	0.0	0.0	0.0	6.277051410823947e-06	0.0	0.0	0.0	0.0
UTK.bins.183	0.0004601532173017134	6.635217407176501e-05	0.0008775546998122219	0.0005859109557943663	0.00016845756906675002	0.0005651267695239028	2.3000501244893546e-05	0.001139434488976733	0.00030011542039481433	0.00041019109267718186	0.0008481298564600046	0.0006908718876620836	8.645790995327522e-05	0.00011557927649159126	0.0001915704688976174	8.391498616243228e-05	8.954513456428506e-05	0.0001122436883119549	0.0	0.0002116595782148109	7.171005060007693e-05	0.00041264448083009155
SHSU.bins.221	0.0	0.0	0.0	0.0	0.0	0.0	0.0	0.0	0.0	3.36109604835843e-05	0.0	6.610070295498682e-05	0.0	1.0781842807011988e-05	0.0	0.0	0.0	4.986036914269888e-06	0.0	0.0	1.0703190567260127e-05	0.0
UTK.bins.23	7.684484892916583e-05	0.00039549553466445143	4.263276427461381e-05	0.0	0.0	0.0	0.0	0.0	0.0	0.003758308983165659	0.0656130043678577	0.013016603535710432	9.900563284911399e-05	0.0005558842269351494	8.531181732222326e-05	0.0	0.00029907762500580896	0.0	0.0	0.0	0.0	0.0
UTK_active.final.18	0.0	1.5903561579096292e-05	0.00017546740997237444	0.0	0.0	0.03333419799942605	0.0	0.0	0.0006600899048847714	0.016291351326173816	0.006460972430106934	0.03470916942807946	0.0015167535500454849	4.23685443823906e-05	0.0	0.0	0.011406704995562145	0.0	0.0	0.0	1.051486648689857e-05	0.00025210922160314044
UTK.bins.61	2.6482435901898078e-05	1.4099646740267063e-06	0.00011753762318731739	3.173642231385735e-05	3.181933593485828e-05	7.096096128651436e-05	6.353797291404835e-05	0.00039345555713203085	0.0	0.0	0.0	1.6312025430848517e-05	0.0	0.0	5.880065193923717e-05	0.0001545412350499276	0.0	3.199124595862431e-05	0.0	3.1528026754958926e-05	0.0001320642663543977	0.0
SHSU_advanced.final.47	0.0	0.0	0.0	0.0	0.0	0.0	0.0	0.0	2.97673540635696e-05	5.4980216976344395e-06	0.0	7.028214909079638e-05	0.0	0.0	0.0	0.0	0.0	0.0	0.0	0.0	0.0	0.0
UTK.bins.64	0.00010748138207057424	1.3624926782680917e-05	0.00018740750724859944	0.00012144485120102886	0.00011069284881580168	0.00010971484291171001	9.82380417748451e-05	0.00038020845958539333	0.0050632309005325254	0.002110068653683927	0.00517900134476612	0.014659432981953508	0.00014507144348045815	9.873073991852293e-05	6.818511384471463e-05	0.0	0.00014342197965027984	8.560836250931202e-05	0.0	0.00016950458255363913	4.900522791148635e-05	0.00014687152588820424
SHSU_advanced.final.49	0.0	3.7751582627084853e-06	0.0	0.0	0.0	0.0	0.0	0.0	0.0	8.541557598112588e-05	0.0025811437718267407	4.367523186353817e-05	0.0	0.0	0.0	0.0	0.0	0.0	0.0	0.0	0.0	0.0
SHSU.bins.148	0.0	7.393829739398282e-07	3.467053909095662e-05	7.489135074063801e-06	3.1286237969457457e-06	0.0	0.0	0.0	8.69512014226118e-05	0.0	1.9197307277964747e-05	0.0	0.00026838321193908794	8.371576297251519e-06	9.250482878273547e-05	0.0	0.0007134474995371208	0.0	0.0	0.0	0.0	0.0
SHSU.bins.562	0.0	1.7999634391822666e-06	0.0	2.2283134220369055e-05	1.0155155340909093e-05	3.0196309058137813e-05	0.0	0.0	0.0	6.5160612305481925e-06	1.557806503703179e-05	0.0	0.0	0.0	0.0	0.0	0.0	0.0	0.0	3.658977323397563e-06	0.0	0.00016169093950934278
SHSU.bins.84	0.015010421478848589	0.006787445393575692	0.08273421112667176	0.007113603070349977	0.02041447567505766	0.0061764688527862445	0.009622840684082142	0.019999975296004578	0.09327106079918296	0.027752888445043308	0.011114152739869149	0.01760558478221908	0.003326149167628662	0.0024085127101171853	0.036686050448955794	0.026795060472507147	0.08526175006801003	0.054948601340864205	0.044776657020472684	0.004690106517267972	0.04033704421260334	0.0591784244603072
SHSU.bins.111	0.0	6.532524916351562e-06	0.0	0.0	0.0	0.0	0.0	0.0	9.602790652723115e-05	0.0004286280096512136	0.00011307346352730047	0.0011714205181938926	0.0	0.0	0.0	0.0	0.0005730349988303334	0.0	0.0	0.0	0.0	0.0
SHSU.bins.163	0.0	0.0	0.0	0.0	0.0	0.0	0.0	0.0	0.0	1.4129023681066924e-05	0.0	0.0	0.0	0.0	0.0002170218940654275	0.0	0.0	0.0	0.0	0.0	0.0	0.0
UTK.bins.37	0.0	0.00010997123517462	0.00010648017570974231	0.0	0.0	0.0	0.0	0.0	0.0	0.00015589617441346242	0.0026026087732556663	0.0005573214513856716	0.00022372733163313597	0.0014324587086430556	0.0003652729041672021	0.0	0.002048859280727461	0.0	0.0	0.0	0.0	0.0
CMU.bins.126	0.0	6.370397830836806e-07	0.0	0.0	0.0	0.0	0.0	0.0	0.0	0.0	0.0	0.0	0.0	0.0	0.0	0.0	0.0	0.0	0.0	0.0	0.0	0.0
SHSU.bins.517	0.0	0.0	0.0	0.0	0.0	0.0	0.0	0.0	0.0	2.131592750151274e-05	0.00024460952628365616	0.0	0.0	0.0	0.0	0.0	0.0007575547840528176	0.0	0.0	4.787828507209878e-06	0.0	0.0
CMU.bins.261	0.0	1.1450842976924434e-05	0.0	0.0	0.0	0.0	0.0	0.0	0.0	0.00018277126000257557	0.0003964122263891619	0.0003733416814110996	0.0	0.0	0.0	0.0	9.131560794274267e-05	0.0	0.0	0.0	0.0	0.0
UTK.bins.50	0.0	1.151057897158732e-05	0.00011994331663853061	0.0	0.0	0.0	0.0	0.0	0.0	0.02714251154522172	0.004532714701742818	0.04228057448470627	0.0	0.0	0.0	0.0	0.0	0.0	0.0	0.0	0.0	0.0
SHSU.bins.204	4.397582312162044e-05	0.00043018216156537483	6.831264441651956e-05	0.0001559931515426943	2.9060968113882144e-05	3.142279942605426e-05	0.0	0.0	0.00029369687102797856	7.289270803644784e-05	0.0003080046205038676	7.584419060161818e-05	9.820668766472863e-05	0.00028983786104802247	0.00017575638568663107	0.0	2.738439038643591e-05	4.9037152272426415e-06	0.0	0.0	2.1052938983699596e-05	4.206455027851493e-05
SHSU_advanced.final.136	6.621482975735306e-05	0.0003384362497624133	3.673537761992566e-05	0.0	0.0	0.0	0.0	0.0	0.0	0.0005551579088844306	0.049549713298524416	0.0006525678772575345	0.0	9.313664605634148e-05	7.351056492602616e-05	0.0	0.0035048027696039396	0.0	0.0	0.0	0.0	0.00015834262869117966
SHSU.bins.83	0.0	3.712486668307879e-05	5.661233008559526e-05	1.2228749120936214e-05	4.214613426462739e-05	0.0	0.0	0.0	0.0	0.00033189249552797827	0.0005642391375613995	0.0005185447008527119	0.0	0.0	0.0	0.0	0.0	0.0	0.0	0.0	5.088727171459114e-06	0.0006100479490658265
SHSU.bins.256	0.0004127545231587678	4.158839028428527e-05	0.0002289923777622588	0.0006940958068642606	0.19560851730459647	0.0003567729670229708	0.0007187677364028552	3.296982389398862e-05	0.0002500968753289437	7.185547820668372e-05	8.589304571790006e-05	9.021386450486419e-05	8.00538134752994e-05	6.956180585137911e-05	0.0015372977121421512	0.0002913723363970297	4.145619544638803e-05	0.14232913757090626	0.35994189662784193	0.006216653360147223	0.2876484627452082	0.0023879968835094265
SHSU.bins.59	0.0	1.0459848065464876e-06	0.0	7.063115669850682e-06	5.753775626567879e-05	0.0	0.0	0.0	6.150376693289943e-05	7.95181169490493e-05	5.4315776615801254e-05	1.815165593054882e-05	2.5311633841570727e-05	2.3686091182334324e-05	0.0	0.0	0.00018350808557765147	5.476790136934002e-06	0.0	3.189423971726624e-06	1.7634967525184523e-05	7.047067721958044e-05
CMU.bins.224	0.0	2.2821376961024076e-05	0.0	5.603764355418428e-05	0.0	0.0	0.0	0.0	0.0	0.0027939185414467224	0.0005386662958590153	0.003780328126853553	5.020462858652541e-05	0.0	0.0	0.00017054795935843265	0.0	5.4315011440709165e-06	0.0	0.0	6.412684736417624e-05	0.00027955173830874683
UTK.bins.186	0.0	1.9209801283700304e-06	0.0	0.0	0.0	0.0	0.0	0.0	0.0	0.0	0.0001995051732810594	0.0	0.0	4.3500166152222806e-05	0.0	0.0	0.0	0.0	0.0	0.0	0.0	0.0
CMU.bins.256	0.0001938820778510385	3.096773823318743e-05	0.00042353292338366956	0.0003572340035328656	7.2798275275239066e-06	0.0	0.0001889759637959191	0.0009301779277310479	0.0020738002954278963	4.437548271685171e-05	0.00014517479966428642	8.210329230178297e-05	7.285674681431717e-05	6.81777961328817e-05	4.0358364194604415e-05	0.0	0.0	4.5040967902169525e-06	0.0	2.6229731300289163e-06	1.0877216641520447e-05	0.00023181929664527697
CMU.bins.171	9.693406892343951e-05	9.633706139276525e-06	6.453374527856202e-05	4.1819508413574025e-05	5.8234426220463456e-05	0.0	3.1009231981966915e-05	0.0	0.0	1.1209845160178557e-05	0.0	0.0	1.6651765842994433e-05	3.11647536612013e-05	0.0	0.0	0.0	1.8015080161073772e-05	0.0	2.098227284038698e-05	1.933587125099331e-05	0.0
SHSU.bins.544	0.021386893381476854	0.03766604363472733	0.11018536486451457	0.015329187151597996	0.0004889990682629337	0.003962250688576151	0.002099370531077666	0.0023178713707302226	0.0015289130491788435	0.0020277165672000046	0.001275215784891115	0.0018801242106996434	0.00015730455630368932	0.0005233859935451731	0.0029820399054912745	0.0004749979311054607	6.335836775741141e-05	6.429153986854696e-05	0.0011263566023749353	0.00042726042602396426	0.00027196129605118826	0.0001946466675621079
UTK_active.final.44	1.8259597448346163e-05	0.0	3.039075306726141e-05	3.501152434624647e-05	3.290907486413194e-05	3.261831478467898e-05	6.571400284260929e-05	4.5214471626279864e-05	0.0	0.0	0.0	1.124711505506286e-05	0.0	0.0	0.0	0.0	0.0	2.036114979136581e-05	0.0	1.976229496595393e-05	1.4569294217001943e-05	0.0
SHSU_advanced.final.69	0.01946823280898192	0.0059427670690434765	0.013330486959049315	0.03227003031913446	0.0917069740480248	0.05142631542660898	0.07510839753419131	0.03104441025057523	0.0464540894174899	0.05826746743682277	0.07329222487906341	0.04390651592636204	0.05436613754694342	0.028695838163369826	0.06452048610062662	0.03314660821409367	0.09718068588374841	0.07155440872401977	0.0403081008208709	0.06255446656154398	0.03356642432344781	0.028979749081230667
CMU.bins.146	0.0	1.3373704805126345e-06	0.0	0.0	0.0	0.0	0.0	0.0003731982308836877	0.0	1.4524281616195018e-05	0.0002777875884923198	6.962482891224797e-05	9.708856240668096e-05	0.0	0.0	0.0	0.0002932862170389406	0.0	0.0	0.0	0.0	0.0
SHSU.bins.64	0.0005166876541706056	6.330076834439285e-05	0.0006657753481233275	0.0011944481118124947	0.0027836473193354437	0.0008336713500805633	0.00047986946424588556	0.0006603483277034897	0.0011479303867612592	0.09846523383934426	0.06736973848480349	0.003079907336597694	4.2947862911765494e-05	5.358624310075106e-05	0.000407083552656687	0.0015075951639458953	0.0010897944174167718	0.0017377573261536	0.0011653463128418792	0.0010029686467688502	0.0019050589129257867	0.001116005372697029
SHSU.bins.175	0.0	1.5155608645922146e-06	2.3688801596110582e-05	0.0	0.0	0.00019068863720182397	0.0	0.0	4.455736560459412e-05	0.0012714940913153966	0.001141148475966254	0.0023933468501067196	0.0	0.0	0.0	0.0	0.0013294537332819722	0.0	0.0	0.0	0.0	0.0
SHSU.bins.131	0.36533970901101226	0.0013381980804386925	0.0014002435805764344	0.03227978531923094	0.00027931391187194064	0.00916828175025532	0.01490214351076263	0.004335941196983691	0.008808689131058055	0.0003142202284284479	0.0003227430014850016	0.0032877652930583165	0.004631308668841203	0.006576045062456109	0.0968636446677756	0.004016889171718735	0.010415192343642576	0.0005644507810504027	0.0005453030063887733	0.0004914310494191644	0.006241419163335265	0.003840806138504821
SHSU.bins.267	9.161346733586458e-05	1.700919848031316e-05	9.383311859478899e-05	0.00012499069123609544	0.00010584225313061552	0.0009063979118967137	5.072394433473291e-05	0.00017450303768203746	0.0002353268367859489	0.00022683190277110053	0.00011690112778210808	0.0005729806556391938	0.07649767765459305	0.2346531822723875	0.00010953125723988366	0.00022618576957535212	8.776778918823992e-05	0.0001610946146137279	0.00020530217511419014	0.00011288176338157676	0.00017571687498181703	0.0001011135747072031
SHSU.bins.238	0.00047849822277554383	5.318668224803587e-05	0.0005588763325091309	0.0003983827539398062	0.00019668595723466834	8.99760329905605e-05	3.0211509008156163e-05	6.236104845073384e-05	0.00023652359666789333	0.0011479676115892417	0.0005802250786255836	0.00021717261899077223	0.0003460992298748569	0.00021254127676986948	0.00016775366406171046	0.00014696475774388806	0.0	0.00013339249897919629	0.00011005143954374917	7.904435186431264e-05	7.284202608311294e-05	0.0003613432282945792
UTK.bins.42	0.0	8.05976427990036e-06	0.0	0.0	0.0	0.0	0.0	0.0	0.0	5.689556666198667e-05	4.1852709786134895e-05	5.594656519681026e-05	0.0	0.0	0.0	0.0	0.0	0.0	0.0	0.0	0.0	0.0
SHSU.bins.466	0.0	0.0	0.0	0.0	0.0	0.0	0.0	0.0	0.0	0.0	0.0	3.711808608241542e-05	0.0	0.0	0.0	0.00013187223311032195	0.0	0.0	0.0	0.0	0.0	0.0
SHSU.bins.220	0.008015175691588963	0.001097409101951984	0.034830027054574234	0.006900878068246233	0.0003158272495021483	0.0005308019192273057	0.00026810479119811974	0.0011319708903589913	0.00033392763705937436	0.013596701768434524	0.005575036371130171	0.004420776600819085	0.004227500475647925	0.002786350733266292	0.00018608630778408047	0.0006002303865766817	4.744458334410457e-05	3.6815484198391416e-05	8.87840538344344e-05	0.0006976122281978428	0.00013070227577320978	0.0010567385582151234
SHSU.bins.530	0.0	1.2409357891285918e-06	3.879263115062498e-05	0.0	0.0	0.0	0.0	0.0	3.648341440105711e-05	8.086174172852621e-05	0.00012887828857942766	0.00012920862509704218	0.0	0.0	0.0	0.0	0.0	0.0	0.0	0.0	0.0	0.0
UTK.bins.84	0.00011428815410159658	4.462242601320935e-05	0.00019021810660744553	0.0003195791031604775	8.582515942976693e-05	0.00030624089186461156	1.5233663499878828e-05	0.0009433369252940016	7.95088621567688e-05	0.00034510370335968216	0.0003510832233716102	0.00035198291560940094	0.00014724710398257015	0.00013779071197386525	8.458722117509691e-05	0.0	5.930742517953532e-05	7.78811677270105e-05	0.0	0.00011132432854187668	1.1398790864086337e-05	9.110073226055504e-05
SHSU.bins.202	0.0	2.5653343708002007e-06	5.346291280404033e-05	0.0	0.0	0.0	0.0	0.0	0.0	0.00011608489094750922	0.011300862752298434	5.935725612325896e-05	4.138543555117913e-05	0.0	0.0	0.0	0.00041255863516716554	0.0	0.0	0.0	0.0	0.0
SHSU.bins.18	0.0	0.0	0.0	0.0	0.0	0.0	0.0	0.0	0.0	0.0003483511728266896	0.0	0.0006735671429615818	0.0	0.0	0.0	0.0	0.0	0.0	0.0	0.0	0.0	0.0
SHSU.bins.15	1.8003942372063136e-05	8.94653020067226e-06	5.993052632864833e-05	3.883651038407367e-05	8.112081473508877e-05	0.0	0.0	8.916296348701918e-05	3.7575346293342395e-05	0.00022555530298062313	0.0002654715176724389	0.00015525514217207848	1.5463988568872064e-05	4.3412638170025685e-05	0.0	0.0	0.0	1.0038039418144514e-05	0.0	1.5588479395546403e-05	1.4365308129957102e-05	0.0
SHSU.bins.68	0.0	4.432999203933686e-06	0.0	0.0	0.0	0.0012642609792466873	0.0	0.0	8.688653142899123e-05	0.019686801768893817	0.002340328255795652	0.017052529631992268	0.0	0.0	0.0	0.0	0.0002592426089902897	0.0	0.0	0.0	0.0	0.0
SHSU.bins.178	0.013948246161913957	0.001355997178848432	0.008644427028033306	0.020328387201037582	0.017422128869267254	0.07861370358214573	0.025734429155138693	0.008306785461583335	0.005619503445658464	0.004798257512483587	0.002522053867893126	0.005682363843505036	0.0005118235781217163	0.00021286827670335886	0.019209360900383894	0.1206782070905706	0.01230027568186522	0.02788736260533928	0.02237481600660886	0.08281376147634391	0.0274357797073822	0.019949713874732534
SHSU.bins.455	0.0	0.0	0.0	0.0	1.7888683838986853e-05	0.0	0.0	0.0	0.0	0.0	0.0	0.0	0.0	0.0	0.0	0.0	0.0	0.0	0.0	0.0	3.5638025207440295e-05	0.00014241225479857687
CMU.bins.352	5.743750213835123e-05	3.0580589267777256e-06	3.186576273078221e-05	0.0	0.0	0.0	0.0	0.0	0.0	0.0	5.29328195237378e-05	0.0	0.0	0.0	0.0	0.0	0.0	0.0	0.0	0.0	0.0	0.0
SHSU.bins.426	0.0	2.0683458152036433e-06	8.621079033359451e-05	0.0	1.1669331742635865e-05	0.00013879470163494063	0.0	0.0	4.053946300094414e-05	0.0009846233783981958	0.0033295524216483048	0.018018474894372753	0.0	0.0	0.0	0.0	0.0	0.0	0.0	0.0	0.0	0.0
SHSU.bins.286	0.00022519046719291712	0.00029283407383673963	0.0003634431170913561	0.0005642679455803278	0.0150721040217888	0.006363220708807132	0.004870780840092266	0.00040554042489391337	0.0003631715341745809	0.0015388410474369437	9.43316462796577e-05	0.0007439770020870683	6.154309720328523e-05	0.0001727720948587779	0.008545541735138069	0.07618937290942086	0.0010198507419711986	0.0008674648632995952	0.0	0.28966900018564434	0.00012046659640544578	0.2143261623708121
UTK.bins.53	6.76199161766064e-05	1.6115106560195805e-05	6.431121132932648e-05	0.00014817892146541545	5.2230232610148224e-05	0.00029335634799957055	0.00019313941365923306	0.0003348814379799578	0.0002217708081231969	5.58559608326125e-05	8.902381592631542e-05	0.00011900259232476936	8.29717591487204e-06	2.3292979262291875e-05	8.57948174202945e-05	2.8185979977939287e-05	9.023126832341095e-05	0.00010053660415682862	2.8141921554811412e-05	0.00012127758751743153	6.358838313440306e-05	9.240149257839712e-05
SHSU_active.final.134	0.0	0.0	0.0	0.0	0.0	0.0	0.0	0.0	0.0	0.0	0.0	0.0	6.598580922860097e-05	0.0	0.0	0.0	0.00035879559404121875	0.0	0.0	0.0	7.662206269612827e-06	0.0
SHSU.bins.534	0.0	5.241038531739412e-06	0.0	0.0	0.0	0.0	0.0	0.0	0.0	0.0001328117782022005	6.803907452936119e-05	0.0005305486041133418	0.0	1.9780355976746805e-05	0.0	0.0	0.0	0.0	0.0	0.0	0.0	0.000117700778760303
SHSU.bins.319	0.0	1.7808578408892562e-05	0.0	0.0	0.0	0.0	0.0	0.0	0.0	0.0013883865721303597	0.00039632677638347353	0.0026489511195367118	0.0	0.0	0.0	0.0	0.0003347517824820392	0.0	0.0	0.0	0.0	0.0
CMU.bins.119	1.6967147062701455e-05	1.5055940654826982e-05	5.647923711595643e-05	0.00016673334164890938	0.00011212558272281423	0.00024247605273675394	9.498630188159972e-05	0.0	0.00010623441952039947	6.213469480211215e-05	0.0	6.270613303291709e-05	0.0	4.0912589678526546e-05	7.534645129879554e-05	4.950687239689089e-05	0.0	9.77529945954868e-05	0.0001482885198086463	5.8763131951769376e-05	4.3998652775083114e-05	0.0
SHSU_advanced.final.42	0.0	0.0	0.0	0.0	8.238032465334394e-06	0.0	0.0	0.0	0.0	0.0	0.0	0.0	0.0	0.0	0.0	0.0	0.0	0.0	0.0	0.0	0.0	0.0
SHSU_advanced.final.240	0.00012775153311883462	2.040504317691142e-05	0.0003012201812856523	0.00014544197143834836	0.0	0.0	3.831346374216899e-05	0.0	0.00016664080356155133	0.0003878092963506054	0.0002943308895936073	0.00011803406706168806	0.00012344466848930127	6.417605694682106e-05	0.00028365520759505525	0.00018637713373006895	0.0	0.0	0.0	4.147946073070161e-05	0.0	0.0007637440866216314
SHSU.bins.101	0.016503568924377803	0.0453415389489602	0.08614663034823068	0.00027460596271571566	0.00032481979891851295	0.001586753475986374	0.0001441358552680199	0.0	0.0003492759655453232	0.0042726262987530725	0.00018981913263625968	0.0003647519990778773	4.422863620735004e-05	9.312350105901513e-05	0.0006574185334862036	0.00033805617979770227	0.00028057372150178936	0.000320593389478938	0.00018751542033926467	0.00025636200361378695	0.0002773326383432447	0.0001231380300889008
UTK.bins.113	0.0003922446570389806	7.685199813365823e-05	0.0006441363530596151	0.0004023747639792852	0.00013196172143540717	0.00044844323452175936	0.0001254790558805226	0.0016317472978004007	0.00029471005092803236	0.0003296213759007268	0.0012724167847047855	0.0006958244890073625	0.00012128676799128804	0.00016394089665501183	0.00017418520536760922	9.155951744427395e-05	0.0	0.00013413263886256053	0.0	0.0002479225744824202	4.3815955697122704e-05	0.0003751968116797162
SHSU_advanced.final.35	0.0	3.220927712226214e-05	0.0	0.0	2.0191160689551272e-05	0.0	0.0	0.0	0.0	0.012107074012920422	0.0052654676505221815	0.026663925242743344	0.0	0.0	0.0	0.0	0.0	0.0	0.0	0.0	0.0	0.0
SHSU.bins.354	0.0	0.0	0.0	0.0	0.0	0.0	0.0	0.0	0.0	0.00898610052515176	0.004207921680121346	0.032868625928131154	0.0	0.0	0.0	0.0	0.0	0.0	0.0	0.0	0.0	0.0
SHSU.bins.205	3.188535451403499e-05	1.0185747089954426e-05	0.00011793127809751684	0.00022162515219176194	3.1925887927942833e-06	1.8986289695412255e-05	0.0	0.0	4.4364482623621254e-05	0.00030727899956768055	0.000274257098257295	0.00013093332556552396	3.651604142739114e-05	5.1256409574630815e-05	7.079710437506886e-05	0.0001550588248658887	0.0	1.9752843887226365e-06	0.0	2.3006255632067333e-06	0.0	0.0
SHSU.bins.561	0.0002997448094386356	3.9232212494797975e-05	0.00033259114412930823	0.00028737018284194743	0.00014068407086930838	0.00026772725031148193	4.4947710524366667e-05	0.00046389361408690275	0.00015639651457210948	0.000303307170219559	0.0004834144021808968	0.0006692833817979804	0.00017700213084961377	0.0001204616954985248	8.31929468919951e-05	0.00021864942225504358	5.832984452272478e-05	0.0001914936798232578	0.0003274618179084349	0.00014598571497433267	0.00014200473059618765	0.0011647894846174753
CMU_early.final.2	0.0	2.9691612347202894e-06	0.0	0.0	0.0	0.0	0.0	0.0	4.36465716944403e-05	2.0153780692250668e-05	0.0	0.0	0.0	0.0	0.0	0.0001220398266064209	0.0	1.5546567550077048e-05	0.0	4.526795534076853e-06	0.0	0.0
SHSU.bins.72	0.005900721760672701	0.0010962428020561868	0.0022518270863132054	0.009765071096571671	0.12305847201324675	0.027844914352778184	0.007746968545667023	0.0018580977558802958	0.003096590694533715	0.003829366071503379	0.0031433237092510593	0.005819547580768365	0.0003222595343729889	0.00045234548799455616	0.008822861791446797	0.06289743063562349	0.014443000929640093	0.03737457611028631	0.08520612287392453	0.037779026111571065	0.058804572093057596	0.01810732642454332
SHSU.bins.52	6.270427870986572e-05	7.567202823908263e-06	4.174530647706069e-05	3.9075127386433475e-05	1.8835205777555594e-05	0.0	0.0	0.0	0.0	4.1091130255897705e-05	0.0	3.089851239298764e-05	3.2314880457822e-05	0.0	0.0	0.0	0.0	1.1653517163567676e-05	0.0	5.429171041199313e-06	7.504745202421121e-06	0.0
SHSU.bins.412	2.5010927462825564e-05	2.2193657017107714e-05	0.0	0.0	1.1269230268603291e-05	0.0	0.0	0.0	0.0	1.9282421835262873e-05	4.609878306879599e-05	0.00015405648184648542	0.0	0.0	0.0	0.0	0.0	2.324126833749916e-06	0.0	0.0	0.0	0.0
UTK.bins.77	0.0	0.0	0.0	0.0	0.0	0.0	0.0	0.0	0.0	2.2146526365190286e-05	0.0	0.0	0.0	0.0	0.0	0.0	0.0	0.0	0.0	0.0	0.0	0.0
SHSU.bins.329	0.0001147238642316049	0.00012555481378230516	6.364767548069226e-05	0.0	0.0	0.0	0.0	0.0	0.0	0.00029482499161170085	0.0	0.00032976961957558555	1.6423146790232356e-05	0.0	0.0	0.0	5.953352910015927e-05	0.0	0.0	0.0	0.0	0.00018289616469086074
SHSU.bins.237	0.0	0.0	0.0	4.849716047961267e-06	0.0010423736323477626	0.0	0.0	0.0	0.0	0.0	3.729464248270435e-05	0.0	0.0	8.131735346034304e-06	0.0	0.0	0.0	0.0	0.0	0.0	1.61448358893163e-05	0.0
SHSU.bins.149	0.0	1.0769297037817155e-05	0.0	0.0	0.0	0.0	0.0	0.0	0.0	0.00025455577822090564	0.0009539755235061507	0.0008794670388903354	0.0	0.0005307720520428754	7.925634109268303e-05	0.0	0.0013336735318005698	0.0	0.0	0.0	0.0	0.0
SHSU.bins.195	0.0	1.2145889914825466e-05	0.0	0.0	0.0	0.0	0.0	0.0	0.00013603368658082098	0.002732385051545937	0.0030634509039339265	0.004476471915947648	0.0	0.0	0.0	0.0	0.00010147054437775068	0.0	0.0	0.0	0.0	0.0
UTK_active.final.8	0.00015899254744060972	1.9563562252093532e-05	0.0010702520558541011	0.0004852311747986937	0.000417090032929981	0.0004354958606378708	0.0002458316719293462	0.00031495886166961885	0.00026546185381325	0.000177736530828903	0.00017582811170487741	0.0003133841851247969	0.0	1.7038938534341242e-05	0.0010119952054815785	0.0013298747271377732	0.00033002328414202586	0.0007446240326576026	0.0007719749372397599	0.000979691999164613	0.0008795610753258623	0.00040555295909727116
SHSU.bins.191	0.0	0.0	0.0	0.0	0.0	0.0	0.0	0.0	0.0	2.9365539180366197e-06	0.0	0.0	2.6172806040317214e-05	0.0	0.0	0.0	0.0	0.0	0.0	0.0	0.0	0.0
SHSU.bins.234	0.01825717144762229	0.0011977719929850612	0.002319729970823199	0.002021540219992022	0.050490762723043474	0.004376089712717511	0.025366993167201615	0.002963845451095823	0.013439603674236859	0.010841186220684891	0.004368111590785188	0.0055834898166478054	0.029121793720902286	0.03451820297912178	0.001984357602915874	0.027473630231228775	0.07043516527303088	0.026029378898131693	0.05407102251558229	0.0015476097407113385	0.027716490827167106	0.004617797528363444
SHSU_advanced.final.227	0.0	5.759432485423504e-06	0.0	0.0	0.0	0.0	0.0	0.0	0.0002539905249448507	0.00010555194267623462	0.00029907541990945074	0.0007995779771900056	0.0	0.0	0.0	0.0	0.0	0.0	0.0	8.780855096225219e-06	0.0	0.0
CMU_early.final.5	1.2771797810882239e-05	4.533264594975475e-07	0.0	0.0	3.836411751008821e-06	0.0	1.0214248664666218e-05	0.0	0.0	9.846543383931145e-06	0.0	0.0	0.0	2.0530961824076278e-05	2.8358041757986946e-05	0.0	3.976592603977401e-05	1.4241753755697567e-05	3.720739998847536e-05	5.5291499309089254e-06	1.52858995227914e-05	0.0
SHSU_advanced.final.252	0.0	2.9649195350992642e-06	0.0	0.0	1.25457681857533e-05	0.0	0.0	0.0	0.0	4.829999507273915e-05	0.0	0.0	0.0	0.0	0.0	0.0001218654866684108	0.0	0.0	0.0	0.0	0.0	0.0
SHSU_active.final.50	0.0	3.2213714121865715e-06	1.0070265702770988e-05	8.701056086049093e-06	0.0	0.0	0.0	0.0	0.0	1.7492574129022525e-06	0.0	2.2361035073945845e-05	0.0	0.0	0.0	0.0	0.0	6.7468609367884965e-06	0.0	0.0	3.6207543450464835e-06	0.0
CMU.bins.106	0.0	9.527287848784467e-07	0.0	0.0	0.0	0.0	0.0	0.0	0.0	0.0	0.0	0.0	0.0	0.0	0.0	0.0	0.0	0.0	0.0	5.810137101988152e-06	0.0	0.0
SHSU.bins.358	1.970655588009338e-05	9.093131187574195e-06	2.1866019011923743e-05	1.4169751140131754e-05	2.9597428079064765e-05	0.0	4.728099844776482e-05	0.0	0.00032903063754244376	0.0001633244931942859	0.000472187261433506	0.00016993744616024443	1.6926403906377054e-05	0.0	0.0	0.00017249990866438	0.0	7.324884245700058e-06	0.0	1.2797005682860511e-05	0.0	0.0
SHSU.bins.89	0.0	0.0	0.0	0.0	0.0	0.0	0.0	0.0	0.00023431395688586546	0.0012983326869104987	0.0017589017170900872	0.0005878033596654967	0.0	0.0	0.0	0.0	8.73900293208563e-05	0.0	0.0	0.0	0.0	0.0
CMU.bins.235	5.475001633645223e-06	1.1659892958246863e-06	3.0374787070903577e-05	1.1810187116796847e-05	4.933765079788286e-06	9.780353933861671e-06	8.757263712499032e-06	2.711444397840498e-05	0.0	3.16575328041916e-06	1.0091236671773625e-05	6.744727532075735e-06	4.702601085294495e-06	1.3201776314806224e-05	2.4312983936654135e-05	0.0	0.0	6.1051354379155155e-06	3.190004856369564e-05	1.1851145780213709e-06	3.276367598089943e-06	0.0
CMU.bins.181	5.051558107297042e-06	8.965085199014463e-07	0.0	3.632255635921192e-06	7.586973207589506e-06	0.0	0.0	0.0	2.1085820919968114e-05	6.815455881409896e-06	9.310766619817734e-06	0.0	4.338896001356453e-06	4.060246574160464e-06	2.2432584554846566e-05	0.0	3.145677895678318e-05	3.755304408216223e-06	0.0	0.0	2.015312859973296e-06	0.0
CMU.bins.252	0.0	1.9764207234166904e-06	0.0	1.3345976131985031e-05	1.672605591444385e-05	0.0	0.0	0.0	0.0	0.0	0.00010263144683217541	0.0	0.0	0.0	0.0	0.0	0.0	1.5522849553814675e-05	0.0	0.0	0.0	0.0
SHSU.bins.49	4.9446742754047666e-05	8.775392615962547e-07	2.7432566742082878e-05	1.1851346117203887e-05	1.4852887036016441e-05	0.0	9.88626167543403e-06	0.0	0.0001031984198198887	7.624286748660125e-05	4.5568759033512294e-05	0.0004416270199595007	0.0	0.0	0.0	0.0	3.848901648804587e-05	4.594806875922304e-06	0.0	0.0	0.0	0.0
CMU_advanced.final.11	9.737379305464554e-05	0.0004069695036393097	8.103304151474258e-05	0.0	0.0	0.0	0.0	0.0	0.0001016125399763294	0.0021207628519287363	0.0020190846344104642	0.006267701702500827	0.00027181860273192807	0.0	0.0	0.0	0.0041687295365258085	0.0	0.0	0.0	0.0	0.0
SHSU.bins.264	0.0	4.5269315955412966e-05	0.00019519363547242788	4.2163525416976185e-06	0.0	0.0	0.0	0.0	0.0034144850631747073	0.0001118902516359565	0.000616056241010864	0.00010835692443307806	0.0003777464571785939	2.1209246686115575e-05	3.905993793096416e-05	0.0	0.0001369322819285531	3.2693894847896612e-06	0.0	0.0	3.509087597396105e-06	4.206768327928048e-05
SHSU.bins.420	0.00038449807472753524	3.5219349853327185e-05	0.00013762314860540732	0.00016647563164636075	0.0003017800404138417	4.4313163292841164e-05	0.0003471801386020761	0.0004914045089918851	0.00020708939957145913	0.00018646569939622385	9.144331608738155e-05	0.00025975357055707017	0.0002982938688420488	0.00019938357944609774	5.507913518359808e-05	0.000144760108527793	3.861814244271491e-05	0.0001774936220294723	0.0	0.00010202161949936358	6.185284039381312e-05	5.9320414495002606e-05
UTK.bins.43	0.0	0.0	0.0	0.0	0.0	0.0	0.0	0.0	0.0	3.191384776212378e-05	0.0	0.0	0.0	0.0	0.0	0.0	0.0	0.0	0.0	0.0	0.0	0.0
SHSU.bins.399	0.024537467321553298	0.0031945490145830185	0.014264202746050069	0.048062740475316466	0.03138828896283413	0.012542304762377872	0.061056087995528634	0.022195962889307676	0.16524304369943474	0.01766383510091423	0.04105913973330694	0.026160607106026634	0.004077347340994683	0.003970034592509256	0.09449360518654855	0.01605629729087843	0.04952222261472852	0.04578126578550887	0.014177000805872576	0.04033104284890321	0.010672632554220428	0.04226811532825626
CMU.bins.70	0.0	9.424521157966157e-07	0.0	3.1820020314684093e-06	0.0	0.0	0.0	0.0	0.0	2.558834880029946e-06	0.0	0.0	0.0	0.0	0.0	0.0	0.0	4.934692222361097e-06	0.0	0.0	0.0	6.349541551516828e-05
CMU.bins.144	0.0	1.4567807698439222e-06	3.415506720854607e-05	7.377788072962635e-06	9.246329399893806e-06	1.8329280498325918e-05	1.6411916461196783e-05	5.081496258906894e-05	0.0	3.955275350838456e-06	0.0	2.528046686695344e-05	0.0	0.0	0.0	2.9938620354754705e-05	3.194730778457813e-05	9.53465449747098e-06	5.978362004915194e-05	1.7768103171207315e-05	1.637390498706455e-05	0.0
SHSU_active.final.30	0.0	0.0	0.0	0.0	0.0	0.0	0.0	0.0	0.0	0.0	0.0	0.0	0.0	1.421023710968893e-05	0.0	0.0	0.0	0.0	0.0	0.0	0.0	0.0
CMU.bins.307	0.0	2.66371246201061e-06	0.0	6.7451180667058445e-06	0.0	0.0	0.0	0.0	0.0	0.0	0.0	0.0	1.611469871904686e-05	0.0	0.0	0.0	0.0	1.7434034252638532e-06	0.0	0.0	0.0	0.0
CMU.bins.248	0.0	7.660999815527972e-07	0.0	0.0	1.2966709158433347e-05	0.0	0.0	0.0	0.0	0.0010316915306731117	0.000835421315613997	0.0014624111972359236	0.00014831003422787956	0.0	0.0	0.0	0.0038977456316574184	0.0	0.0	0.0	0.0	0.0
CMU_advanced.final.13	0.0	0.0	0.0	0.0	0.0	0.0	0.0	0.0	0.0	0.00032278940702202717	0.0	0.00024272176593070744	0.0	0.0	0.0	0.0	0.0	0.0	0.0	0.0	0.0	0.0
SHSU.bins.162	1.9039668681105846e-05	6.690428402243675e-05	0.0018485295783134325	4.563409345129836e-06	0.0	0.0	0.0	0.0	0.0	0.00022568699295900943	0.00014037154934453406	0.0002580076100828135	0.0	4.591007066205691e-05	0.0	0.0	0.0	0.0	0.0	4.12131257581143e-06	1.8989651103254424e-06	0.0
CMU.bins.249	0.0	2.2725541969586456e-06	0.0	1.0230432601173862e-05	0.0	0.0	0.0	0.00010569417042543967	0.0	0.0	0.0	0.0	0.0	0.0	0.0	0.0	0.0	7.932749749908904e-06	0.0	2.3098294622594162e-05	4.257174816619509e-06	0.0
CMU.bins.62	0.0	1.0152748092902723e-06	0.0	0.0	0.0	0.0	0.0	0.0	0.0	0.0	0.0	0.0	0.0	0.0	0.0	0.0	0.0	2.657997581136527e-06	0.0	0.0	0.0	0.0
SHSU.bins.123	3.582601868986061e-05	0.0001826895236776045	3.975186793180389e-05	0.0	0.0	0.0	0.0	0.0	4.9847422082751216e-05	0.0008861555545592766	0.012414126826408424	0.0002942304799220606	0.0	0.0	0.0	0.0	0.0	0.0	0.0	0.0	0.0	0.0
SHSU_advanced.final.206	0.0	0.0	0.0	0.0	0.0	0.0	0.0	0.0	0.0	0.0	0.0	0.0	0.0002891554967330405	0.0001114175723380669	0.0	0.0	0.0	0.0	0.0	0.0	0.0	0.0
SHSU.bins.246	0.0	7.650573716459492e-07	0.0	0.0	0.0	0.0	0.0	0.0	4.498527556238252e-05	8.308766636319522e-06	0.0	0.0	3.7027012545316114e-05	0.0	9.571706943496808e-05	0.0	0.0	0.0	0.0	0.0	0.0	0.0
SHSU.bins.380	0.0	1.0928069023631675e-06	0.0	4.058608240137606e-05	0.0	0.0	0.0	0.0	0.0023132485718072816	0.00017505643126877567	0.0	0.00018964203151261672	0.0	0.0	0.0	0.0	0.0	0.0	0.0	0.0	0.0	0.0
UTK.bins.52	0.0	1.2642724870435747e-06	0.0	4.268562342213947e-05	0.0	6.362852908696801e-05	0.0	0.0	0.0	0.0	0.0	0.0	0.0	0.0	0.0	0.0	0.0	2.31691113488701e-05	0.0	2.3130167619313615e-05	6.394572128688621e-05	0.0
SHSU_advanced.final.124	0.0	0.0	0.0	0.0	0.0	0.0	0.0	0.0	0.0	2.5340293841011603e-05	0.0	0.0002159526586593934	0.0	0.0	0.0	0.0	0.0	0.0	0.0	0.0	0.0	0.0
CMU.bins.340	0.0002101407327023382	3.0068307313547085e-05	0.00026231430016086186	0.00019674356194569544	0.00025051702374091913	0.00010557796567075025	0.000204823393275648	0.0005203519036308276	0.00021928848836806782	0.00015188452507187636	0.00010893391725173088	0.00015370721175161288	5.076412571564952e-05	2.6391104632144327e-05	0.0002916185292119759	7.664381774783438e-05	0.00014312561975431994	0.0001842880309587679	0.00011478602581476779	0.00015067540449164357	0.00013623265813313175	6.28148253488654e-05
SHSU.bins.201	6.46015092759663e-05	0.00016155138556619145	0.00014336114729645506	0.0012091296119576872	0.00013759968106949176	9.441968332354452e-05	4.227140661222972e-05	5.816969922697172e-05	0.0002819116221905462	0.000505975256956558	0.0003680345245000583	0.0001664017051998283	2.017732665664451e-05	1.8881516159567586e-05	6.519945323848817e-05	0.00023990227469818811	3.6571187161319035e-05	3.383540966800974e-05	5.132735677903424e-05	6.1019318719550006e-05	5.388838299522384e-05	0.00014044040431675326
UTK.bins.51	0.00017084174097620287	3.133023320080031e-05	0.00028434411513542047	0.000245683102429683	4.276475222447778e-05	5.086434125803077e-05	2.2771787252402227e-05	0.00014101314388436577	0.00011885250427567588	0.0001591522238790617	0.00015744335048100384	0.0001403081381120118	2.4456630644247958e-05	2.2885997345070532e-05	0.0	0.0002492417913773455	0.0	4.762610649478761e-05	0.0	0.00016024788350639042	0.0	0.0002723612165517356
CMU_early.final.61	0.0	0.0	0.0	0.0	0.0	0.0	0.0	0.0	0.0	0.0	0.0	0.0	0.0	0.0	0.0	9.183243734723209e-05	0.0	0.0	0.0	0.0	0.0	0.0
UTK.bins.19	0.0	5.413262816352034e-06	0.0	4.569201545187119e-06	0.0	0.0	0.0	0.0	0.0	0.0014587221605864961	0.00024596208637369613	0.004297753167402132	0.0	0.0	0.0	0.0	0.0	0.0	0.0	0.0	0.0	0.0
SHSU.bins.382	0.0	0.0	0.0	1.1520179113928812e-05	0.0	0.0	0.0	0.0	0.0	9.264052479532755e-06	0.0	0.0	0.0	0.0	0.0	0.0	0.0	0.0	0.0	0.0	0.0	0.0
SHSU.bins.549	0.0	0.0	0.0	4.0104730396615735e-06	0.0	0.0	0.0	0.0	0.0	6.450110341372415e-06	1.54203800265347e-05	0.0	0.0	0.0	0.0	0.0	0.0	0.0	0.0	0.0	0.0	0.0
SHSU.bins.48	0.0	4.535074294813787e-06	7.088497382971978e-05	0.0	9.594858377273542e-06	0.0	0.0	0.0	0.0001666635235593101	0.00012313093979107295	0.0	0.0010231020279060222	8.230767399545885e-05	0.00010269574911205433	3.546171720035983e-05	0.0	0.0	0.0	0.0	6.914192888352547e-06	0.0	0.0
SHSU_active.final.52	0.0	0.0	0.0	0.0	0.0	0.0	1.8899949379514663e-05	0.0	0.0004438989762111417	9.109786504851735e-06	0.0	2.911296090797686e-05	0.0	5.6984241409610444e-05	0.0	0.0	0.0	0.0	0.00013769357696439153	0.0	0.0	0.0
SHSU_advanced.final.156	0.0	0.0	0.0	0.0	0.0	0.0001513526454020098	0.0	0.0	0.0	0.00022862252247721418	7.808160919789272e-05	0.0004435965604944886	0.0	0.0	0.0	0.0	0.0	0.0	0.0	0.0	0.0	0.0
UTK.bins.176	0.0	3.4068459956153447e-06	0.0005990661633410268	0.0	7.2078645321944565e-06	0.0	0.0	0.0	0.0	3.0062052066050674e-05	0.0002432519061932794	4.434093904436475e-05	0.0	0.0	2.6639610409066334e-05	0.0	7.471238377147056e-05	0.0	0.0	0.0	7.179795063758559e-06	0.0
CMU.bins.8	0.0	0.0	0.0	0.0	0.0	0.0	0.0	0.00011375549493248235	0.0	0.0	0.0	0.0	0.0	0.0	0.0	0.0	0.0	0.0	0.0	0.0	0.0	0.0
SHSU.bins.499	0.0	0.0	0.0	0.0	0.0	0.0	0.0	0.0	0.0	4.8765753996296244e-05	0.0	0.00012987103527697323	0.0	0.0	0.0	0.0	0.00039388776172176237	0.0	0.0	0.0	0.0	0.0
SHSU.bins.492	1.3274337960831475e-05	0.0	0.0	0.0	0.0	0.0	0.0	0.0	0.0	1.0233982320342534e-05	0.0	1.635283344193323e-05	1.1401625631335575e-05	2.1338807659763343e-05	0.0	0.0	0.0	0.0	0.0	0.0	0.0	0.0
SHSU.bins.190	0.03371779006080187	0.005263814929704455	0.00782039571601133	0.04481491044319706	0.0031551069952269304	0.05971283091235646	0.006881687274074207	0.008895670352521853	0.0056411154435265275	0.0021365811493325505	0.002175612644830534	0.0059429479142876955	0.00023509655425699337	0.0002337483624564246	0.030045070100531302	0.006439007010488717	0.002609923883760121	0.0013575639860667857	0.0011462457077142454	0.012253083738844001	0.0010100705010167791	0.0037635917196374006
UTK.bins.33	0.0	9.866768418453575e-07	0.0	0.0	0.0	0.0	0.0	0.0004130037235117105	0.0	0.0	0.0	0.0	0.0	0.0	0.0	0.0	0.0	0.0	0.0	0.0	0.0	0.0
UTK.bins.127	0.00011080134806119433	3.932820248622175e-06	0.00028686713455986927	4.426126543772178e-06	1.1094230279961159e-05	3.298864989577025e-05	0.0	0.0	3.8541549198030344e-05	3.5593099158264807e-05	0.00010211167079757393	6.824886853849476e-05	0.0	0.0	0.0	0.0	0.0	3.432049959156631e-06	0.0	1.5989317354289917e-05	0.0	8.832144158143258e-05
SHSU.bins.186	0.012843245832201085	0.009815399123043165	0.0553006373848186	0.047272625467502626	0.003356653582146134	0.031493572447284394	0.0030328886004302676	0.004507444465221286	0.0034473156599361	0.0027710261452039485	0.0018018050199461602	0.004214985144919787	0.0005501196969599243	0.0005554316870271944	0.013771846796318403	0.0030982530983572443	0.0004723039341929809	0.0010587571331545924	0.000491017771815685	0.003670234522238909	0.0005412935609805177	0.0014509897545507975
SHSU.bins.450	0.0	3.684285070827551e-05	0.00011951981273514033	0.0	1.7648688854563033e-05	0.0	3.132581597157347e-05	0.0	0.0	0.0004963814485311465	0.0010829275720904885	0.00044634424124084327	0.0	0.0	0.0	0.0	0.0	0.0	0.0	4.239301563667343e-06	0.0	0.00037467119155128035
SHSU_active.final.35	0.0	8.024510283050128e-07	0.0	0.0	0.0	0.0	0.0	0.0	0.0	4.357438284833263e-06	0.0	0.0	4.530958445681776e-05	0.00010297082905610407	0.0	0.0	0.0	0.0	0.0	0.0	0.0	0.0
SHSU.bins.150	0.1290590085089625	0.03724764667210901	0.09130493917151729	0.28453916281395003	0.1595011196480424	0.19657436896739636	0.17966041410174863	0.15486224131951293	0.15767134444635258	0.19926369729574606	0.16492229097887692	0.15581182232328994	0.05126119983036727	0.054589961896598274	0.11057629245207388	0.09532280610616516	0.22442442121356268	0.10806460797051987	0.05554465491118479	0.14083106550487806	0.09254437949049134	0.10399021541011313
UTK.bins.27	3.8054199354710954e-05	5.853071177057356e-06	7.037373394634382e-05	2.7362394270600397e-05	5.334364653788532e-05	0.0	3.0433858000856447e-05	0.0005653803952915509	0.0	4.889710197473869e-06	0.0	1.5626500244638762e-05	0.0	0.0	0.00045063609149985584	0.0	0.0	3.300420479899608e-05	0.0	7.413466236964538e-05	4.0484507275528706e-05	0.0
SHSU.bins.402	0.0	7.4027513386011824e-06	0.0	0.0	0.0	0.0	0.0	0.0	0.0	1.1485184114988415e-05	0.0010708551712868288	0.0	0.0	4.789533825826062e-05	0.0	0.0	0.0008812900306143218	0.0	0.0	0.0	0.0	0.0
CMU.bins.204	0.0	5.5458431045066485e-06	2.476679235019933e-05	0.0	0.0	0.0	0.0	0.0	0.0	0.00014196997669910658	0.00034969515327920635	0.00016498414481477526	1.9171877424600905e-05	0.0	0.0	0.0	6.949761560216706e-05	0.0	0.0	4.831554502709353e-06	0.0	0.0
SHSU.bins.219	0.0	1.0179595090504076e-06	0.0	3.436934033989559e-06	0.0	0.0	0.0	0.0	5.985587909545696e-05	5.527683792766134e-06	0.0	0.0	0.0	0.0	0.0	0.0	8.929569865185203e-05	0.0	0.0	0.0	0.0	0.0
SHSU_advanced.final.153	0.0	3.247671109836825e-06	0.0	0.0	0.0	0.0	0.0	0.0	6.36541797207698e-05	8.22983764927378e-05	0.08786389584909955	5.6358959308829203e-05	0.00014408147325198687	4.902852402777472e-05	0.0	0.0	0.009638662616251101	0.0	0.0	0.0	0.0	0.0
SHSU.bins.292	0.04541590855131687	0.007051542869979902	0.007658384952969225	0.03414269533765418	0.00041348520316394205	0.015862233758273572	0.03169302195951809	0.03336565382068092	0.06033112404857595	0.0007735181730459431	0.0007146909475769764	0.017184588667863567	0.0346457379957513	0.046531303535700376	0.07983246120966192	0.0163203951969734	0.06374578262140555	0.002783469261363934	0.002654627212645294	0.0037392288151376304	0.0449717031903027	0.025916852332808788
CMU.bins.199	0.0001351389403231084	2.2021049032529374e-05	0.00014313176734878123	0.00010305897601920174	7.565099509009155e-05	7.681157704155283e-05	0.00011790262212925692	0.00012168434146405999	6.410077367671509e-05	4.735757222741478e-05	7.925300527587256e-05	8.323970261046702e-05	6.331298461175047e-05	2.4686237978908068e-05	2.727795553867976e-05	0.00021507779352500405	5.737702485722166e-05	4.109794752353473e-05	1.7895157804026696e-05	7.578942219932823e-05	3.4308624640159154e-05	0.0
CMU.bins.59	0.00015695075683137488	9.947972111198431e-06	0.0001617104431106137	7.254867671747014e-05	3.367509781441544e-05	6.0079684022403225e-05	2.6897464116956256e-05	0.0	0.0	8.859134545990113e-05	4.1326232751087315e-05	4.1432113254238066e-05	9.629181222280218e-06	9.911866983961938e-05	0.0	0.0	0.0	8.334034686671975e-06	0.0	4.853352500465782e-06	0.0	0.0
SHSU.bins.170	0.005496040239922777	0.0005344610122485808	0.0015872287379213802	0.0045593706450898965	0.02627884829444756	0.005312447893601557	0.005288599426375281	0.00205071982020669	0.009296930082895038	0.0036180892061793003	0.004324911287909345	0.0030607022313809957	0.0008083336865520982	0.0003227401343558186	0.015212225088781456	0.09237395715468444	0.07247341955748134	0.06703672943594324	0.10729050880256626	0.02941577397236381	0.08234911513997324	0.024845536071031585
CMU.bins.202	0.00019565332837954882	1.3889164759072574e-05	7.236443949222407e-05	3.126266530917213e-05	0.0	0.0	0.0	0.0	0.0	5.6565330716186815e-05	0.0	0.0	0.0	2.6209762669028628e-05	0.0	0.0	0.0	0.0	0.0	0.0	0.0	0.0
SHSU.bins.289	0.0	0.0	0.0	1.3625370134748098e-05	2.27682895222902e-05	0.0	0.0	0.0	1.9774380049336508e-05	2.008777070308459e-05	0.0	3.501617251147095e-05	0.0	0.0	4.2074742543108175e-05	0.0	0.0	0.0	0.0	0.0	0.00010016830274376806	9.062949214540704e-05
SHSU.bins.5	0.0	7.998128285407229e-07	0.0	0.0	0.0	0.0	0.0	0.0	0.0	1.737245314873744e-05	0.0	0.0	0.0	0.0	0.0	0.0	0.0	0.0	0.0	0.0	0.0	0.00010777083133391041
SHSU.bins.294	0.0	7.160466960248079e-06	9.593223811593784e-05	0.0	0.0	0.00020592772177316837	0.0	0.0	0.0	0.00018885775900362586	0.00045150540005671453	1.775147682184785e-05	0.0	0.0	0.0	0.0	0.0	0.0	0.0	0.0	0.0	0.0
SHSU.bins.263	0.01885781562684406	0.012119492917183906	0.05103755835731219	0.00967114209564276	0.007692603000733912	0.02163557849013266	0.04157832863498347	0.017494484760021425	0.04506703555431722	0.026874955589134476	0.004777963718069045	0.008965277435245481	0.000606831840048293	0.0006361749206043114	0.0298406410590228	0.09739932536781928	0.02237793014400384	0.007347038442208864	0.015506300162728305	0.007703960207065272	0.02281256673456707	0.009323974278322439
SHSU.bins.36	0.0	6.681832403011685e-07	0.0	0.0	1.130939926599624e-05	3.362845008769432e-05	0.0	0.0	7.85781422485806e-05	3.628341104496702e-05	0.0	0.0003478626444902084	1.6169269731641086e-05	1.5130859922437562e-05	0.0	0.0	0.0	0.0	0.0	1.6299440322370322e-05	7.5102372047646645e-06	0.0
SHSU.bins.277	0.019428125797014688	0.0033877242973237728	0.006436760231646256	0.023807240235441705	0.0028603873143548566	0.03568337070411913	0.03281142892280079	0.005962681495711388	0.0039215160131581325	0.005368983118812961	0.004774515317839485	0.010517367856841044	0.002836047654520094	0.00340170140810618	0.013407060722250052	0.007185739144973918	0.0021583610422857727	0.001108635125294514	0.0010097462710704256	0.04406781546429365	0.0007787218922958165	0.01369786634708734
UTK_advanced.final.10	0.0	0.0	0.0	0.0	0.0	0.0	0.0	0.0	4.834719023074308e-05	0.0	0.0	0.00018549382038583485	0.0	0.0	0.0	0.0	0.0	0.0	0.0	0.0	0.0	0.0
SHSU.bins.330	0.00024069030181779808	3.975846844777963e-05	0.0003081523297042906	0.00021078456208455392	0.0006451286181297979	0.00031420236425285425	0.0003479663885762635	9.16919930186429e-05	0.00032845000759972065	0.0005602559080477189	0.0003924397261247126	0.00022808429195471868	6.361051168041555e-05	0.00012649139427210577	0.0003699831351235957	0.00189077492769905	0.0008358764065572287	0.00011871179629267098	0.0003505951241186635	0.0002564903936005723	0.0006167639931852227	4.427489081861385e-05
SHSU.bins.565	0.0	8.490911241379535e-07	0.0	0.0	0.0	0.0	0.0	0.0	0.0	0.00015215317502778407	0.00039682375641655746	2.9469679004872485e-05	2.05470327419675e-05	0.0	0.0	0.0	0.0004841364300390648	0.0	0.0	0.0	0.0	0.0
CMU_advanced.final.23	0.0	1.8517887345519354e-05	0.0	0.0	0.0	0.0	0.0	0.0	0.0	0.0010519605273464525	0.0002219066647723267	0.0014337289894449522	0.0	0.0	0.0	0.0	0.0	0.0	0.0	0.0	0.0	0.0
CMU.bins.247	0.0	5.658847494410271e-07	0.0	0.0	0.0	0.0	0.0	0.0	0.0	0.0	0.0	0.0	0.0	0.0	0.0	0.0	0.0	0.0	0.0	0.0	0.0	0.0
SHSU.bins.79	7.412524511768337e-06	4.7358451768759126e-06	8.224796123759508e-06	1.776625617569939e-05	0.0	0.0	0.0	0.0	0.00013923359626516268	0.00014144022678605204	9.563657236652663e-05	2.739475244125852e-05	5.730104622427925e-05	0.00035151612850288494	6.583401336733309e-05	2.1628322309639065e-05	0.0	0.0	0.0	0.0	0.0	3.545177866267757e-05
CMU.bins.43	0.0003502715045149223	3.066719726003926e-05	0.00028501333498275803	0.0002518580624907503	4.2086007268529755e-05	0.0002085710325660955	0.00033615562896401074	0.0001734686378736083	4.873586519240185e-05	9.22654048568943e-05	6.456016929777047e-05	0.00015821810297690989	0.0003810840379488608	0.00022522772418949173	0.00038886512895750896	6.813495577332192e-05	0.0	6.509753974153259e-05	0.00010204277739379178	0.0002805320111260744	4.192210988898177e-05	5.5841280644872775e-05
UTK.bins.200	0.0	0.0	0.0	0.0	0.0	0.0015392724617432569	0.0	0.0	0.0	0.00010831286222309734	0.0	0.00011538176134124015	0.0	0.0	0.0	0.0	0.0	0.0	0.0	0.0	0.0	0.0
UTK.bins.107	0.0	2.21299110228031e-05	0.0	0.0	0.0	0.0	0.0	0.0	0.0	0.00012016899427720373	0.025583925703121933	0.0007882822141217284	0.0	0.0	0.0	0.0	0.0	0.0	0.0	0.0	0.0	0.00023541289752337694
CMU.bins.328	1.611643680886432e-05	2.002149121117987e-06	0.0	0.0	1.2102704214509082e-05	0.0	0.0	7.98151712182303e-05	0.0	6.212565980359502e-06	1.4852477988729461e-05	0.0	2.768554738943674e-05	0.0	0.0	0.0	2.5089867191951223e-05	5.990444055989283e-06	0.0	3.4885516409387288e-06	1.2859269487301045e-05	0.0
CMU.bins.124	7.25588016502839e-05	1.0301705079594158e-05	0.00034216702194485895	6.086792460195334e-05	1.0897666292718574e-05	0.00012961664888175428	2.901447404745482e-05	0.0001796704867250259	7.571740253078112e-05	6.642865409736393e-05	0.00010030238267712961	8.938615428003258e-05	1.5580591595782412e-05	4.37399851034445e-05	4.027677617803829e-05	0.0	0.0	0.0	5.284547418657894e-05	3.53385503627585e-05	3.618406844044759e-06	0.0
CMU.bins.233	0.0	8.731931819845551e-07	0.0	0.0	0.0	0.0	0.0	0.0	0.0	0.0	0.0	0.0	1.0565143438287194e-05	0.0	0.0	0.0	0.0	0.0	0.0	0.0	0.0	0.0
SHSU.bins.351	0.0017496229220570366	2.6260154653786484e-05	0.011980899266917259	3.594411035546928e-05	2.1022173635616786e-05	0.0	0.00015191989501246988	0.0	0.00012519682764983376	0.00013296195817755213	7.371006490687902e-05	0.0005419251972035749	0.17112058949223635	0.15285052891075268	0.0	0.0002917179462741416	6.225805414368751e-05	3.716177414382094e-05	8.737858345713024e-05	2.164126377255994e-05	0.0001495736438259905	0.0
CMU.bins.130	1.0003897984989091e-05	5.326228124128148e-06	0.0	1.438634614227377e-05	1.953241073230553e-05	1.7870633360743243e-05	4.0003118686697616e-06	0.0	1.043938297019663e-05	2.8922265253118754e-06	0.0	0.0	0.0	4.4224104004976454e-05	0.0	0.0	0.0	8.36646168156193e-06	0.0	0.0	5.98657005458618e-06	0.0
SHSU_advanced.final.149	1.1451852417033499e-05	1.2194270910502865e-06	0.0	1.0979074608577557e-05	8.599803441854698e-05	0.0	0.0	0.0	2.3900727642288825e-05	4.193735911700996e-05	2.1107453405123172e-05	5.6430759328332294e-05	9.836250270068855e-06	0.0	0.0	0.0	0.0	1.2769878987644571e-05	0.0	0.0	1.1421749873883395e-05	0.0
SHSU.bins.40	0.0	0.0013791188767826239	0.00018732853726661407	1.9268848190559273e-06	2.4148987432680005e-06	0.0	0.0	0.0	0.0006208160387589812	6.817897481009167e-05	4.445359695927595e-05	0.0	5.524205574909308e-05	0.0001292357937139048	7.140192449787516e-05	2.3457537659226795e-05	0.0	5.976480458189752e-06	0.0	0.0	1.2829308474516097e-05	0.0
SHSU.bins.531	0.0	9.312417167982087e-06	0.0	0.0	0.0	0.0	0.0	0.0	0.0001216820329965542	0.000898985812453504	0.0005910356793452452	0.001185100021909667	0.0001502332346717273	0.0	0.0	0.0	0.0065351071057853	5.4177714462345265e-06	0.0	0.0	0.0	0.0
UTK_advanced.final.34	0.0	0.0	0.0	0.0	0.0	0.0	0.0	0.0	0.0	0.0013294311818064426	0.0003302126719822576	0.0016552936496287383	0.0	0.0	0.0	0.0	0.0	0.0	0.0	0.0	0.0	0.0
SHSU.bins.512	0.027952682340594035	0.0073256603454888766	0.029811679199359745	0.054435945538344285	0.056235004350230135	0.04702595210660999	0.04849605340787457	0.03002165843998886	0.020949714933394425	0.04087941329064585	0.022932673526628075	0.027267037406567184	0.00856552697680371	0.006015338776501749	0.027335276550318564	0.0491601585201716	0.030845956171218627	0.022968809380434902	0.009674949597278921	0.0301741198943106	0.018009537685020914	0.01999965888693665
SHSU_active.final.139	0.0	1.839107335684955e-06	5.749194688493708e-05	3.104688630703818e-06	0.0	0.0	0.0	0.0	0.0	2.2469961312106362e-05	0.0	1.5957624334582263e-05	2.2252156135486108e-05	6.246926329397674e-05	0.0	0.0	0.0003226542167290107	2.4073978206275656e-06	0.0	2.803910711405807e-06	0.0	0.0
SHSU.bins.132	0.0	1.418945873224281e-06	0.0	0.0	0.0	0.0	0.0	0.0	0.0	0.0004083706629759607	0.00011052429135760207	0.0005663501538381454	0.0	0.0	0.0	0.0	0.0	0.0	0.0	0.0	0.0	0.0
SHSU.bins.13	1.1026611290148946e-05	1.2915614846054393e-05	0.0001345841692986593	6.607119065341104e-05	2.6497534280254384e-05	0.00011818534545264901	0.0	0.00016382508965959343	6.903970318950946e-05	7.438443279161777e-05	0.00010161836676473467	0.00024450905641619063	0.0	3.5451052789383484e-05	0.0	6.434709712016704e-05	3.4332163947350524e-05	3.483782051004373e-05	0.0	2.3868132543358134e-05	0.0	5.273682288629541e-05
UTK.bins.71	0.0	2.1567378073062605e-05	7.096985381035695e-05	0.0	0.0	0.00011425763427443385	0.0	0.0	0.0	0.024606345961471165	0.008252259549352919	0.04447939508197367	0.0	5.140933954352541e-05	0.0	0.0	0.0	0.0	0.0	0.0	0.0	0.00030590519474824025
CMU.bins.184	3.0825490197789916e-05	1.3285870812973872e-05	8.306536105112985e-05	0.0001308771212943093	4.8942573823524186e-05	2.3599542079272636e-05	8.45235032250934e-05	0.00023989523557140242	0.0006157751392562458	3.140403184579757e-05	8.116550540318769e-06	4.882412926213729e-05	3.0259093983375267e-05	2.1236853680500416e-05	4.888842592659933e-05	3.854694629390086e-05	4.1133195559780366e-05	3.4373289583247346e-05	3.8486727331915904e-05	2.859626105671267e-05	2.1960346370908023e-05	6.318371943900503e-05
SHSU.bins.27	0.00010725581200326805	1.5227895639463664e-05	0.00011900900285166626	5.1413960508458364e-05	0.00010470736820427192	0.00011974896592169607	4.288895259195569e-05	0.0005311748016264268	0.00016788725343859403	9.819428388381405e-05	0.0	0.0004294219566442296	0.00010364001391866425	0.000107760098081984	5.95367970887085e-05	3.911899609049769e-05	4.1743625345482885e-05	3.23917248955144e-05	0.0	7.835573193518926e-05	1.8720443988378496e-05	0.00012824272133623722
SHSU.bins.39	0.0	0.0	0.0	5.78942105725448e-05	5.023167473985883e-05	0.00013276761982696677	0.0	9.201927295803066e-05	3.8779064174600444e-05	1.0743722236681216e-05	0.0	0.00022889795217573386	0.0	1.493444196238827e-05	0.0	0.0	0.0	1.0359594367471924e-05	0.00010826034406292242	0.0	4.447646697897575e-05	0.0
SHSU.bins.513	5.4608258294154094e-05	1.1145133004238092e-05	0.0038324603257391507	3.435720433977557e-05	4.920991180617339e-05	0.0	0.0	3.3805283739261455e-05	0.005712784436456667	0.0012774947903305286	0.0006416500427146434	0.0003363632213666109	2.3452113412419445e-05	1.0973000768131147e-05	0.0	0.0	0.0	1.268609400084792e-06	0.0	5.910228391686196e-06	1.0892953648235734e-05	0.0
SHSU.bins.393	0.0	3.487224488433928e-06	0.0	1.1773919116438173e-05	0.0	0.0	0.0	0.0	0.0	0.0	0.0	0.0	0.0527839721818018	0.06779354621103675	0.0	0.0	0.0	9.129580561305002e-06	0.0	2.126654581112801e-05	9.798924181392027e-06	0.0
SHSU_advanced.final.37	0.0	0.0	0.0	2.857177028256052e-06	0.0	0.0	0.0	0.0	0.0	0.0	0.0	0.0	0.0	0.0	0.0	0.0	0.0	0.0	0.0	0.0	0.0	0.0
SHSU.bins.483	0.0	0.0	1.522202752755108e-05	3.2880888325175546e-06	4.1208493325482245e-06	0.0	0.0	0.0	0.0	5.288287732057131e-06	0.0	3.3800527181264234e-05	0.0	0.0	6.092112836979143e-05	4.0028580767077574e-05	0.0	0.0	0.0	0.0	0.0	0.0
UTK.bins.55	4.72515340990356e-05	5.031487550461746e-06	1.0485879607961144e-05	3.6240640358401815e-05	5.6773946315251664e-05	0.00011817204044865784	6.802096776687163e-05	4.680177133231196e-05	9.861689027183826e-05	2.3678886113690974e-05	0.0	5.820979381157286e-05	0.0	2.2787381365128666e-05	4.1966301521089656e-05	0.0	0.0001471211183516602	5.79588338664934e-05	2.753109939083376e-05	3.886651199964092e-05	6.409322734982992e-05	0.0
SHSU.bins.276	0.006633796979409591	0.00035780404803199736	0.005092935838199477	0.00914343409042399	0.051505046657214316	0.021179082353195232	0.03987347169095393	0.031009051257123714	0.04207768384920481	0.00413123902195833	0.01021581868006705	0.013037213541308743	0.00025291016836812615	0.00013225562309968238	0.010383686108365929	0.06001414266083131	0.015612452519092419	0.14355361737794528	0.0472550946858192	0.022277792707044813	0.036685410654380086	0.031727384752618194
SHSU_advanced.final.129	1.3892203145191695e-05	9.861894518889034e-07	3.0829062967274155e-05	1.3318678131715068e-05	2.5037765374996448e-05	0.0	0.0	0.0	0.0	3.2131010726481804e-05	0.00017923754193184316	1.71139896486867e-05	0.0	0.0	9.253728878932634e-05	8.106959117416655e-05	0.0	5.163701186272468e-06	0.0	6.014194380985434e-06	5.542282364999959e-06	0.0005315368698815657
SHSU.bins.222	0.0	0.0	0.0	0.0	0.0	0.0	0.0	0.0	0.0	1.165473908716012e-05	2.7863168854851153e-05	1.8623058058596157e-05	0.0	0.0	0.0	0.0	0.0	0.0	0.0	0.0	0.0	0.0
UTK.bins.143	0.0	0.0	0.0	0.0	0.0	0.0	0.0	0.0	0.0	1.559237444089375e-05	0.0	4.27114116017349e-05	0.0	0.0	0.0	0.0	0.0	0.0	0.0	0.0	0.0	0.0
UTK.bins.134	4.7455336159846594e-05	6.7375823980307e-06	2.632775399411276e-05	6.255727461866016e-05	7.127349537420048e-06	0.0	3.795241875402209e-05	0.0001175091642373028	0.0	1.8293070997640576e-05	0.0	5.8460865879771766e-05	0.0	0.0	0.0	0.0	0.0	1.3229277415249765e-05	0.0	5.1360734713665554e-05	3.78645161575274e-05	0.0
SHSU.bins.361	0.0	1.8950961306826364e-06	0.0	0.0	1.0691880306074517e-05	0.0	0.0	0.0	0.0	3.430225937012453e-05	0.00016401397091841003	4.3849141910777495e-05	3.057277005576731e-05	0.0	0.0	0.0	0.0009974303098421154	0.0	0.0	0.0	0.0	0.0
SHSU.bins.453	0.022245901637789972	0.012594288874763262	0.00828309811045966	0.01795866017760217	0.0056443606336691425	0.02598487779481372	0.0070448210687185245	0.00918970729806621	0.01144021887146817	0.014486829622341844	0.003577396438147281	0.005649166134487516	0.0002198369607352928	0.00017143230513128632	0.005493485115430179	0.03690429187797785	0.0015938085404775737	0.000586661157550356	0.0009941759268905044	0.0037580816131971943	0.0014380359136379661	0.003774328022260827
SHSU.bins.118	0.0	0.0	0.0	0.0	0.0	0.0	0.0	0.0	0.0	1.7639851104850617e-05	0.0	0.0	0.0	0.0	0.0	0.0	0.0	0.0	0.0	0.0	0.0	0.0
CMU.bins.102	0.0	8.605414231149266e-07	0.0	8.716337086200215e-06	0.0	0.0	0.0	6.00342948816486e-05	0.0	2.336440616530516e-06	0.0	0.0	0.0	9.74338901822975e-06	0.0	3.537037142339241e-05	0.0	2.2529046449735432e-06	0.0	0.0	4.836153063680817e-06	0.0
CMU.bins.9	0.0	6.226914843656293e-06	1.9465815559458157e-05	0.0	2.6348558289923236e-05	0.0	0.0	0.0001737643678188391	0.0	2.3669201115280533e-05	0.0	4.322390774094464e-05	0.0	0.0	0.0	5.1188251799044504e-05	5.4622650824172203e-05	2.282294140342167e-05	0.0	1.1392295827441115e-05	3.4994594932876054e-06	0.0
CMU.bins.300	0.0	0.0	0.0	0.0	0.0	0.0	0.0	5.228858731615364e-05	0.0	0.0	0.0	0.0	0.0	0.0	0.0	0.0	0.0	0.0	0.0	0.0	0.0	0.0
CMU_active.final.40	0.0	1.4957184663650337e-06	0.0	0.0	0.0	0.0	0.0	0.0	0.0	0.0	0.0	0.0	0.0	0.0	0.0	0.0	0.0	0.0	0.0	0.0	0.0	0.0
CMU.bins.121	0.00017340819174198712	2.2888945954987124e-05	0.00035475693907284706	0.0002766491427359217	3.255540288708599e-05	4.8401694519298314e-05	0.00014301717530474615	0.0005904174906546808	0.0011422909873175634	4.3867317800254535e-05	5.992814398941655e-05	0.00010013619720007537	1.8618031296780973e-05	1.7422357456355213e-05	2.4064358886171817e-05	3.162323575575769e-05	0.0	1.9135210984556725e-05	0.0	3.7535806136604626e-05	1.621430091895838e-05	2.5917445332953686e-05
CMU.bins.160	0.0	0.0	2.2167994943036992e-05	4.788477447355647e-06	0.0	0.0	0.0	0.0	0.0	0.0	0.0	0.0	0.0	0.0	0.0	0.0	0.0	0.0	0.0	0.0	0.0	0.0
CMU.bins.187	0.0	1.351955979209493e-06	0.0	2.1301502210661205e-05	0.0	0.0	2.0307977333289104e-05	0.0	0.00010599305954420867	4.894226196732678e-06	0.0	0.0	2.181052703356429e-05	1.0204908924358261e-05	0.0	0.0	0.0	0.0	0.0	0.0	0.0	0.00012144626567551647
CMU.bins.196	1.2775500311987e-05	4.5345790948580307e-07	0.0	6.124036060563655e-06	0.0	0.0	0.0	0.0	0.0	2.462349695865625e-06	0.0	0.0	0.0	0.0	0.0	0.0	0.0	9.497247503365803e-06	3.7218183991370366e-05	8.29612214611665e-06	1.0193546349785002e-05	0.0
CMU.bins.23	0.0	0.0008802894713505372	7.84749320982985e-05	0.0	1.4162955080794473e-05	0.0	0.0	3.891758279246367e-05	0.0024601191573190863	0.00016206339340126452	0.0005648771776038738	5.808457977756087e-05	4.049808934639205e-05	2.526483786122293e-05	0.0	4.585812669427175e-05	4.8934902820913016e-05	0.0	0.0	0.0	0.0	0.0
CMU.bins.293	0.0	0.0	0.0	0.0	0.0	0.0	0.0	0.0	0.0	5.476401401182882e-05	0.0	0.0	0.0	0.0	0.0	0.0	0.0	0.0	0.0	0.0	0.0	0.0
CMU.bins.297	0.0	0.0	0.0	0.0	4.455147410851578e-06	0.0	0.0	0.0	0.0	0.0	0.0	0.0	0.0	0.0	0.0	0.0	0.0	0.0	4.32082065994159e-05	0.0	2.9585322624634076e-06	0.0
SHSU_active.final.81	0.0	0.0	0.0	0.0	0.0	0.0	0.0	0.0	0.0	0.006229584977566251	0.0013012069866213491	0.018301404971225274	0.0	0.0	0.0	0.0	0.0	0.0	0.0	0.0	0.0	0.0002936031917422335
SHSU_advanced.final.170	0.0	0.0	0.0	0.0	0.0	0.0	0.0	0.0	0.0	0.0	0.0	0.0	0.0	0.0	6.689804358338016e-05	0.0	0.0	0.0	0.0	0.0	0.0	0.0
SHSU.bins.154	0.017048710087038444	0.003242280510318448	0.014387929717825473	0.00548603665425416	0.01050243031837022	0.004712474113624423	0.009488670688486942	0.023789210594238202	0.039224809130629486	0.04327663789720016	0.016183355077325948	0.013985527798900103	0.026525166121636988	0.030148919867818234	0.00993713901769633	0.023972505476120204	0.03927036921374418	0.015971678483085474	0.022558586055942666	0.0048466045011603225	0.07124625040216435	0.018015090402005354
SHSU.bins.164	0.01778830430772049	0.002512726575500444	0.011981642766747652	0.00437502204326678	0.017299330877237097	0.007617520885065829	0.021092450307534857	0.008278016466911352	0.023448608686888552	0.046348160393085	0.0568205437825436	0.015572387229940001	0.0006689049543738988	0.0005572456866582335	0.0036691928450149304	0.005708480370241344	0.021201914556855873	0.06454604482844052	0.02669940916756319	0.00718077756091416	0.041837142852724676	0.013535842307496604
SHSU.bins.167	0.0	0.0	0.0	0.0	0.0	0.0	0.0	0.0	0.0	0.0008754432563174378	0.0	0.0015658096253221212	0.0	0.0	0.0	0.0	0.0	0.0	0.0	0.0	0.0	0.0
SHSU.bins.259	0.0	0.0	0.0	0.0	0.0	0.0	0.0	0.0	0.0	0.0	0.0	0.00013398029639317507	0.0	0.0	0.0	0.0	0.0	0.0	0.0	0.0	0.0	0.0
SHSU.bins.365	0.0	0.0	0.0	0.0	0.0	0.0	0.0	0.0	0.0	0.007356811792559586	0.0029814024984719644	0.021503259840947673	0.0	0.0	0.0	0.0	0.0	0.0	0.0	0.0	0.0	0.0
SHSU.bins.384	5.255798768238902e-05	1.616776855549072e-05	0.00017495209008992922	0.00015536365153646884	7.367476921835276e-05	0.0001564796869399941	4.203326262004799e-05	8.676290793150947e-05	0.0002193836783586777	0.0009083258509205655	0.0009041400601886038	0.002352471639003753	4.514322541842442e-05	0.0003238713641257305	0.0	0.00010223616364798953	5.4547740850470094e-05	5.209516879052551e-05	5.10381987014086e-05	7.584448519366084e-06	1.7473300456198035e-05	0.0
SHSU.bins.47	0.0	4.352210111151788e-06	0.0	0.0	0.0	0.0	0.0	0.0	0.0	0.0	0.0	0.0	0.0	0.0	0.0	0.0	0.0	0.0	0.0	0.0	0.0	0.0
SHSU.bins.56	0.006182877344863018	0.0021203223105598036	0.03816558929366577	0.00552462105463574	0.000795384048377905	0.0019393589817592108	0.0041400428640823925	0.003540657544270223	0.004503983555700039	0.0127513159071839	0.010151419675780008	0.008171304419577956	0.0038436551870618062	0.00725746822385709	0.001998973405883554	0.003708526481362948	0.003586346440977218	0.00429367132337708	0.001157103610629093	0.0016163252336387553	0.0015343943547559918	0.10042664953935225
SHSU_early.final.2	0.0010500125133054638	0.7532584327001254	0.00824389811940196	0.00010413765102986929	0.00015008898025891	9.055140716315837e-05	0.00021428040296517437	0.0	0.00596978541110455	0.0004215073308198986	0.0011211543746352467	0.00019625882330994118	0.000180375841628219	0.00033176336252052646	0.000257259212235454	0.0011409765943040935	9.018729833884704e-05	2.9607981334193688e-05	2.1096187663355964e-05	6.896922290130134e-05	8.666926698346627e-05	0.00010390108538833412
UTK.bins.114	0.00024515983315142844	2.2204559016133676e-05	3.752062944079401e-05	0.00025732687254483407	0.0002640934828597784	0.00012081253624074057	0.0001352183155607827	0.0003349331979703718	0.00019407940085484346	0.0001042804468849195	9.34894262235911e-05	8.331467263083118e-05	3.63057143788506e-05	2.0384482853869572e-05	0.00024401637954654982	0.0002466652722934758	5.264297951915561e-05	0.00034721881528314096	7.388391583443274e-05	0.000397088129129466	0.00020404401706956092	4.043179587954976e-05
UTK.bins.162	0.0	3.7664231634889226e-06	0.0	0.0	0.0	0.0	0.0	0.0	0.0	0.0012322496977564023	0.0002444780162749016	0.0008823762796805747	0.0	0.0	0.0	0.0	0.000743381439028512	0.0	0.0	0.0	0.0	0.0