SampleID,true_add,predicted_add,body_id
soil.hip.CMU.16.12.2016.10.day.day1,0,48.31,16-12
soil.hip.CMU.16.12.2016.10.day.day2,5.55,40.36,16-12
soil.hip.CMU.16.12.2016.10.day.day3,11.1,40.36,16-12
soil.hip.CMU.16.12.2016.10.day.day4,14.4,40.36,16-12
soil.hip.CMU.16.12.2016.10.day.day5,16.9,39.94,16-12
soil.hip.CMU.16.12.2016.10.day.day6,20.8,140.67,16-12
soil.hip.CMU.16.12.2016.10.day.day7,25.8,140.67,16-12
soil.hip.CMU.16.12.2016.10.day.day8,26.1,71.94,16-12
soil.hip.CMU.16.12.2016.10.day.day9,26.1,140.67,16-12
soil.hip.CMU.16.12.2016.10.day.day10,26.1,140.67,16-12
soil.hip.CMU.16.12.2016.11.day.day11,26.1,71.94,16-12
soil.hip.CMU.16.12.2016.11.day.day12,26.1,96.4,16-12
soil.hip.CMU.16.12.2016.11.day.day13,26.1,153.23,16-12
soil.hip.CMU.16.12.2016.11.day.day14,26.1,153.23,16-12
soil.hip.CMU.16.12.2016.11.day.day15,27.5,140.67,16-12
soil.hip.CMU.16.12.2016.11.day.day16,27.5,200.47,16-12
soil.hip.CMU.16.12.2016.11.day.day17,27.5,140.67,16-12
soil.hip.CMU.16.12.2016.11.day.day18,27.5,153.23,16-12
soil.hip.CMU.16.12.2016.11.day.day19,27.5,140.67,16-12
soil.hip.CMU.16.12.2016.11.day.day20,27.5,195.24,16-12
soil.hip.CMU.16.12.2016.11.day.day21,31.1,153.23,16-12
,,,
soil.hip.CMU.16.14.2016.11.day.day1,0,32.96,16-14
soil.hip.CMU.16.14.2016.11.day.day2,0,37.11,16-14
soil.hip.CMU.16.14.2016.12.day.day3,0,37.76,16-14
soil.hip.CMU.16.14.2016.12.day.day4,0,37.76,16-14
soil.hip.CMU.16.14.2016.12.day.day5,0,81.4,16-14
soil.hip.CMU.16.14.2016.12.day.day6,0,72.46,16-14
soil.hip.CMU.16.14.2016.12.day.day7,1.4,81.4,16-14
soil.hip.CMU.16.14.2016.12.day.day8,1.4,50.94,16-14
soil.hip.CMU.16.14.2016.12.day.day9,1.4,81.4,16-14
soil.hip.CMU.16.14.2016.12.day.day10,1.4,72.46,16-14
soil.hip.CMU.16.14.2016.12.day.day11,1.4,48.03,16-14
soil.hip.CMU.16.14.2016.12.day.day12,1.4,72.46,16-14
soil.hip.CMU.16.14.2016.12.day.day13,5,72.46,16-14
soil.hip.CMU.16.14.2016.12.day.day14,6.95,81.4,16-14
soil.hip.CMU.16.14.2016.12.day.day15,6.95,72.46,16-14
soil.hip.CMU.16.14.2016.12.day.day16,8.05,50.94,16-14
soil.hip.CMU.16.14.2016.12.day.day17,12.75,50.94,16-14
soil.hip.CMU.16.14.2016.12.day.day18,19.4,148.99,16-14
soil.hip.CMU.16.14.2016.12.day.day19,19.4,72.46,16-14
soil.hip.CMU.16.14.2016.12.day.day20,19.4,72.46,16-14
soil.hip.CMU.16.14.2016.12.day.day21,19.4,50.94,16-14
,,,
soil.hip.CMU.17.10.2017.08.09.day1,0,32.93,17-10
soil.hip.CMU.17.10.2017.08.10.day2,25.55,32.93,17-10
soil.hip.CMU.17.10.2017.08.11.day3,49.75,32.93,17-10
soil.hip.CMU.17.10.2017.08.12.day4,72,29.43,17-10
soil.hip.CMU.17.10.2017.08.13.day5,97,95.8,17-10
soil.hip.CMU.17.10.2017.08.14.day6,122.55,149.25,17-10
soil.hip.CMU.17.10.2017.08.15.day7,146.45,149.25,17-10
soil.hip.CMU.17.10.2017.08.16.day8,169.5,193.3,17-10
soil.hip.CMU.17.10.2017.08.17.day9,193.95,193.3,17-10
soil.hip.CMU.17.10.2017.08.18.day10,219.2,225,17-10
soil.hip.CMU.17.10.2017.08.19.day11,244.45,274.3,17-10
soil.hip.CMU.17.10.2017.08.20.day12,270.85,340.1,17-10
soil.hip.CMU.17.10.2017.08.21.day13,297.25,340.1,17-10
soil.hip.CMU.17.10.2017.08.22.day14,322.8,340.1,17-10
soil.hip.CMU.17.10.2017.08.23.day15,348.05,340.1,17-10
soil.hip.CMU.17.10.2017.08.24.day16,373.85,340.1,17-10
soil.hip.CMU.17.10.2017.08.25.day17,398.55,340.1,17-10
soil.hip.CMU.17.10.2017.08.26.day18,424.7,340.1,17-10
soil.hip.CMU.17.10.2017.08.27.day19,451.65,340.1,17-10
soil.hip.CMU.17.10.2017.08.28.day20,477.8,340.1,17-10
soil.hip.CMU.17.10.2017.08.29.day21,504.75,340.1,17-10
,,,
soil.hip.CMU.17.12.2017.10.10.day1,0,40.15,17-12
soil.hip.CMU.17.12.2017.10.11.day2,12.8,40.15,17-12
soil.hip.CMU.17.12.2017.10.12.day3,28.65,37.11,17-12
soil.hip.CMU.17.12.2017.10.13.day4,41.7,69.15,17-12
soil.hip.CMU.17.12.2017.10.14.day5,50.05,61.57,17-12
soil.hip.CMU.17.12.2017.10.15.day6,58.65,61.57,17-12
soil.hip.CMU.17.12.2017.10.16.day7,68.95,61.57,17-12
soil.hip.CMU.17.12.2017.10.17.day8,80.35,61.57,17-12
soil.hip.CMU.17.12.2017.10.18.day9,93.95,61.57,17-12
soil.hip.CMU.17.12.2017.10.19.day10,107.85,31.91,17-12
soil.hip.CMU.17.12.2017.10.20.day11,125.05,31.91,17-12
soil.hip.CMU.17.12.2017.10.21.day12,132.55,138.38,17-12
soil.hip.CMU.17.12.2017.10.22.day13,141.75,138.38,17-12
soil.hip.CMU.17.12.2017.10.23.day14,153.7,138.38,17-12
soil.hip.CMU.17.12.2017.10.24.day15,166.75,138.38,17-12
soil.hip.CMU.17.12.2017.10.25.day16,179,138.38,17-12
soil.hip.CMU.17.12.2017.10.26.day17,190.95,138.38,17-12
soil.hip.CMU.17.12.2017.10.27.day18,200.4,138.38,17-12
soil.hip.CMU.17.12.2017.10.28.day19,211.5,138.38,17-12
soil.hip.CMU.17.12.2017.10.29.day20,222.9,152.3,17-12
soil.hip.CMU.17.12.2017.10.30.day21,232.9,138.38,17-12
,,,
soil.hip.SHSU.2016.064.2016.08.25.day1,0,40.44,2016.064
soil.hip.SHSU.2016.064.2016.08.26.day2,27.5,40.44,2016.064
soil.hip.SHSU.2016.064.2016.08.27.day3,55.28,40.44,2016.064
soil.hip.SHSU.2016.064.2016.08.28.day4,82.22,61.21,2016.064
soil.hip.SHSU.2016.064.2016.08.29.day5,109.44,247.83,2016.064
soil.hip.SHSU.2016.064.2016.08.30.day6,137.5,195.43,2016.064
soil.hip.SHSU.2016.064.2016.08.31.day7,166.39,195.43,2016.064
soil.hip.SHSU.2016.064.2016.09.01.day8,195.56,195.43,2016.064
soil.hip.SHSU.2016.064.2016.09.02.day9,223.06,247.83,2016.064
soil.hip.SHSU.2016.064.2016.09.03.day10,250.28,247.83,2016.064
soil.hip.SHSU.2016.064.2016.09.04.day11,278.06,329.69,2016.064
soil.hip.SHSU.2016.064.2016.09.05.day12,306.94,329.69,2016.064
soil.hip.SHSU.2016.064.2016.09.06.day13,335.56,354.74,2016.064
soil.hip.SHSU.2016.064.2016.09.08.day15,393.61,339.49,2016.064
soil.hip.SHSU.2016.064.2016.09.09.day16,422.22,339.49,2016.064
soil.hip.SHSU.2016.064.2016.09.10.day17,449.44,323.03,2016.064
soil.hip.SHSU.2016.064.2016.09.11.day18,476.11,323.03,2016.064
soil.hip.SHSU.2016.064.2016.09.12.day19,503.33,323.03,2016.064
soil.hip.SHSU.2016.064.2016.09.13.day20,530.83,323.03,2016.064
soil.hip.SHSU.2016.064.2016.09.14.day21,558.61,323.03,2016.064
,,,
soil.hip.SHSU.2016.065.2016.08.25.day1,0,33.06,2016.065
soil.hip.SHSU.2016.065.2016.08.26.day2,27.5,33.06,2016.065
soil.hip.SHSU.2016.065.2016.08.27.day3,55.28,29.43,2016.065
soil.hip.SHSU.2016.065.2016.08.28.day4,82.22,96.11,2016.065
soil.hip.SHSU.2016.065.2016.08.29.day5,109.44,127.93,2016.065
soil.hip.SHSU.2016.065.2016.08.30.day6,137.5,193.3,2016.065
soil.hip.SHSU.2016.065.2016.08.31.day7,166.39,225,2016.065
soil.hip.SHSU.2016.065.2016.09.01.day8,195.56,257.53,2016.065
soil.hip.SHSU.2016.065.2016.09.02.day9,223.06,340.2,2016.065
soil.hip.SHSU2016.065.2016.09.03.day10,250.28,340.2,2016.065
soil.hip.SHSU.2016.065.2016.09.04.day11,278.06,340.2,2016.065
soil.hip.SHSU.2016.065.2016.09.05.day12,306.94,340.2,2016.065
soil.hip.SHSU.2016.065.2016.09.06.day13,335.56,340.2,2016.065
soil.hip.SHSU.2016.065.2016.09.07.day14,364.17,340.2,2016.065
soil.hip.SHSU.2016.065.2016.09.08.day15,393.61,340.2,2016.065
soil.hip.SHSU.2016.065.2016.09.09.day16,422.22,340.2,2016.065
soil.hip.SHSU.2016.065.2016.09.10.day17,449.44,340.2,2016.065
soil.hip.SHSU.2016.065.2016.09.11.day18,476.11,340.2,2016.065
soil.hip.SHSU.2016.065.2016.09.12.day19,503.33,340.2,2016.065
soil.hip.SHSU.2016.065.2016.09.13.day20,530.83,340.2,2016.065
soil.hip.SHSU.2016.065.2016.09.14.day21,558.61,340.2,2016.065
,,,
soil.hip.SHSU.2016.067.2016.09.16.day1,0,32.91,2016.067
soil.hip.SHSU.2016.067.2016.09.17.day2,29.2,32.91,2016.067
soil.hip.SHSU.2016.067.2016.09.18.day3,58.9,32.91,2016.067
soil.hip.SHSU.2016.067.2016.09.19.day4,89.75,62.11,2016.067
soil.hip.SHSU.2016.067.2016.09.20.day5,118.95,131.86,2016.067
soil.hip.SHSU.2016.067.2016.09.21.day6,146.15,157.2,2016.067
soil.hip.SHSU.2016.067.2016.09.22.day7,173.4,249.67,2016.067
soil.hip.SHSU.2016.067.2016.09.24.day9,229.8,249.67,2016.067
soil.hip.SHSU.2016.067.2016.09.25.day10,256.45,276.07,2016.067
soil.hip.SHSU.2016.067.2016.09.26.day11,280.6,354.69,2016.067
soil.hip.SHSU.2016.067.2016.09.28.day13,327,354.69,2016.067
soil.hip.SHSU.2016.067.2016.09.29.day14,348.1,342.13,2016.067
soil.hip.SHSU.2016.067.2016.09.30.day15,367.55,342.13,2016.067
soil.hip.SHSU.2016.067.2016.10.01.day16,388.4,317.68,2016.067
soil.hip.SHSU.2016.067.2016.10.02.day17,410.3,317.68,2016.067
soil.hip.SHSU2016.067.2016.10.03.day18,432.5,317.64,2016.067
soil.hip.SHSU.2016.067.2016.10.04.day19,457.5,317.64,2016.067
soil.hip.SHSU.2016.067.2016.10.05.day20,486.1,317.64,2016.067
soil.hip.SHSU.2016.067.2016.10.06.day21,513.85,317.64,2016.067
,,,
soil.hip.SHSU.2016.072.2016.11.04.day1,0,32.08,2016.072
soil.hip.SHSU.2016.072.2016.11.05.day2,19.45,32.08,2016.072
soil.hip.SHSU.2016.072.2016.11.06.day3,40.6,32.08,2016.072
soil.hip.SHSU.2016.072.2016.11.07.day4,62.55,32.08,2016.072
soil.hip.SHSU.2016.072.2016.11.08.day5,82,32.08,2016.072
soil.hip.SHSU.2016.072.2016.11.09.day6,100.6,35.89,2016.072
soil.hip.SHSU.2016.072.2016.11.10.day7,117.55,60.33,2016.072
soil.hip.SHSU.2016.072.2016.11.11.day8,135.35,60.33,2016.072
soil.hip.SHSU.2016.072.2016.11.12.day9,154,125.07,2016.072
soil.hip.SHSU.2016.072.2016.11.13.day10,170.4,125.07,2016.072
soil.hip.SHSU.2016.072.2016.11.14.day11,189.05,125.07,2016.072
soil.hip.SHSU.2016.072.2016.11.15.day12,209.6,125.07,2016.072
soil.hip.SHSU.206.072.2016.11.16.day13,230.7,146.07,2016.072
soil.hip.SHSU.2016.072.2016.11.17.day14,252.9,153.12,2016.072
soil.hip.SHSU.2016.072.2016.11.18.day15,271.25,169.75,2016.072
soil.hip.SHSU.2016.072.2016.11.19.day16,281,169.75,2016.072
soil.hip.SHSU.2016.072.2016.11.20.day17,289.9,169.75,2016.072
soil.hip.SHSU.2016.072.2016.11.21.day18,305.2,169.75,2016.072
soil.hip.SHSU.2016.072.2016.11.22.day19,326.9,169.75,2016.072
soil.hip.SHSU.2016.072.2016.11.23.day20,342.45,169.75,2016.072
soil.hip.SHSU.2016.072.2016.11.24.day21,357.45,169.75,2016.072
,,,
soil.hip.SHSU.2016.073.2016.11.04.day1,0,32.8,2016.073
soil.hip.SHSU.2016.073.2016.11.05.day2,19.45,32.8,2016.073
soil.hip.SHSU.2016.073.2016.11.06.day3,40.6,32.8,2016.073
soil.hip.SHSU.2016.073.2016.11.07.day4,62.55,32.8,2016.073
soil.hip.SHSU.2016.073.2016.11.08.day5,82,32.8,2016.073
soil.hip.SHSU.2016.073.2016.11.09.day6,100.6,29.15,2016.073
soil.hip.SHSU.2016.073.2016.11.10.day7,117.55,29.15,2016.073
soil.hip.SHSU.2016.073.2016.11.11.day8,135.35,29.15,2016.073
soil.hip.SHSU.2016.073.2016.11.12.day9,154,29.15,2016.073
soil.hip.SHSU.2016.073.2016.11.13.day10,170.4,66.11,2016.073
soil.hip.SHSU.2016.073.2016.11.14.day11,189.05,66.11,2016.073
soil.hip.SHSU.2016.073.2016.11.15.day12,209.6,95.8,2016.073
soil.hip.SHSU.2016.073.2016.11.16.day13,230.7,191.65,2016.073
soil.hip.SHSU.2016.073.2016.11.17.day14,252.9,191.65,2016.073
soil.hip.SHSU.2016.073.2016.11.18.day15,271.25,191.65,2016.073
soil.hip.SHSU.2016.073.2016.11.19.day16,281,191.65,2016.073
soil.hip.SHSU.2016.073.2016.11.20.day17,289.9,229.8,2016.073
soil.hip.SHSU.2016.073.2016.11.21.day18,305.2,270.28,2016.073
soil.hip.SHSU.2016.073.2016.11.22.day19,326.9,270.28,2016.073
soil.hip.SHSU.2016.073.2016.11.23.day20,342.45,270.28,2016.073
soil.hip.SHSU.2016.073.2016.11.24.day21,357.45,270.28,2016.073
,,,
soil.hip.SHSU.2016.076.2016.11.22.day1,0,32.93,2016.076
soil.hip.SHSU.2016.076.2016.11.23.day2,15.55,27.25,2016.076
soil.hip.SHSU.2016.076.2016.11.24.day3,30.55,27.25,2016.076
soil.hip.SHSU.2016.076.2016.11.25.day4,47.5,27.25,2016.076
soil.hip.SHSU.2016.076.2016.11.26.day5,63.6,27.25,2016.076
soil.hip.SHSU.2016.076.2016.11.27.day6,80.3,27.25,2016.076
soil.hip.SHSU.2016.076.2016.11.28.day7,99.45,27.25,2016.076
soil.hip.SHSU.2016.076.2016.11.29.day8,116.1,27.25,2016.076
soil.hip.SHSU.2016.076.2016.11.30.day9,127.45,61.65,2016.076
soil.hip.SHSU.2016.076.2016.12.01.day10,137.75,61.65,2016.076
soil.hip.SHSU.2016.076.2016.12.02.day11,149.4,61.65,2016.076
soil.hip.SHSU.2016.076.2016.12.03.day12,159.15,61.65,2016.076
soil.hip.SHSU.2016.076.2016.12.04.day13,169.15,61.65,2016.076
soil.hip.SHSU.2016.076.2016.12.05.day14,178.6,61.65,2016.076
soil.hip.SHSU.2016.076.2016.12.06.day15,190.5,61.65,2016.076
soil.hip.SHSU.2016.076.2016.12.07.day16,203,61.65,2016.076
soil.hip.SHSU.2016.076.2016.12.08.day17,210.25,28.65,2016.076
soil.hip.SHSU.2016.076.2016.12.09.day18,213.9,146.3,2016.076
soil.hip.SHSU.2016.076.2016.12.10.day19,219.45,146.3,2016.076
soil.hip.SHSU.2016.076.2016.12.11.day20,236.4,146.3,2016.076
soil.hip.SHSU.2016.076.2016.12.12.day21,254.5,146.3,2016.076
,,,
soil.hip.SHSU.2017.043.2017.11.30.day1,0,32.8,2017.043
soil.hip.SHSU.2017.043.2017.12.01.day2,14.75,32.8,2017.043
soil.hip.SHSU.2017.043.2017.12.02.day3,31.95,32.8,2017.043
soil.hip.SHSU.2017.043.2017.12.03.day4,49.45,32.8,2017.043
soil.hip.SHSU.2017.043.2017.12.04.day5,72.5,32.8,2017.043
soil.hip.SHSU.2017.043.2017.12.05.day6,88.6,32.8,2017.043
soil.hip.SHSU.2017.043.2017.12.06.day7,96.1,32.8,2017.043
soil.hip.SHSU.2017.043.2017.12.07.day8,100.55,28.3,2017.043
soil.hip.SHSU.2017.043.2017.12.08.day9,103.65,28.3,2017.043
soil.hip.SHSU.2017.043.2017.12.09.day10,111.45,93.33,2017.043
soil.hip.SHSU.2017.043.2017.12.10.day11,120.1,93.33,2017.043
soil.hip.SHSU.2017.043.2017.12.11.day12,134.25,93.33,2017.043
soil.hip.SHSU.2017.043.2017.12.12.day13,143.4,122.72,2017.043
soil.hip.SHSU.2017.043.2017.12.13.day14,150.6,122.72,2017.043
soil.hip.SHSU.2017.043.2017.12.14.day15,162.3,122.72,2017.043
soil.hip.SHSU.2017.043.2017.12.15.day16,172.55,122.72,2017.043
soil.hip.SHSU.2017.043.2017.12.16.day17,180.3,122.72,2017.043
soil.hip.SHSU.2017.043.2017.12.17.day18,190.85,146.3,2017.043
soil.hip.SHSU.2017.043.2017.12.18.day19,205,146.3,2017.043
soil.hip.SHSU.2017.043.2017.12.19.day20,225.85,146.3,2017.043
soil.hip.SHSU.2017.043.2017.12.20.day21,243.05,146.3,2017.043
,,,
soil.hip.SHSU.2017.045.2017.12.12.day1,0,33.06,2017.045
soil.hip.SHSU.2017.045.2017.12.13.day2,7.2,33.06,2017.045
soil.hip.SHSU.2017.045.2017.12.14.day3,18.9,33.06,2017.045
soil.hip.SHSU.2017.045.2017.12.15.day4,29.15,33.06,2017.045
soil.hip.SHSU.2017.045.2017.12.16.day5,36.9,33.06,2017.045
soil.hip.SHSU.2017.045.2017.12.17.day6,47.45,33.06,2017.045
soil.hip.SHSU.2017.045.2017.12.18.day7,61.6,28.3,2017.045
soil.hip.SHSU.2017.045.2017.12.19.day8,82.45,28.3,2017.045
soil.hip.SHSU.2017.045.2017.12.20.day9,99.65,66.11,2017.045
soil.hip.SHSU.2017.045.2017.12.21.day10,117.15,66.11,2017.045
soil.hip.SHSU.2017.045.2017.12.22.day11,132.15,94.57,2017.045
soil.hip.SHSU.2017.045.2017.12.23.day12,139.9,94.57,2017.045
soil.hip.SHSU.2017.045.2017.12.24.day13,149.05,118.36,2017.045
soil.hip.SHSU.2017.045.2017.12.25.day14,154.4,118.36,2017.045
soil.hip.SHSU.2017.045.2017.12.26.day15,161.6,118.36,2017.045
soil.hip.SHSU.2017.045.2017.12.27.day16,166.05,118.36,2017.045
soil.hip.SHSU.2017.045.2017.12.28.day17,170.75,118.36,2017.045
soil.hip.SHSU.2017.045.2017.12.29.day18,178.25,118.36,2017.045
soil.hip.SHSU.2017.045.2017.12.30.day19,187.45,118.36,2017.045
soil.hip.SHSU.2017.045.2017.12.31.day20,191.6,118.36,2017.045
soil.hip.SHSU.2017.045.2017.01.01.day21,191.65,118.36,2017.045
,,,
soil.hip.SHSU.2017.046.2017.12.19.day1,0,32.93,2017.046
soil.hip.SHSU.2017.046.2017.12.20.day2,17.2,28.05,2017.046
soil.hip.SHSU.2017.046.2017.12.21.day3,34.7,28.05,2017.046
soil.hip.SHSU.2017.046.2017.12.22.day4,49.7,28.05,2017.046
soil.hip.SHSU.2017.046.2017.12.23.day5,57.45,28.05,2017.046
soil.hip.SHSU.2017.046.2017.12.24.day6,66.6,28.05,2017.046
soil.hip.SHSU.2017.046.2017.12.25.day7,71.95,66.81,2017.046
soil.hip.SHSU.2017.046.2017.12.26.day8,79.15,24.75,2017.046
soil.hip.SHSU.2017.046.2017.12.27.day9,83.6,24.75,2017.046
soil.hip.SHSU.2017.046.2017.12.28.day10,88.3,24.75,2017.046
soil.hip.SHSU.2017.046.2017.12.29.day11,95.8,93.33,2017.046
soil.hip.SHSU.2017.046.2017.12.30.day12,105,93.33,2017.046
soil.hip.SHSU.2017.046.2017.12.31.day13,109.15,93.33,2017.046
soil.hip.SHSU.2017.046.2017.01.01.day14,109.2,142.45,2017.046
soil.hip.SHSU.2017.046.2018.01.02.day15,109.2,142.45,2017.046
soil.hip.SHSU.2017.046.2018.01.03.day16,110.05,142.45,2017.046
soil.hip.SHSU.2017.046.2018.01.04.day17,113.45,142.45,2017.046
soil.hip.SHSU.2017.046.2018.01.05.day18,122.1,142.45,2017.046
soil.hip.SHSU.2017.046.2018.01.06.day19,130.75,194.03,2017.046
soil.hip.SHSU.2017.046.2018.01.07.day20,144.6,194.03,2017.046
soil.hip.SHSU.2017.046.2018.01.08.day21,156,194.03,2017.046
,,,
soil.hip.CMU.16.04.2016.mo.day1,0,40.27,CMU_Mr._16_04
soil.hip.CMU.16.04.2016.mo.day2,7.78,40.27,CMU_Mr._16_04
soil.hip.CMU.16.04.2016.mo.day3,16.67,38,CMU_Mr._16_04
soil.hip.CMU.16.04.2016.mo.day4,29.72,38,CMU_Mr._16_04
soil.hip.CMU.16.04.2016.mo.day5,40,65.06,CMU_Mr._16_04
soil.hip.CMU.16.04.2016.mo.day6,44.72,65.06,CMU_Mr._16_04
soil.hip.CMU.16.04.2016.mo.day7,50.83,38,CMU_Mr._16_04
soil.hip.CMU.16.04.2016.mo.day8,57.78,99.67,CMU_Mr._16_04
soil.hip.CMU.16.04.2016.mo.day9,62.22,65.06,CMU_Mr._16_04
soil.hip.CMU.16.04.2016.mo.day10,68.06,161.8,CMU_Mr._16_04
soil.hip.CMU.16.04.2016.mo.day11,80.28,203.19,CMU_Mr._16_04
soil.hip.CMU.16.04.2016.mo.day12,87.78,99.67,CMU_Mr._16_04
soil.hip.CMU.16.04.2016.mo.day13,91.67,99.67,CMU_Mr._16_04
soil.hip.CMU.16.04.2016.mo.day14,96.11,99.67,CMU_Mr._16_04
soil.hip.CMU.16.04.2016.mo.day15,102.78,195.78,CMU_Mr._16_04
soil.hip.CMU.16.04.2016.mo.day16,111.39,161.8,CMU_Mr._16_04
soil.hip.CMU.16.04.2016.mo.day17,122.78,203.19,CMU_Mr._16_04
soil.hip.CMU.16.04.2016.mo.day18,136.94,149.04,CMU_Mr._16_04
soil.hip.CMU.16.04.2016.mo.day19,149.72,282.18,CMU_Mr._16_04
soil.hip.CMU.16.04.2016.mo.day20,160,282.18,CMU_Mr._16_04
soil.hip.CMU.16.04.2016.mo.day21,173.61,303.69,CMU_Mr._16_04
,,,
soil.hip.CMU.16.03.2016.3.day1,0,32.8,CMU_Mrs._16_03
soil.hip.CMU.16.03.2016.3.day2,13.06,34.7,CMU_Mrs._16_03
soil.hip.CMU.16.03.2016.3.day3,25.83,34.7,CMU_Mrs._16_03
soil.hip.CMU.16.03.2016.3.day4,35.83,70.7,CMU_Mrs._16_03
soil.hip.CMU.16.03.2016.3.day5,47.22,70.7,CMU_Mrs._16_03
soil.hip.CMU.16.03.2016.3.day6,52.5,70.7,CMU_Mrs._16_03
soil.hip.CMU.16.03.2016.3.day7,57.22,70.7,CMU_Mrs._16_03
soil.hip.CMU.16.03.2016.3.day8,66.11,70.7,CMU_Mrs._16_03
soil.hip.CMU.16.03.2016.3.day9,73.06,96.11,CMU_Mrs._16_03
soil.hip.CMU.16.03.2016.3.day10,80.83,96.11,CMU_Mrs._16_03
soil.hip.CMU.16.03.2016.3.day11,89.72,129.45,CMU_Mrs._16_03
soil.hip.CMU.16.03.2016.3.day12,102.78,96.11,CMU_Mrs._16_03
soil.hip.CMU.16.03.2016.3.day13,113.06,129.45,CMU_Mrs._16_03
soil.hip.CMU.16.03.2016.3.day14,117.78,129.45,CMU_Mrs._16_03
soil.hip.CMU.16.03.2016.3.day15,123.89,148.5,CMU_Mrs._16_03
soil.hip.CMU.16.03.2016.3.day16,130.83,148.5,CMU_Mrs._16_03
soil.hip.CMU.16.03.2016.3.day17,135.28,148.5,CMU_Mrs._16_03
soil.hip.CMU.16.03.2016.3.day18,141.11,129.45,CMU_Mrs._16_03
soil.hip.CMU.16.03.2016.3.day19,153.33,193.63,CMU_Mrs._16_03
soil.hip.CMU.16.03.2016.3.day20,160.83,148.5,CMU_Mrs._16_03
soil.hip.CMU.16.03.2016.3.day21,164.72,148.5,CMU_Mrs._16_03
,,,
soil.hip.CMU.16.05.2016.mo.day1,0,66.11,CMU_Mrs._16_05
soil.hip.CMU.16.05.2016.mo.day2,7.5,66.11,CMU_Mrs._16_05
soil.hip.CMU.16.05.2016.mo.day3,11.39,66.11,CMU_Mrs._16_05
soil.hip.CMU.16.05.2016.mo.day4,15.83,66.11,CMU_Mrs._16_05
soil.hip.CMU.16.05.2016.mo.day5,22.5,66.11,CMU_Mrs._16_05
soil.hip.CMU.16.05.2016.mo.day6,31.11,66.11,CMU_Mrs._16_05
soil.hip.CMU.16.05.2016.mo.day7,42.5,66.11,CMU_Mrs._16_05
soil.hip.CMU.16.05.2016.mo.day8,56.67,66.11,CMU_Mrs._16_05
soil.hip.CMU.16.05.2016.mo.day9,69.44,66.11,CMU_Mrs._16_05
soil.hip.CMU.16.05.2016.mo.day10,79.72,66.11,CMU_Mrs._16_05
soil.hip.CMU.16.05.2016.mo.day11,93.33,96.11,CMU_Mrs._16_05
soil.hip.CMU.16.05.2016.mo.day12,110.28,148.5,CMU_Mrs._16_05
soil.hip.CMU.16.05.2016.mo.day13,123.33,127.93,CMU_Mrs._16_05
soil.hip.CMU.16.05.2016.mo.day14,136.67,148.5,CMU_Mrs._16_05
soil.hip.CMU.16.05.2016.mo.day15,150,148.5,CMU_Mrs._16_05
soil.hip.CMU.16.05.2016.mo.day16,164.72,148.5,CMU_Mrs._16_05
soil.hip.CMU.16.05.2016.mo.day17,179.72,193.3,CMU_Mrs._16_05
soil.hip.CMU.16.05.2016.mo.day18,194.72,236.2,CMU_Mrs._16_05
soil.hip.CMU.16.05.2016.mo.day19,200.83,236.2,CMU_Mrs._16_05
soil.hip.CMU.16.05.2016.mo.day20,207.5,274.3,CMU_Mrs._16_05
soil.hip.CMU.16.05.2016.mo.day21,214.17,236.2,CMU_Mrs._16_05
,,,
soil.hip.UTK.K016.07.2017.Jan.06.day1,0,32.8,K016.07
soil.hip.UTK.K016.07.2017.Jan.08.day2,0,32.8,K016.07
soil.hip.UTK.K016.07.2017.Jan.09.day3,0,32.8,K016.07
soil.hip.UTK.K016.07.2017.Jan.10.day4,3.9,32.8,K016.07
soil.hip.UTK.K016.07.2017.Jan.11.day5,15.8,32.8,K016.07
soil.hip.UTK.K016.07.2017.Jan.12.day6,32.8,32.8,K016.07
soil.hip.UTK.K016.07.2017.Jan.13.day7,49.3,32.8,K016.07
soil.hip.UTK.K016.07.2017.Jan.14.day8,64.5,32.8,K016.07
soil.hip.UTK.K016.07.2017.Jan.15.day9,80.4,32.8,K016.07
soil.hip.UTK.K016.07.2017.Jan.16.day10,94.1,32.8,K016.07
soil.hip.UTK.K016.07.2017.Jan.17.day11,109.7,32.8,K016.07
soil.hip.UTK.K016.07.2017.Jan.18.day12,124.1,32.8,K016.07
soil.hip.UTK.K016.07.2017.Jan.19.day13,133.9,28.9,K016.07
soil.hip.UTK.K016.07.2017.Jan.20.day14,148.3,28.9,K016.07
soil.hip.UTK.K016.07.2017.Jan.21.day15,161,28.9,K016.07
soil.hip.UTK.K016.07.2017.Jan.22.day16,174.6,28.9,K016.07
soil.hip.UTK.K016.07.2017.Jan.23.day17,186.2,28.9,K016.07
soil.hip.UTK.K016.07.2017.Jan.24.day18,194.1,62.5,K016.07
soil.hip.UTK.K016.07.2017.Jan.25.day19,202.2,62.5,K016.07
soil.hip.UTK.K016.07.2017.Jan.26.day20,212.9,62.5,K016.07
soil.hip.UTK.K016.07.2017.Jan.27.day21,215.9,62.5,K016.07
,,,
soil.hip.UTK.K016.08.2017.Jan.06.day1,0,30.55,K016.08
soil.hip.UTK.K016.08.2017.Jan.08.day2,0,30.55,K016.08
soil.hip.UTK.K016.08.2017.Jan.09.day3,0,30.55,K016.08
soil.hip.UTK.K016.08.2017.Jan.10.day4,3.9,30.55,K016.08
soil.hip.UTK.K016.08.2017.Jan.11.day5,15.8,30.55,K016.08
soil.hip.UTK.K016.08.2017.Jan.12.day6,32.8,30.55,K016.08
soil.hip.UTK.K016.08.2017.Jan.13.day7,49.3,30.55,K016.08
soil.hip.UTK.K016.08.2017.Jan.14.day8,64.5,30.55,K016.08
soil.hip.UTK.K016.08.2017.Jan.15.day9,80.4,30.55,K016.08
soil.hip.UTK.K016.08.2017.Jan.16.day10,94.1,30.55,K016.08
soil.hip.UTK.K016.08.2017.Jan.17.day11,109.7,30.55,K016.08
soil.hip.UTK.K016.08.2017.Jan.18.day12,124.1,30.55,K016.08
soil.hip.UTK.K016.08.2017.Jan.19.day13,133.9,30.55,K016.08
soil.hip.UTK.K016.08.2017.Jan.20.day14,148.3,30.55,K016.08
soil.hip.UTK.K016.08.2017.Jan.21.day15,161,30.55,K016.08
soil.hip.UTK.K016.08.2017.Jan.22.day16,174.6,62.22,K016.08
soil.hip.UTK.K016.08.2017.Jan.23.day17,186.2,62.22,K016.08
soil.hip.UTK.K016.08.2017.Jan.24.day18,194.1,62.22,K016.08
soil.hip.UTK.K016.08.2017.Jan.25.day19,202.2,62.22,K016.08
soil.hip.UTK.K016.08.2017.Jan.26.day20,212.9,62.22,K016.08
soil.hip.UTK.K016.08.2017.Jan.27.day21,215.9,62.22,K016.08
,,,
soil.hip.UTK.K016.09.2017.Jan.06.day1,0,31.95,K016.09
soil.hip.UTK.K016.09.2017.Jan.08.day2,0,31.95,K016.09
soil.hip.UTK.K016.09.2017.Jan.09.day3,0,31.95,K016.09
soil.hip.UTK.K016.09.2017.Jan.10.day4,3.9,31.95,K016.09
soil.hip.UTK.K016.09.2017.Jan.11.day5,15.8,31.95,K016.09
soil.hip.UTK.K016.09.2017.Jan.12.day6,32.8,31.95,K016.09
soil.hip.UTK.K016.09.2017.Jan.13.day7,49.3,31.95,K016.09
soil.hip.UTK.K016.09.2017.Jan.14.day8,64.5,31.95,K016.09
soil.hip.UTK.K016.09.2017.Jan.15.day9,80.4,31.95,K016.09
soil.hip.UTK.K016.09.2017.Jan.16.day10,94.1,31.95,K016.09
soil.hip.UTK.K016.09.2017.Jan.17.day11,109.7,31.95,K016.09
soil.hip.UTK.K016.09.2017.Jan.18.day12,124.1,31.95,K016.09
soil.hip.UTK.K016.09.2017.Jan.19.day13,133.9,31.95,K016.09
soil.hip.UTK.K016.09.2017.Jan.20.day14,148.3,31.95,K016.09
soil.hip.UTK.K016.09.2017.Jan.21.day15,161,31.95,K016.09
soil.hip.UTK.K016.09.2017.Jan.22.day16,174.6,31.95,K016.09
soil.hip.UTK.K016.09.2017.Jan.23.day17,186.2,27.8,K016.09
soil.hip.UTK.K016.09.2017.Jan.24.day18,194.1,27.8,K016.09
soil.hip.UTK.K016.09.2017.Jan.25.day19,202.2,27.8,K016.09
soil.hip.UTK.K016.09.2017.Jan.26.day20,212.9,27.8,K016.09
soil.hip.UTK.K016.09.2017.Jan.27.day21,215.9,66.81,K016.09
,,,
soil.hip.CMU.17.04.2017.03.day1,0,41.18,Mr 17-04
soil.hip.CMU.17.04.2017.03.day2,12.5,41.18,Mr 17-04
soil.hip.CMU.17.04.2017.03.day3,24.15,49.4,Mr 17-04
soil.hip.CMU.17.04.2017.03.day4,34.15,49.4,Mr 17-04
soil.hip.CMU.17.04.2017.03.day5,46.95,49.4,Mr 17-04
soil.hip.CMU.17.04.2017.03.day6,61.65,68.25,Mr 17-04
soil.hip.CMU.17.04.2017.03.day7,76.65,36,Mr 17-04
soil.hip.CMU.17.04.2017.03.day8,92.2,95.92,Mr 17-04
soil.hip.CMU.17.04.2017.03.day9,109.7,131.66,Mr 17-04
soil.hip.CMU.17.04.2017.03.day10,127.45,158.14,Mr 17-04
soil.hip.CMU.17.04.2017.03.day11,144.95,201.9,Mr 17-04
soil.hip.CMU.17.04.2017.03.day12,162.45,144.76,Mr 17-04
soil.hip.CMU.17.04.2017.03.day13,180.25,193.69,Mr 17-04
soil.hip.CMU.17.04.2017.03.day14,191.65,201.9,Mr 17-04
soil.hip.CMU.17.04.2017.03.day15,202.45,193.69,Mr 17-04
soil.hip.CMU.17.04.2017.03.day16,213.25,193.69,Mr 17-04
soil.hip.CMU.17.04.2017.03.day17,224.05,244.39,Mr 17-04
soil.hip.CMU.17.04.2017.03.day18,235.2,144.76,Mr 17-04
soil.hip.CMU.17.04.2017.03.day19,243.55,307.26,Mr 17-04
soil.hip.CMU.17.04.2017.03.day20,254.4,215.81,Mr 17-04
soil.hip.CMU.17.04.2017.03.day21,267.15,307.26,Mr 17-04
,,,
soil.hip.CMU.16.15.2016.12.day1,0,38.76,Mr. 16-15
soil.hip.CMU.16.15.2016.12.day2,0,38.76,Mr. 16-15
soil.hip.CMU.16.15.2016.12.day3,1.1,38.03,Mr. 16-15
soil.hip.CMU.16.15.2016.12.day4,5.8,49.79,Mr. 16-15
soil.hip.CMU.16.15.2016.12.day5,12.45,49.79,Mr. 16-15
soil.hip.CMU.16.15.2016.12.day6,12.45,38.03,Mr. 16-15
soil.hip.CMU.16.15.2016.12.day7,12.45,56.59,Mr. 16-15
soil.hip.CMU.16.15.2016.12.day8,12.45,56.59,Mr. 16-15
soil.hip.CMU.16.15.2016.12.day9,12.45,66.15,Mr. 16-15
soil.hip.CMU.16.15.2016.12.day10,12.45,66.15,Mr. 16-15
soil.hip.CMU.16.15.2016.12.day11,12.45,56.59,Mr. 16-15
soil.hip.CMU.16.15.2016.12.day12,12.7,56.59,Mr. 16-15
soil.hip.CMU.16.15.2016.12.day13,17.15,56.59,Mr. 16-15
soil.hip.CMU.16.15.2016.12.day14,18.8,56.59,Mr. 16-15
soil.hip.CMU.16.15.2016.12.day15,18.8,56.59,Mr. 16-15
soil.hip.CMU.16.15.2016.12.day16,18.8,98.77,Mr. 16-15
soil.hip.CMU.16.15.2016.12.day17,18.8,133.35,Mr. 16-15
soil.hip.CMU.16.15.2016.12.day18,19.35,133.35,Mr. 16-15
soil.hip.CMU.16.15.2016.12.day19,19.35,56.59,Mr. 16-15
soil.hip.CMU.16.15.2016.12.day20,19.35,98.77,Mr. 16-15
soil.hip.CMU.16.15.2017.01.day21,19.35,66.15,Mr. 16-15
,,,
soil.hip.CMU.16.09.2016.07.26.day1,0,33.28,Mrs. 16-09
soil.hip.CMU.16.09.2016.07.27.day2,28.3,46.15,Mrs. 16-09
soil.hip.CMU.16.09.2016.07.28.day3,57.45,62.19,Mrs. 16-09
soil.hip.CMU.16.09.2016.07.29.day4,86.6,130.75,Mrs. 16-09
soil.hip.CMU.16.09.2016.07.30.day5,114.7,149.42,Mrs. 16-09
soil.hip.CMU.16.09.2016.07.31.day6,142.45,149.42,Mrs. 16-09
soil.hip.CMU.16.09.2016.08.01.day7,169.4,130.75,Mrs. 16-09
soil.hip.CMU.16.09.2016.08.02.day8,196.65,193.04,Mrs. 16-09
soil.hip.CMU.16.09.2016.08.03.day9,225,220.12,Mrs. 16-09
soil.hip.CMU.16.09.2016.08.04.day10,248.35,263.06,Mrs. 16-09
soil.hip.CMU.16.09.2016.08.05.day11,269.7,263.06,Mrs. 16-09
soil.hip.CMU.16.09.2016.08.06.day12,293.3,263.06,Mrs. 16-09
soil.hip.CMU.16.09.2016.08.07.day13,317.75,263.06,Mrs. 16-09
soil.hip.CMU.16.09.2016.08.08.day14,343.3,297.97,Mrs. 16-09
soil.hip.CMU.16.09.2016.08.09.day15,371.35,344,Mrs. 16-09
soil.hip.CMU.16.09.2016.08.10.day16,397.75,344,Mrs. 16-09
soil.hip.CMU.16.09.2016.08.11.day17,422.75,344,Mrs. 16-09
soil.hip.CMU.16.09.2016.08.12.day18,446.35,345.76,Mrs. 16-09
soil.hip.CMU.16.09.2016.08.13.day19,471.65,345.76,Mrs. 16-09
soil.hip.CMU.16.09.2016.08.14.day20,496.4,345.76,Mrs. 16-09
soil.hip.CMU.16.09.2016.08.15.day21,521.95,344,Mrs. 16-09
,,,
soil.hip.CMU.16.10.2016.08.06.day1,0,34.7,Mrs. 16-10
soil.hip.CMU.16.10.2016.08.07.day2,24.45,34.7,Mrs. 16-10
soil.hip.CMU.16.10.2016.08.08.day3,50,67.5,Mrs. 16-10
soil.hip.CMU.16.10.2016.08.09.day4,78.05,67.5,Mrs. 16-10
soil.hip.CMU.16.10.2016.08.10.day5,104.45,28.65,Mrs. 16-10
soil.hip.CMU.16.10.2016.08.11.day6,129.45,126.4,Mrs. 16-10
soil.hip.CMU.16.10.2016.08.15.day10,228.65,190.45,Mrs. 16-10
soil.hip.CMU.16.10.2016.08.16.day11,255.05,191.65,Mrs. 16-10
soil.hip.CMU.16.10.2016.08.17.day12,280.3,190.45,Mrs. 16-10
soil.hip.CMU.16.10.2016.08.18.day13,303.9,190.45,Mrs. 16-10
soil.hip.CMU.16.10.2016.08.19.day14,327.5,263.08,Mrs. 16-10
soil.hip.CMU.16.10.2016.08.20.day15,351.95,335.56,Mrs. 16-10
soil.hip.CMU.16.10.2016.08.21.day16,376.1,335.56,Mrs. 16-10
soil.hip.CMU.16.10.2016.08.22.day17,400,335.56,Mrs. 16-10
soil.hip.CMU.16.10.2016.08.23.day18,421.7,335.56,Mrs. 16-10
soil.hip.CMU.16.10.2016.08.24.day19,443.9,335.56,Mrs. 16-10
soil.hip.CMU.16.10.2016.08.25.day20,464.75,335.56,Mrs. 16-10
soil.hip.CMU.16.10.2016.08.26.day21,483.95,335.56,Mrs. 16-10
,,,
soil.hip.CMU.17.01.2017.01.day1,0,32.93,Mrs. 17-01
soil.hip.CMU.17.01.2017.01.day8,6.15,67.05,Mrs. 17-01
soil.hip.CMU.17.01.2017.01.day9,8.65,67.05,Mrs. 17-01
soil.hip.CMU.17.01.2017.01.day10,12.25,67.05,Mrs. 17-01
soil.hip.CMU.17.01.2017.01.day11,16.4,67.05,Mrs. 17-01
soil.hip.CMU.17.01.2017.01.day12,20.3,67.05,Mrs. 17-01
soil.hip.CMU.17.01.2017.01.day13,22.8,28.19,Mrs. 17-01
soil.hip.CMU.17.01.2017.01.day14,24.75,19.4,Mrs. 17-01
soil.hip.CMU.17.01.2017.01.day15,26.7,67.05,Mrs. 17-01
soil.hip.CMU.17.01.2017.01.day16,26.7,67.05,Mrs. 17-01
soil.hip.CMU.17.01.2017.01.day17,27.8,67.05,Mrs. 17-01
soil.hip.CMU.17.01.2017.01.day18,28.65,19.4,Mrs. 17-01
soil.hip.CMU.17.01.2017.01.day19,28.95,19.4,Mrs. 17-01
soil.hip.CMU.17.01.2017.01.day20,33.4,67.05,Mrs. 17-01
soil.hip.CMU.17.01.2017.01.day21,33.65,19.4,Mrs. 17-01
soil.hip.CMU.17.01.2017.01.day22,33.65,19.4,Mrs. 17-01
,,,
soil.hip.UTK.K016.01.2016.04.05.day1,0,29.97,UTK.K016.01
soil.hip.UTK.K016.01.2016.04.06.day2,10.56,29.97,UTK.K016.01
soil.hip.UTK.K016.01.2016.04.07.day3,23.06,29.97,UTK.K016.01
soil.hip.UTK.K016.01.2016.04.08.day4,33.06,29.97,UTK.K016.01
soil.hip.UTK.K016.01.2016.04.09.day5,40.56,29.97,UTK.K016.01
soil.hip.UTK.K016.01.2016.04.10.day6,48.33,29.97,UTK.K016.01
soil.hip.UTK.K016.01.2016.04.11.day7,62.5,29.97,UTK.K016.01
soil.hip.UTK.K016.01.2016.04.12.day8,76.39,29.97,UTK.K016.01
soil.hip.UTK.K016.01.2016.04.13.day9,90.28,29.97,UTK.K016.01
soil.hip.UTK.K016.01.2016.04.14.day10,108.89,29.97,UTK.K016.01
soil.hip.UTK.K016.01.2016.04.15.day11,126.67,66.97,UTK.K016.01
soil.hip.UTK.K016.01.2016.04.16.day12,141.67,60.66,UTK.K016.01
soil.hip.UTK.K016.01.2016.04.17.day13,157.78,128.91,UTK.K016.01
soil.hip.UTK.K016.01.2016.04.18.day14,176.94,152.97,UTK.K016.01
soil.hip.UTK.K016.01.2016.04.19.day15,197.5,193.3,UTK.K016.01
soil.hip.UTK.K016.01.2016.04.20.day16,220.83,300.19,UTK.K016.01
soil.hip.UTK.K016.01.2016.04.21.day17,242.22,362.45,UTK.K016.01
soil.hip.UTK.K016.01.2016.04.22.day18,260,361.29,UTK.K016.01
soil.hip.UTK.K016.01.2016.04.23.day19,276.11,362.45,UTK.K016.01
soil.hip.UTK.K016.01.2016.04.24.day20,293.61,362.45,UTK.K016.01
soil.hip.UTK.K016.01.2016.04.25.day21,313.89,362.45,UTK.K016.01
,,,
soil.hip.UTK.K016.02.2016.04.13.day1,0,31.75,UTK.K016.02
soil.hip.UTK.K016.02.2016.04.14.day2,18.61,31.75,UTK.K016.02
soil.hip.UTK.K016.02.2016.04.15.day3,36.39,31.75,UTK.K016.02
soil.hip.UTK.K016.02.2016.04.16.day4,51.39,31.75,UTK.K016.02
soil.hip.UTK.K016.02.2016.04.17.day5,67.5,31.75,UTK.K016.02
soil.hip.UTK.K016.02.2016.04.18.day6,86.67,34.01,UTK.K016.02
soil.hip.UTK.K016.02.2016.04.19.day7,107.22,34.01,UTK.K016.02
soil.hip.UTK.K016.02.2016.04.20.day8,130.56,148.36,UTK.K016.02
soil.hip.UTK.K016.02.2016.04.21.day9,151.94,304.62,UTK.K016.02
soil.hip.UTK.K016.02.2016.04.22.day10,169.72,304.62,UTK.K016.02
soil.hip.UTK.K016.02.2016.04.23.day11,185.83,350.87,UTK.K016.02
soil.hip.UTK.K016.02.2016.04.24.day12,203.33,358.76,UTK.K016.02
soil.hip.UTK.K016.02.2016.04.25.day13,223.61,368.69,UTK.K016.02
soil.hip.UTK.K016.02.2016.04.26.day14,245.56,368.69,UTK.K016.02
soil.hip.UTK.K016.02.2016.04.27.day15,269.44,368.69,UTK.K016.02
soil.hip.UTK.K016.02.2016.04.28.day16,292.22,368.69,UTK.K016.02
soil.hip.UTK.K016.02.2016.04.29.day17,313.33,368.69,UTK.K016.02
soil.hip.UTK.K016.02.2016.04.30.day18,332.78,368.69,UTK.K016.02
soil.hip.UTK.K016.02.2016.05.01.day19,354.72,368.69,UTK.K016.02
soil.hip.UTK.K016.02.2016.05.02.day20,375.83,368.69,UTK.K016.02
soil.hip.UTK.K016.02.2016.05.03.day21,394.44,368.69,UTK.K016.02
,,,
soil.hip.UTK.K016.03.2016.05.06.day1,0,30.9,UTK.K016.03
soil.hip.UTK.K016.03.2016.05.07.day2,18.61,30.9,UTK.K016.03
soil.hip.UTK.K016.03.2016.05.08.day3,41.39,30.9,UTK.K016.03
soil.hip.UTK.K016.03.2016.05.09.day4,63.33,30.9,UTK.K016.03
soil.hip.UTK.K016.03.2016.05.10.day5,86.11,30.9,UTK.K016.03
soil.hip.UTK.K016.03.2016.05.11.day6,109.72,30.9,UTK.K016.03
soil.hip.UTK.K016.03.2016.05.12.day7,133.33,67.02,UTK.K016.03
soil.hip.UTK.K016.03.2016.05.13.day8,152.5,93.76,UTK.K016.03
soil.hip.UTK.K016.03.2016.05.14.day9,168.61,199.64,UTK.K016.03
soil.hip.UTK.K016.03.2016.05.15.day10,180.56,195.32,UTK.K016.03
soil.hip.UTK.K016.03.2016.05.16.day11,193.89,298.8,UTK.K016.03
soil.hip.UTK.K016.03.2016.05.17.day12,213.06,361.64,UTK.K016.03
soil.hip.UTK.K016.03.2016.05.18.day13,231.39,361.64,UTK.K016.03
soil.hip.UTK.K016.03.2016.05.19.day14,250.83,351.49,UTK.K016.03
soil.hip.UTK.K016.03.2016.05.20.day15,268.89,351.49,UTK.K016.03
soil.hip.UTK.K016.03.2016.05.21.day16,289.17,351.49,UTK.K016.03
soil.hip.UTK.K016.03.2016.05.22.day17,308.06,351.49,UTK.K016.03
soil.hip.UTK.K016.03.2016.05.23.day18,326.11,351.49,UTK.K016.03
soil.hip.UTK.K016.03.2016.05.24.day19,345.28,351.49,UTK.K016.03
soil.hip.UTK.K016.03.2016.05.25.day20,366.94,351.49,UTK.K016.03
soil.hip.UTK.K016.03.2016.05.26.day21,390.28,351.49,UTK.K016.03
,,,
soil.hip.UTK.K016.04.2016.09.26.day1,0,32.93,UTK.K016.04
soil.hip.UTK.K016.04.2016.09.27.day2,21.3,32.93,UTK.K016.04
soil.hip.UTK.K016.04.2016.09.28.day3,41.7,32.93,UTK.K016.04
soil.hip.UTK.K016.04.2016.09.29.day4,60.4,28.3,UTK.K016.04
soil.hip.UTK.K016.04.2016.09.30.day5,76.2,28.3,UTK.K016.04
soil.hip.UTK.K016.04.2016.10.01.day6,92.6,28.65,UTK.K016.04
soil.hip.UTK.K016.04.2016.10.02.day7,111.5,148.5,UTK.K016.04
soil.hip.UTK.K016.04.2016.10.03.day8,130.7,126.4,UTK.K016.04
soil.hip.UTK.K016.04.2016.10.04.day9,152.3,193.3,UTK.K016.04
soil.hip.UTK.K016.04.2016.10.05.day10,173.7,193.3,UTK.K016.04
soil.hip.UTK.K016.04.2016.10.06.day11,194.1,193.3,UTK.K016.04
soil.hip.UTK.K016.04.2016.10.07.day12,214.5,193.3,UTK.K016.04
soil.hip.UTK.K016.04.2016.10.08.day13,236.2,215.2,UTK.K016.04
soil.hip.UTK.K016.04.2016.10.09.day14,253.1,193.3,UTK.K016.04
soil.hip.UTK.K016.04.2016.10.10.day15,269.7,215.2,UTK.K016.04
soil.hip.UTK.K016.04.2016.10.11.day16,286.1,229.8,UTK.K016.04
soil.hip.UTK.K016.04.2016.10.12.day17,302.8,215.2,UTK.K016.04
soil.hip.UTK.K016.04.2016.10.13.day18,320.1,362.73,UTK.K016.04
soil.hip.UTK.K016.04.2016.10.14.day19,340.2,270.85,UTK.K016.04
soil.hip.UTK.K016.04.2016.10.15.day20,361.3,270.85,UTK.K016.04
soil.hip.UTK.K016.04.2016.10.16.day21,383,270.85,UTK.K016.04
,,,
soil.hip.UTK.K016.05.2016.09.26.day1,0,31.99,UTK.K016.05
soil.hip.UTK.K016.05.2016.09.27.day2,21.3,31.99,UTK.K016.05
soil.hip.UTK.K016.05.2016.09.28.day3,41.7,31.99,UTK.K016.05
soil.hip.UTK.K016.05.2016.09.29.day4,60.4,31.99,UTK.K016.05
soil.hip.UTK.K016.05.2016.09.30.day5,76.2,35.46,UTK.K016.05
soil.hip.UTK.K016.05.2016.10.01.day6,92.6,148.75,UTK.K016.05
soil.hip.UTK.K016.05.2016.10.02.day7,111.5,246.63,UTK.K016.05
soil.hip.UTK.K016.05.2016.10.03.day8,130.7,93.58,UTK.K016.05
soil.hip.UTK.K016.05.2016.10.04.day9,152.3,292.99,UTK.K016.05
soil.hip.UTK.K016.05.2016.10.05.day10,173.7,292.99,UTK.K016.05
soil.hip.UTK.K016.05.2016.10.06.day11,194.1,292.99,UTK.K016.05
soil.hip.UTK.K016.05.2016.10.07.day12,214.5,292.99,UTK.K016.05
soil.hip.UTK.K016.05.2016.10.08.day13,236.2,303,UTK.K016.05
soil.hip.UTK.K016.05.2016.10.09.day14,253.1,356.92,UTK.K016.05
soil.hip.UTK.K016.05.2016.10.10.day15,269.7,303,UTK.K016.05
soil.hip.UTK.K016.05.2016.10.11.day16,286.1,356.92,UTK.K016.05
soil.hip.UTK.K016.05.2016.10.12.day17,302.8,303,UTK.K016.05
soil.hip.UTK.K016.05.2016.10.13.day18,320.1,303,UTK.K016.05
soil.hip.UTK.K016.05.2016.10.14.day19,340.2,347.21,UTK.K016.05
soil.hip.UTK.K016.05.2016.10.15.day20,361.3,347.21,UTK.K016.05
soil.hip.UTK.K016.05.2016.10.16.day21,383,347.21,UTK.K016.05
,,,
soil.hip.UTK.K016.06.2016.10.05.day1,0,32.62,UTK.K016.06
soil.hip.UTK.K016.06.2016.10.06.day2,20.4,32.62,UTK.K016.06
soil.hip.UTK.K016.06.2016.10.07.day3,40.8,32.62,UTK.K016.06
soil.hip.UTK.K016.06.2016.10.08.day4,62.5,70.12,UTK.K016.06
soil.hip.UTK.K016.06.2016.10.09.day5,79.4,35.77,UTK.K016.06
soil.hip.UTK.K016.06.2016.10.10.day6,96,35.25,UTK.K016.06
soil.hip.UTK.K016.06.2016.10.11.day7,112.4,148.84,UTK.K016.06
soil.hip.UTK.K016.06.2016.10.12.day8,129.1,156.93,UTK.K016.06
soil.hip.UTK.K016.06.2016.10.13.day9,146.4,224.53,UTK.K016.06
soil.hip.UTK.K016.06.2016.10.14.day10,166.5,156.93,UTK.K016.06
soil.hip.UTK.K016.06.2016.10.15.day11,187.6,193.57,UTK.K016.06
soil.hip.UTK.K016.06.2016.10.16.day12,209.3,308.32,UTK.K016.06
soil.hip.UTK.K016.06.2016.10.17.day13,229.7,308.32,UTK.K016.06
soil.hip.UTK.K016.06.2016.10.18.day14,252.1,308.32,UTK.K016.06
soil.hip.UTK.K016.06.2016.10.19.day15,276,308.32,UTK.K016.06
soil.hip.UTK.K016.06.2016.10.20.day16,299.7,356.19,UTK.K016.06
soil.hip.UTK.K016.06.2016.10.21.day17,316.6,308.32,UTK.K016.06
soil.hip.UTK.K016.06.2016.10.22.day18,328.2,308.32,UTK.K016.06
soil.hip.UTK.K016.06.2016.10.23.day19,340,358.49,UTK.K016.06
soil.hip.UTK.K016.06.2016.10.24.day20,357.1,358.49,UTK.K016.06
soil.hip.UTK.K016.06.2016.10.25.day21,373.2,356.19,UTK.K016.06
,,,
soil.hip.UTK.K016.10.2017.05.25.day1,0,32.8,UTK.K016.10
soil.hip.UTK.K016.10.2017.05.26.day2,18.3,32.8,UTK.K016.10
soil.hip.UTK.K016.10.2017.05.27.day3,41.5,32.8,UTK.K016.10
soil.hip.UTK.K016.10.2017.05.28.day4,62.3,32.8,UTK.K016.10
soil.hip.UTK.K016.10.2017.05.29.day5,84.2,66.11,UTK.K016.10
soil.hip.UTK.K016.10.2017.05.30.day6,105.8,66.11,UTK.K016.10
soil.hip.UTK.K016.10.2017.05.31.day7,126.4,28.65,UTK.K016.10
soil.hip.UTK.K016.10.2017.06.01.day8,148.5,126.4,UTK.K016.10
soil.hip.UTK.K016.10.2017.06.02.day9,170.3,148.5,UTK.K016.10
soil.hip.UTK.K016.10.2017.06.03.day10,193.3,225,UTK.K016.10
soil.hip.UTK.K016.10.2017.06.04.day11,215.2,225,UTK.K016.10
soil.hip.UTK.K016.10.2017.06.05.day12,236.6,225,UTK.K016.10
soil.hip.UTK.K016.10.2017.06.06.day13,258.6,225,UTK.K016.10
soil.hip.UTK.K016.10.2017.06.07.day14,278.9,225,UTK.K016.10
soil.hip.UTK.K016.10.2017.06.08.day15,298.6,340.1,UTK.K016.10
soil.hip.UTK.K016.10.2017.06.09.day16,319.6,263.08,UTK.K016.10
soil.hip.UTK.K016.10.2017.06.10.day17,341.7,340.1,UTK.K016.10
soil.hip.UTK.K016.10.2017.06.11.day18,366.3,340.1,UTK.K016.10
soil.hip.UTK.K016.10.2017.06.12.day19,392.2,340.1,UTK.K016.10
soil.hip.UTK.K016.10.2017.06.13.day20,417.9,340.1,UTK.K016.10
soil.hip.UTK.K016.10.2017.06.14.day21,441.3,340.1,UTK.K016.10
,,,
soil.hip.UTK.K016.11.2017.05.25.day1,0,32.8,UTK.K016.11
soil.hip.UTK.K016.11.2017.05.26.day2,18.3,32.8,UTK.K016.11
soil.hip.UTK.K016.11.2017.05.27.day3,41.5,32.8,UTK.K016.11
soil.hip.UTK.K016.11.2017.05.28.day4,62.3,32.8,UTK.K016.11
soil.hip.UTK.K016.11.2017.05.29.day5,84.2,66.11,UTK.K016.11
soil.hip.UTK.K016.11.2017.05.30.day6,105.8,66.11,UTK.K016.11
soil.hip.UTK.K016.11.2017.05.31.day7,126.4,127.93,UTK.K016.11
soil.hip.UTK.K016.11.2017.06.01.day8,148.5,147.48,UTK.K016.11
soil.hip.UTK.K016.11.2017.06.02.day9,170.3,147.48,UTK.K016.11
soil.hip.UTK.K016.11.2017.06.03.day10,193.3,193.63,UTK.K016.11
soil.hip.UTK.K016.11.2017.06.04.day11,215.2,249.31,UTK.K016.11
soil.hip.UTK.K016.11.2017.06.05.day12,236.6,219.2,UTK.K016.11
soil.hip.UTK.K016.11.2017.06.06.day13,258.6,249.31,UTK.K016.11
soil.hip.UTK.K016.11.2017.06.07.day14,278.9,249.31,UTK.K016.11
soil.hip.UTK.K016.11.2017.06.08.day15,298.6,249.31,UTK.K016.11
soil.hip.UTK.K016.11.2017.06.09.day16,319.6,249.31,UTK.K016.11
soil.hip.UTK.K016.11.2017.06.10.day17,341.7,270.28,UTK.K016.11
soil.hip.UTK.K016.11.2017.06.11.day18,366.3,270.28,UTK.K016.11
soil.hip.UTK.K016.11.2017.06.12.day19,392.2,270.28,UTK.K016.11
soil.hip.UTK.K016.11.2017.06.13.day20,417.9,270.28,UTK.K016.11
soil.hip.UTK.K016.11.2017.06.14.day21,441.3,270.28,UTK.K016.11
,,,
soil.hip.UTK.K016.12.2017.05.25.day1,0,32.13,UTK.K016.12
soil.hip.UTK.K016.12.2017.05.26.day2,18.3,32.13,UTK.K016.12
soil.hip.UTK.K016.12.2017.05.27.day3,41.5,32.13,UTK.K016.12
soil.hip.UTK.K016.12.2017.05.28.day4,62.3,32.13,UTK.K016.12
soil.hip.UTK.K016.12.2017.05.29.day5,84.2,66.2,UTK.K016.12
soil.hip.UTK.K016.12.2017.05.30.day6,105.8,66.2,UTK.K016.12
soil.hip.UTK.K016.12.2017.05.31.day7,126.4,131.21,UTK.K016.12
soil.hip.UTK.K016.12.2017.06.01.day8,148.5,147.25,UTK.K016.12
soil.hip.UTK.K016.12.2017.06.02.day9,170.3,200.7,UTK.K016.12
soil.hip.UTK.K016.12.2017.06.03.day10,193.3,200.7,UTK.K016.12
soil.hip.UTK.K016.12.2017.06.04.day11,215.2,215.77,UTK.K016.12
soil.hip.UTK.K016.12.2017.06.05.day12,236.6,192.59,UTK.K016.12
soil.hip.UTK.K016.12.2017.06.06.day13,258.6,215.77,UTK.K016.12
soil.hip.UTK.K016.12.2017.06.07.day14,278.9,223.29,UTK.K016.12
soil.hip.UTK.K016.12.2017.06.08.day15,298.6,223.29,UTK.K016.12
soil.hip.UTK.K016.12.2017.06.09.day16,319.6,223.29,UTK.K016.12
soil.hip.UTK.K016.12.2017.06.10.day17,341.7,251.53,UTK.K016.12
soil.hip.UTK.K016.12.2017.06.11.day18,366.3,223.29,UTK.K016.12
soil.hip.UTK.K016.12.2017.06.12.day19,392.2,251.53,UTK.K016.12
soil.hip.UTK.K016.12.2017.06.13.day20,417.9,223.29,UTK.K016.12
soil.hip.UTK.K016.12.2017.06.14.day21,441.3,251.53,UTK.K016.12
,,,
soil.hip.SHSU.2016.007.2016.04.15.day1,0,40.46,shsu.2016.007
soil.hip.SHSU.2016.007.2016.04.16.day2,23.33,40.46,shsu.2016.007
soil.hip.SHSU.2016.007.2016.04.17.day3,45.83,44.61,shsu.2016.007
soil.hip.SHSU.2016.007.2016.04.18.day4,67.5,61.68,shsu.2016.007
soil.hip.SHSU.2016.007.2016.04.19.day5,90.56,148.64,shsu.2016.007
soil.hip.SHSU.2016.007.2016.04.20.day6,111.67,158.82,shsu.2016.007
soil.hip.SHSU.2016.007.2016.04.21.day7,132.78,245.95,shsu.2016.007
soil.hip.SHSU.2016.007.2016.04.22.day8,153.89,364.98,shsu.2016.007
soil.hip.SHSU.2016.007.2016.04.23.day9,174.44,364.98,shsu.2016.007
soil.hip.SHSU.2016.007.2016.04.24.day10,194.72,364.98,shsu.2016.007
soil.hip.SHSU.2016.007.2016.04.25.day11,220.56,364.98,shsu.2016.007
soil.hip.SHSU.2016.007.2016.04.26.day12,247.22,364.98,shsu.2016.007
soil.hip.SHSU.2016.007.2016.04.27.day13,271.11,364.98,shsu.2016.007
soil.hip.SHSU.2016.007.2016.04.28.day14,296.39,364.98,shsu.2016.007
soil.hip.SHSU.2016.007.2016.04.29.day15,324.44,362.99,shsu.2016.007
soil.hip.SHSU.2016.007.2016.04.30.day16,350,362.99,shsu.2016.007
soil.hip.SHSU.2016.007.2016.05.01.day17,373.61,362.99,shsu.2016.007
soil.hip.SHSU.2016.007.2016.05.02.day18,391.67,362.99,shsu.2016.007
soil.hip.SHSU.2016.007.2016.05.03.day19,409.17,362.99,shsu.2016.007
soil.hip.SHSU.2016.007.2016.05.04.day20,428.61,362.99,shsu.2016.007
soil.hip.SHSU.2016.007.2016.05.05.day21,449.17,362.99,shsu.2016.007
,,,
soil.hip.SHSU.2016.011.2016.04.15.day1,0,64.3,shsu.2016.011
soil.hip.SHSU.2016.011.2016.04.16.day2,23.33,64.3,shsu.2016.011
soil.hip.SHSU.2016.011.2016.04.17.day3,45.83,131.93,shsu.2016.011
soil.hip.SHSU.2016.011.2016.04.18.day4,67.5,194.72,shsu.2016.011
soil.hip.SHSU.2016.011.2016.04.19.day5,90.56,296.16,shsu.2016.011
soil.hip.SHSU.2016.011.2016.04.20.day6,111.67,354.53,shsu.2016.011
soil.hip.SHSU.2016.011.2016.04.21.day7,132.78,324.77,shsu.2016.011
soil.hip.SHSU.2016.011.2016.04.22.day8,153.89,324.77,shsu.2016.011
soil.hip.SHSU.2016.011.2016.04.23.day9,174.44,351.76,shsu.2016.011
soil.hip.SHSU.2016.011.2016.04.24.day10,194.72,351.76,shsu.2016.011
soil.hip.SHSU.2016.011.2016.04.25.day11,220.56,351.76,shsu.2016.011
soil.hip.SHSU.2016.011.2016.04.26.day12,247.22,324.77,shsu.2016.011
soil.hip.SHSU.2016.011.2016.04.27.day13,271.11,324.77,shsu.2016.011
soil.hip.SHSU.2016.011.2016.04.28.day14,296.39,324.77,shsu.2016.011
soil.hip.SHSU.2016.011.2016.04.29.day15,324.44,324.77,shsu.2016.011
soil.hip.SHSU.2016.011.2016.04.30.day16,350,324.77,shsu.2016.011
soil.hip.SHSU.2016.011.2016.05.01.day17,373.61,391.13,shsu.2016.011
soil.hip.SHSU.2016.011.2016.05.02.day18,391.67,391.13,shsu.2016.011
soil.hip.SHSU.2016.011.2016.05.03.day19,409.17,391.13,shsu.2016.011
soil.hip.SHSU.2016.011.2016.05.04.day20,428.61,391.13,shsu.2016.011
soil.hip.SHSU.2016.011.2016.05.05.day21,449.17,391.13,shsu.2016.011
,,,
soil.hip.SHSU.2016.024.2016.04.15.day1,0,72.44,shsu.2016.024
soil.hip.SHSU.2016.024.2016.04.16.day2,23.33,64.06,shsu.2016.024
soil.hip.SHSU.2016.024.2016.04.17.day3,45.83,97.34,shsu.2016.024
soil.hip.SHSU.2016.024.2016.04.18.day4,67.5,224.7,shsu.2016.024
soil.hip.SHSU.2016.024.2016.04.19.day5,90.56,296.36,shsu.2016.024
soil.hip.SHSU.2016.024.2016.04.20.day6,111.67,364.09,shsu.2016.024
soil.hip.SHSU.2016.024.2016.04.21.day7,132.78,367.91,shsu.2016.024
soil.hip.SHSU.2016.024.2016.04.22.day8,153.89,347.82,shsu.2016.024
soil.hip.SHSU.2016.024.2016.04.23.day9,174.44,356.44,shsu.2016.024
soil.hip.SHSU.2016.024.2016.04.24.day10,194.72,356.44,shsu.2016.024
soil.hip.SHSU.2016.024.2016.04.25.day11,220.56,356.44,shsu.2016.024
soil.hip.SHSU.2016.024.2016.04.26.day12,247.22,356.44,shsu.2016.024
soil.hip.SHSU.2016.024.2016.04.27.day13,271.11,356.44,shsu.2016.024
soil.hip.SHSU.2016.024.2016.04.28.day14,296.39,356.44,shsu.2016.024
soil.hip.SHSU.2016.024.2016.04.29.day15,324.44,356.44,shsu.2016.024
soil.hip.SHSU.2016.024.2016.04.30.day16,350,288.41,shsu.2016.024
soil.hip.SHSU.2016.024.2016.05.01.day17,373.61,278.91,shsu.2016.024
soil.hip.SHSU.2016.024.2016.05.02.day18,391.67,278.91,shsu.2016.024
soil.hip.SHSU.2016.024.2016.05.03.day19,409.17,278.91,shsu.2016.024
soil.hip.SHSU.2016.024.2016.05.04.day20,428.61,278.91,shsu.2016.024
soil.hip.SHSU.2016.024.2016.05.05.day21,449.17,278.91,shsu.2016.024