avg_percent_humidity,0.10220489139054063
X263.140283644655_2.98612235460993,0.07496396204570988
X245.137936002227_3.19287833787465,0.05625734786748964
X282.27712487174_7.23317913752913,0.05429059459990199
X317.267073197798_5.38109242424242,0.04482420731605864
X245.137789608755_2.98527268385864,0.03813452467218426
X285.130411970204_2.98537077346743,0.03501503982924562
X187.096183604173_2.39946025377229,0.03183479285073323
X125.096263540796_2.69875979919678,0.0235675352323391
X245.078003083258_4.66396657273215,0.021726743355029613
X187.096011106995_2.23879881226053,0.02060738830177904
X241.105193080902_2.83643516666666,0.019012124425662975
X329.258368752219_6.27686818181818,0.018831087324110797
X433.323065185546_8.86960333333333,0.01850242315436764
X231.122421042702_2.60736706060606,0.015001795235113422
X399.197995855595_3.08784197314652,0.013376749343192256
X163.075292353044_4.01247105263157,0.012652459551148479
X245.137785312456_2.8900016292735,0.01235726806015745
X175.096391116217_2.62781174684159,0.00934961783618502
X281.146942582623_3.15035396910919,0.008469750975134067
X249.123215242019_3.67113556244464,0.007837159811183715
X641.458188069661_8.69222422222222,0.007707080037880867
X195.13316496976_4.15110439886481,0.007448432032166812
X173.117196884399_4.15995939829605,0.007156842008446728
X295.225746885259_6.09304465868794,0.00660093385463094
X353.098714943391_4.59981183483936,0.006233229421769063
X395.203432664221_3.10285158303464,0.00617669879079224
X181.08210740266_2.75434423868312,0.00600486573112356
X1001.74510192871_9.82287916666666,0.006001623721800401
X97.0267795215953_9.98422878787878,0.005918800888155196
X407.327820389359_6.66510555555555,0.005900317628014509
X785.573497772216_9.36187395833333,0.005648584854686904
X377.216135401474_3.08847202576754,0.005638525727607921
X279.230997695859_5.90311805903647,0.005505234961531192
X373.220279279436_3.10578817142857,0.005470787723583065
X234.081372202997_3.261699828722,0.005441982954083744
X217.13992070321_2.66419198606271,0.005371740238660383
X333.204033180519_4.87459938271604,0.005256664042289675
X277.21539171607_6.08451504424778,0.0052158345273545315
X348.271606756716_4.1523917611489,0.00515290602224014
X423.200442454854_2.82289945355191,0.0051065868263420215
X213.148126824373_4.15120526452957,0.004776125900593572
X249.110778530317_2.70307443431272,0.004172767797052716
X225.114074349403_3.50593388157894,0.0038947711801764376
X107.050260457595_3.15119662447257,0.0038749911423718287
X183.09680547532_2.69136446390658,0.003705653920557315
X227.162019903009_2.67467798573975,0.00370284376907703
X475.285675675901_4.9223602739726,0.003453493366561411
X353.22884937712_4.15044508410328,0.003335482300454647
X167.071587396261_2.97813351126927,0.0032933593273872194
X201.111491762358_3.33599339080459,0.0032876246015977914
X353.098175802348_5.57697390462358,0.0032125338265856216
X313.235049849706_4.15183788416075,0.003176448488745475
X163.075339768747_6.07387988505747,0.0031620055022384434
X354.260494284433_5.33493105022831,0.003093403147538515
X366.138407971719_6.08390067854113,0.002902895124536214
X265.140494495433_3.12109192307692,0.0028082387433252675
X319.223623210287_6.37895026697177,0.002790592946685294
X262.11255980945_4.10148051912568,0.0026771792614905068
X351.213314389425_4.40943501984127,0.00254501233574146
X251.124795321163_2.33367887377173,0.0025049901264483873
X256.262006528934_7.07576439121756,0.0024909335663000705
X339.249473162014_5.56940206024439,0.0024724748037172955
X423.178458042584_6.48223559010363,0.002436862268298479
X646.263733127105_5.41250488414955,0.002433316376903105
X729.510476363332_8.60169692982456,0.002402275186677535
X291.085607428299_2.01115873113015,0.0023448727717638044
X283.262279643568_7.70306372739017,0.0023140518131502183
X320.242130564219_6.70818644278606,0.002276234065951391
X259.093679218226_4.27006288350634,0.0022724679743083404
X197.081105648362_2.62669706723891,0.0022646862926174066
X346.257596826827_3.55504612923864,0.0022060171507443994
X443.167086621125_3.26429537760416,0.0021806730056175296
X435.164287806437_4.23175285977859,0.0021605462366469093
X267.155462431215_2.93422489626556,0.0021130759513530877
X299.256905279868_6.73909269972451,0.0020097944125310385
X101.071236603057_9.94047099400171,0.001976386433484127
X124.087067921956_9.26737777777777,0.0019289546161048768
X173.117033925945_3.56871309285237,0.0019170860438335207
X354.317504882812_7.97480119047619,0.0019048454744348487
X331.208143458928_3.28996994569757,0.0018875790385578946
X209.078226857789_2.23334518779342,0.0018644737360030805
X183.098966690937_1.34278565834557,0.001854907412724006
X679.250579317986_5.94491116478796,0.0018431344873021105
X360.179552706805_6.08574106297349,0.0018194741552360917
X247.153521196166_4.79300914179104,0.0017966516057282438
X143.106671959869_1.35962517590149,0.0017827793989710922
X425.376410969994_8.22967955301949,0.001761387745222696
X299.161897398418_3.15122003546099,0.0017453919747236148
X155.106634796142_4.29673321333332,0.0016892463258756645
X867.651144174429_9.18721666666666,0.0016877905543579838
X195.098852603876_3.7230375449964,0.0016463101001832163
X329.137763642305_5.73585542352223,0.0015922139910258656
X269.135520769391_4.80901312380951,0.001586366786965264
X344.156682288585_5.93014153757889,0.0015147115492278338
X125.096239553365_3.08885407463823,0.0014935591463926161
X345.181369912503_5.81221479797979,0.0014417821432666496
X169.049980236863_2.06199137047709,0.0014349415311656463
X338.340748569973_8.40681924398625,0.0014213757259440144
X251.124887110211_2.82948648542159,0.0014127737150600036
X298.273786351693_7.60156672587329,0.0013978004854720834
X283.151761356476_3.17104010752688,0.0013852757505332207
X249.144633196712_3.46779988295879,0.0013820408128217988
X308.220965328732_3.73019024024023,0.0013479297403005508
X239.12722864151_4.0941625,0.0013407036418849796
X189.111734490645_3.08803657136669,0.0013283889894560971
X393.261173147373_5.54839162257495,0.0012582484674588956
X231.158516312012_5.65333373435995,0.0012391914841117456
X281.246455416747_6.20061735953641,0.0012255428200469204
X223.093713323563_1.93567832469775,0.001189733927110657
X601.203429969581_6.52201672297296,0.0011890649743016262
X435.295614166033_6.00104928182267,0.0011863794487622138
X259.09375055893_4.15571666666667,0.0011821332425210305
X305.135812741234_3.50155142857142,0.001176514615885763
X179.07127194361_3.01670156453715,0.0011762133182866255
X360.179788221631_5.93664860119048,0.0011662625056109062
X230.069373562853_3.26562897570748,0.0011605842241711887
X181.085227319292_3.41777049469964,0.0011432118557039106
X171.101135758716_3.08703594815825,0.001100585798136242
X173.117045976327_3.72598326359832,0.0010951991359731711
X124.087145421101_9.9376647703549,0.0010880802254964626
X123.044500193611_2.84329253647587,0.0010859615768006128
X321.238836978206_6.20834275608376,0.0010793741873468005
X105.051510839751_0.83720303030303,0.0010596438550283618
X321.239066987643_6.04973842289208,0.0010550645069836912
X223.09537516044_3.34094017372421,0.0010352722858898566
X278.189859650704_4.10320385434824,0.0010265422060208363
X171.101318726096_4.03019998258446,0.0010186556609868254
X367.334794133208_7.93439510658914,0.001003178884699343
X781.615183512369_9.12702222222222,0.000999621224848598
X653.227340698242_5.42434166666666,0.0009810896124750861
X297.241099285031_4.90629917827795,0.0009600168072480095
X209.081737897783_3.06739120855148,0.0009563412584268441
X331.118029471828_4.60017647468002,0.0008976786306002099
X130.113933563232_0.789570833333333,0.0008951289407386969
X823.62410583496_9.33294166666666,0.0008741301874420939
X229.14179186551_3.12849234800838,0.0008647066246465861
X316.146723820613_2.97462948717948,0.0008523145671018536
X389.249536805577_3.68482277556441,0.0008443595812476742
X117.091183609983_3.40778691183754,0.0008440091963315913
X485.21421786717_3.69879672619047,0.0008397701312284283
X423.198344573555_6.28129336688014,0.0008105974547881636
X307.151126008692_3.10370284552845,0.0008084132404116152
X457.27599998618_5.98798903144653,0.0007980161830041354
X275.088496350363_4.20603609715242,0.0007904250190080028
X603.252712382373_3.08996530334015,0.0007858825451470628
X281.135633892094_2.76622501529052,0.0007830060330446796
X575.217182231153_2.84308324786324,0.0007688341016208764
X253.141735748888_5.64962416963225,0.000762154101917287
X217.104270669358_0.901215008291874,0.0007395074264359431
X229.214820617717_6.95954829816202,0.0007282442023472745
X707.45352799925_6.23920205479452,0.0007255337301857922
X469.14760963839_4.57910787212535,0.0007045530583259773
X295.225880059381_5.26666253509827,0.000699523201446581
X271.226037931379_5.91553304786999,0.0006612807192633831
X455.224495216187_4.33485276636537,0.0006560841047307261
X181.051502633977_3.26765235339506,0.0006489981603670876
X283.160853143948_2.83624203980099,0.0006365388754718473
X258.100778406316_4.03102146464646,0.0006329072531224988
X150.063234630245_3.26544036296806,0.000630302109432813
X273.166767817802_2.85738918918918,0.000626230764775461
X305.156523855108_2.09515087719298,0.0006247115604134055
X367.208372476938_3.3484946509009,0.0006130156347516594
X227.090423007344_2.38394983042635,0.0006082215254078785
X206.138207382296_3.08690609040717,0.0006024625633039934
X121.966570456097_9.93652897648685,0.0006014624049329232
X277.10487907442_3.43770688354549,0.000588514429635092
X183.100056163051_1.94124532163742,0.000580572629936532
X249.111239345311_2.84389641758917,0.0005773404508388348
X279.230757406719_6.39681497927768,0.0005753092976731091
X143.106711203643_2.69856676915193,0.0005734447290314062
X223.127297351815_2.96714713391136,0.0005615552207552681
X105.033825482936_6.08846016377649,0.0005609519699415852
X177.088306969332_4.29501168674698,0.0005609066637456063
X315.251949358416_5.56270438438438,0.0005366763033830659
X297.241296932397_6.37728866813834,0.0005322883207831995
X217.104365895847_0.798500888324873,0.0005271746459118235
X549.161242180901_3.25934819819819,0.0004925726900263978
X255.230970173856_5.7249102189781,0.0004699057928609438
X525.287501790602_2.76572368421052,0.00046585978742839137
X281.24658997156_6.05279702194357,0.00046350748388724277
X155.106576385498_3.72426801234568,0.000461608149256492
X577.225082602276_3.01076303131991,0.0004591108309635571
X317.207594376036_6.07408407821229,0.00045796790325911934
X247.16604482941_9.94318677098151,0.00045647014693507137
X347.133178304991_2.17169632237872,0.0004557684485287159
X501.209034568978_3.15056437715411,0.0004433941337195363
X365.135490902987_6.08347696969697,0.00043028056366283706
X393.300845286367_8.38318778467909,0.00042485683372447145
X973.714312235514_8.52685138888888,0.0004226956763117221
X293.07795650009_5.53579628613245,0.0004070555179125146
X144.982311050405_9.93610765092649,0.0003983348337304051
X307.238124847412_6.3096375,0.0003964759410526001
X169.083052596884_3.02616638477801,0.00039545807017790635
X367.210576650258_3.73232113022112,0.0003898020356586596
X141.958495154309_9.9852594402985,0.00038489600993747686
X427.231463120715_4.17244348184818,0.00038259628884755424
X437.234869548252_2.55942667748917,0.0003726839621900521
X795.542708456636_6.61773579124578,0.00036626195925610716
X283.1512828108_2.46301833616298,0.00036433726388247593
X391.244593048095_5.74025768518518,0.00036352676025500747
X477.24738794594_4.03016163446054,0.0003549942716377129
X297.148616972423_3.66069795918367,0.00034527718035756895
X187.132559969724_3.54547162954278,0.0003438493354391999
X155.106590406138_3.54257160493827,0.00034245732908095704
X393.20879965785_2.43590272289767,0.00033765109594777973
X159.137766496758_5.05719578947368,0.00033038664778005145
X227.133280090012_3.67175333042466,0.0003300333337776591
X459.3229599577_8.07149021464647,0.00032521615779519057
X185.0806732793_2.25375398745519,0.0003240550650311278
X205.085357570648_3.06156,0.00032214510486278813
X323.200159743025_5.81599159159158,0.00031536164231381813
X99.0133918469305_9.99074939061547,0.00031505887622363846
X309.205121169219_5.24868322072072,0.00030919902598831547
X353.103366681921_4.69028405308142,0.0003048594441166951
X349.182713635225_2.28818164492197,0.00029226886790099276
X437.177288659826_4.25919653679653,0.00028442924984695643
X429.32033413781_6.63703951388888,0.00028440556041368616
X185.080538403724_2.17167016298633,0.00027984039648028486
X162.006880533351_9.98314104252401,0.0002791539109881995
X279.136259562933_3.30159247512437,0.0002782407153859356
X265.127281901041_3.50299272222222,0.0002755048256110259
X321.239098230997_6.72972180555555,0.00027444119235220626
X587.411419517115_7.56428421052631,0.00027056080852585514
X197.083854626308_2.21905591225254,0.00027048099419913
X317.122904936297_2.25546363469312,0.00026851100984815195
X263.236161361039_6.05773919141913,0.00026644957149285443
X209.083184638035_2.39753862525165,0.0002622050495751418
X495.257078986478_7.28601836248012,0.0002549385404556218
X293.207282244148_4.86243524011299,0.0002546211283063684
X205.130486040484_3.24824898710865,0.0002541713288627793
X391.216574009841_3.9280856707317,0.0002534454183878084
X401.216453772162_4.10930121951219,0.00025128025900486887
X109.101477606721_4.30149956072351,0.00025063941108664263
X311.220564489698_4.89126692607003,0.0002482265877598922
X321.137153828397_3.57538116134751,0.00024259494655037622
X311.254639029502_6.9229798014323,0.00024226644648203511
X185.114917657514_2.91191178778574,0.00024220513847288016
X451.266644131053_7.11107795454545,0.0002398500966772105
X421.345274388512_8.6927665374677,0.00023733446492318845
X405.190125503008_3.01022900232018,0.0002333817031507629
X281.246621041704_6.73085258397933,0.00023144246216510593
X369.093936747642_5.0812999162479,0.00023092316567403288
X124.087094650268_9.08451966666666,0.00021668454999467952
X110.021347529187_9.98922890528905,0.0002148394744490486
X265.137867211744_3.06717971516551,0.0002143671000333951
X335.218267234412_5.24703085612366,0.00021158123588541707
X441.369893141195_7.59128079812206,0.0002105691640620787
X509.205295526413_3.28036587301587,0.0002097724785790286
X146.980500120921_9.93622090254707,0.00020612535022013198
X353.266132584191_5.54705827067669,0.00020332776828282928
X297.147095491971_3.30133449298813,0.00019505883393853478
X411.234956891704_5.52740629322268,0.00019319411170547082
X173.11715455204_3.32365276409413,0.0001900755596478652
X195.098842242978_3.32083007075471,0.0001849961028537886
X421.146735428364_3.97134832028701,0.00017903161879506376
X329.231228362892_4.40034360189573,0.00017158805921851
X317.173110614135_3.48005227920227,0.00016326687706874043
X337.233980301759_5.64277155232154,0.00015921466638924467
X419.275898273174_6.45765166266026,0.00015573040639559236
X311.22086722219_5.6301370014245,0.00015491220432448157
X269.136840907505_3.16113047619047,0.00015375135918811177
X195.136670698199_5.32190847953216,0.0001524531635319662
X243.12568655085_3.50816794871794,0.00015202789502661052
X333.155742427608_5.4091094094094,0.00015182326337236156
X263.23609290238_6.20654228477807,0.00014751042722379316
X353.228840286667_4.44396238738739,0.00014667542616092114
X212.097852656761_3.0861762919311,0.00014599509985782768
X773.536545212204_8.56148108108107,0.000145213399081789
X315.122597285679_5.39633472222222,0.00014354200291535448
X385.291067831561_6.65166341463414,0.00014051004986580953
X211.204955993873_6.960255,0.0001400352316823035
X321.161688770967_5.28877886274509,0.0001391170610646999
X482.403753868887_6.87059871495326,0.00013836433836433853
X291.192945441943_5.72405805369127,0.00013732187834247664
X639.313105567726_6.71923954954954,0.0001359382471480293
X281.246712651746_6.76487611350574,0.00013554011715025206
X230.170335788919_2.66187542087542,0.00013539717639054265
X685.483960436536_8.64739935064935,0.00013379719335141177
X111.02174016799_9.9692627394636,0.0001328073109590626
X623.527201334635_9.62903888888888,0.00013170957707326763
X665.531469726562_9.67949,0.00013126216153820788
X501.374366266264_7.31500685851319,0.0001311064993247028
X483.36867399511_7.78857055251973,0.00013110649932470276
X281.153263788637_3.48174599033816,0.00013048324700019675
X375.24954891009_6.46547963723477,0.0001288317741883275
X379.281138662169_7.3151881243629,0.0001275436628745394
X344.156589346632_6.10044905345211,0.0001227220868921711
X313.106697978498_5.08477325029655,0.00011717776264752584
X245.161812580807_2.78956737089201,0.00011661612243458643
X391.283118041635_8.39087904483431,0.00011597883059679548
X475.323189629448_2.94382407407407,0.00011487685822054592
X207.131262197434_2.407221802935,0.00011448295699697973
X463.302077988133_6.45294206060607,0.00011420700737467361
X499.193570439119_3.30066604554865,0.00011385781306387586
X261.109754415658_3.2079516025641,0.00011283608571038631
X401.338991000014_8.13704111956867,0.00011008159314064446
X165.088473765807_2.52492438362919,0.00010770708515209839
X251.155228480819_3.34591225895317,0.00010713581058862225
X228.122982114413_3.26381284451378,0.00010303140127883196
X90.5246785074404_9.98934191456903,0.00010099161443272618
X312.325172195569_8.36261540270429,9.871052474479138e-05
X423.200658575094_3.00910092767295,9.844947825260687e-05
X421.351027429883_6.76435694704049,9.778149030783973e-05
X157.083571887103_0.804737019036047,9.403020639506015e-05
X344.215121293393_2.29150259909031,8.851039169392212e-05
X483.294107995382_5.6604543699187,8.384074879675572e-05
X309.131591796875_2.67078333333333,8.217006505376733e-05
X331.12877314324_4.26358449568804,8.038348082595874e-05
X145.122288209013_4.5914267435475,7.412330482552456e-05
total_precipitation_cm,7.347440769990116e-05
X261.109658767927_9.90742960199005,6.93968527983641e-05
X337.104194335937_6.35179599999999,5.186114043374042e-05
X377.166224510158_4.03454535768645,4.3828061638280635e-05
X547.193151185006_3.2572502840909,3.337501771251208e-05
X213.115272059585_2.94118661616161,3.132559635764885e-05
X683.468771168648_4.15390083880379,2.621474338435989e-05
X549.380208996758_7.86295833333333,2.135707207237937e-05
X747.440542575186_6.73863230900555,1.8842268842268834e-05
X343.153709503541_5.91822449799197,1.4910506776131137e-05
X741.546843679327_9.42718070175438,1.4469830111306401e-05
X147.984343029203_9.93076587301586,1.3593087887292958e-05
X473.342668709776_6.62609226627509,1.348802356528255e-05
X315.252056024013_5.64095601851851,1.2813589277824144e-05
X270.246493979576_6.97662823454429,1.2281530467642894e-05
X657.45289933054_8.23325153508771,1.177963196633107e-05
X223.0969552087_4.67388333333333,9.000790534590035e-06
X679.250597572691_6.9781465583174,8.988555807811702e-06
X221.077850733334_2.21639787390029,7.54735968200458e-06
X330.261909686394_5.24874905660377,7.355825814044726e-06
X189.052000893734_2.97195995721508,7.241304400299305e-06
X283.185130536114_3.70088234567901,5.83381117399217e-06
X183.099236447439_1.40563036117381,5.794230531137801e-06
X455.335116408941_7.63195931758529,0.0
X187.131099700927_3.79835657894736,0.0
X186.130190604073_3.84750404761904,0.0
X442.327374776204_4.03044444444444,0.0
X383.240253024631_6.32165925925926,0.0
X500.361103057861_4.41277395833333,0.0
X665.200086514625_5.47305961538461,0.0
X613.427441871136_7.68928271908271,0.0
X264.180165204134_4.8363159090909,0.0
X384.289279174804_3.63402,0.0
X702.326225930071_5.95897987588652,0.0
X331.1560368942_2.85003644067796,0.0
X297.241462162562_5.57298015873015,0.0
X271.162369728088_4.24335416666666,0.0
X534.232515207926_5.82127157407407,0.0
X433.286895751953_3.72942083333333,0.0
X316.131718226841_3.29618809523809,0.0
X185.116868318016_3.5115881840796,0.0
X337.233510335286_5.23133101851852,0.0
X408.311489683209_6.88416919191919,0.0
X679.445747944846_5.32295348258706,0.0
X403.250416056315_6.80740444444444,0.0
X569.401438063829_7.71331867535287,0.0
X295.22570644852_6.13153386050283,0.0
X157.087274290386_3.42965140350877,0.0
X242.217767125909_6.2767656060606,0.0
X295.225473313104_4.65056891534391,0.0
X272.168446806288_3.43091632302405,0.0
X468.171791500515_3.29200185185185,0.0
X99.5125369480678_9.97870619047619,0.0
X680.925995201192_6.23933345280764,0.0
X957.447328016493_3.15047814814814,0.0
X418.242865003678_6.29553274596182,0.0
X501.376995697021_7.76749033333333,0.0
X563.371038669493_4.70957886178861,0.0
X658.912935083562_6.24822525252525,0.0
X862.578700138972_6.81488803418803,0.0
X425.213803972516_6.78795595238095,0.0
X309.162463188171_3.20002760416666,0.0
X298.346013387044_6.28440059523809,0.0
X614.887700749539_6.26469473180076,0.0
X425.311016082763_4.06655,0.0
X485.235895792643_5.64501944444444,0.0
X307.203927993774_3.88057708333333,0.0
X328.319825439453_7.431349,0.0
X285.121890324418_5.01388440860215,0.0
X309.204400017148_4.58222202380952,0.0
X281.159365154448_3.62419523809523,0.0
X440.325004577636_4.08458333333333,0.0
X345.226599416425_3.31955725806451,0.0
X329.147227360652_3.19632051282051,0.0
X385.313570889559_8.18406136363636,0.0
X373.266136618221_4.6429612745098,0.0
X251.196778005923_5.72764201257861,0.0
X353.235041936238_3.39043935185185,0.0
X242.247097969055_6.61448875,0.0
X98.5125409979569_0.777937543859649,0.0
X265.201195094896_5.59060471014492,0.0
X253.116952749399_4.2208582051282,0.0
X590.423933029174_6.42837239583333,0.0
X321.227495492222_2.70295863453815,0.0
X232.152069091796_4.00226166666666,0.0
X380.180410569713_3.07992473118279,0.0
X536.164774576822_9.58509888888888,0.0
X530.356170654296_4.059053125,0.0
X301.16485040838_3.20119924242424,0.0
X283.261846131269_6.46965379294957,0.0
X515.248862661966_3.41892723577235,0.0
X469.344131469726_4.11589345238095,0.0
X481.350748874173_7.75450132013201,0.0
X509.34492080782_7.62172208588956,0.0
X385.345232991777_7.94504970414201,0.0
X415.219428455128_3.26880036764705,0.0
X554.174249267578_7.68111333333333,0.0
X313.149560837518_2.78638809523809,0.0
X413.376461821477_9.85506062801932,0.0
X107.049372482299_3.48065033333333,0.0
X628.193651471819_8.20696904761904,0.0
X679.250625453044_6.06352903780068,0.0
X233.077880526549_5.75915755033556,0.0
X267.151931951075_2.6791878600823,0.0
X211.096116770868_3.08753152173913,0.0
X520.332172369907_2.76828688239387,0.0
X261.109661647251_3.94843809523809,0.0
X388.25279629341_2.43939573283858,0.0
X149.060073189113_3.25974927536231,0.0
X332.148698337742_0.846389822404371,0.0
X922.009780883789_0.0849,0.0
X315.251807106865_5.21308634259259,0.0
X124.087087127397_9.17698144654088,0.0
X227.090758939989_2.23205351473922,0.0
X685.433905029296_8.73697833333333,0.0
X535.360947672526_7.73085654320987,0.0
X929.688028971354_8.7254865079365,0.0
X313.236414640852_5.21616860841424,0.0
X709.556804838634_9.49934285714285,0.0
X776.230580647786_9.04936111111111,0.0
X149.059870661859_0.832815579710144,0.0
X667.34421123798_6.72209861538461,0.0
X206.556623804001_9.99133170634921,0.0
X143.996791312365_9.98899552845528,0.0
X499.360019259982_7.61184777777777,0.0
X423.201229731241_3.12049305555555,0.0
X471.198758544921_4.04473715151515,0.0
X551.337653595266_6.28993915857605,0.0
X100.510401916503_9.96895166666666,0.0
X105.033750230485_9.991104004004,0.0
X233.0779171328_0.826919029535864,0.0
X651.219416618347_0.842869531249999,0.0
X120.026037640041_9.96247614379085,0.0
X117.959781222873_9.96901018518518,0.0
X255.228843688964_6.15564294871794,0.0
X233.225787388194_6.47904537878787,0.0
X753.583103179931_9.35410555555555,0.0
X880.707050030048_8.91229487179487,0.0
X165.082647575522_5.95276147798742,0.0
X517.263902172599_3.4398793814433,0.0
X438.377493030528_6.89056823181048,0.0
X337.103831061001_0.804000574712643,0.0
X315.122103782244_0.834238966588966,0.0
X680.478801727294_8.90505208333333,0.0
X651.219308192254_6.97452669060442,0.0
X836.680339268275_9.06077857142857,0.0
X841.635360717773_9.0654625,0.0
X333.202483651023_5.64983668763102,0.0
X335.218372862334_6.03617884267631,0.0
X329.204939692853_2.81235642570281,0.0
X792.654015435112_9.20432037037037,0.0
X619.423130915715_6.25267948717948,0.0
X885.662104067595_8.90599927536232,0.0
X797.609119121845_9.20873974358974,0.0
X924.732259114583_8.71224444444444,0.0
X354.317547607421_7.79306833333333,0.0
X88.0222981037237_9.98843888888888,0.0
X243.135427263047_5.70126296296296,0.0
X709.55715560913_9.31162916666666,0.0
X212.142776489257_6.34480833333333,0.0
X265.176673615284_5.30598444444444,0.0
X305.136203163548_3.0884370614035,0.0
X575.224586267695_4.02928816362053,0.0
X242.247043753028_6.72879592731829,0.0
X378.301116294049_7.10551879432624,0.0
X299.217921820212_5.27257112860892,0.0
X346.163918887867_5.75705392156862,0.0
X513.209391804484_4.2155645021645,0.0
X331.283303892309_7.17624591429994,0.0
X288.244890127609_4.86776044776119,0.0
X196.145260620117_5.37962333333333,0.0
X621.443389214409_6.81923925925925,0.0
X341.267040165326_6.65812035623409,0.0
X162.007940995065_0.771163157894736,0.0
X797.609386243318_8.98125350877192,0.0
X635.384518380892_3.00444378531073,0.0
X753.583812512849_9.1500745614035,0.0
X841.636063519646_8.80508333333333,0.0
X885.661954012784_8.61188181818181,0.0
X270.278182922606_7.326998937583,0.0
X340.356157395723_8.91587326258843,0.0
X355.251878044822_6.32539640151515,0.0
X323.171485972181_5.28208224299065,0.0
X290.232265472412_4.77805,0.0
X221.145697021484_5.67329999999999,0.0
X158.153798192113_4.34759069069069,0.0
X230.247547912597_4.70871333333333,0.0
X193.144689223345_3.6062794117647,0.0
X301.140323936939_6.29404296874999,0.0
X381.296875476837_7.80113454861111,0.0
X272.254709097055_4.83356666666666,0.0
X309.274447491294_6.75140131578947,0.0
X258.171637035551_3.49094087301587,0.0
X451.272658996582_4.08308566666666,0.0
X279.200911983366_6.27801989247311,0.0
X284.280573331392_7.746725,0.0
X463.300883573644_5.65371862745098,0.0
X281.210266514828_5.27661842105263,0.0
X307.260924727828_6.93982358024691,0.0
X351.263639831542_7.01659055555555,0.0
X599.46511641359_9.16134694989107,0.0
X575.224563358714_4.08333647798742,0.0
X356.108725106064_5.45671306413301,0.0
X307.105236264612_5.00813245182452,0.0
X569.313572400236_2.85373727168949,0.0
X613.339813106489_2.93188654287024,0.0
X309.166722342104_3.09331475507765,0.0
X237.220427340176_7.13047029360967,0.0
X369.296479637943_7.37038362354892,0.0
X277.180388998478_4.76392752659574,0.0
X253.2154513728_5.54290778588807,0.0
X657.366051360443_3.00459157925408,0.0
X295.160996161566_3.48100382716049,0.0
X289.167932739257_2.79415266666666,0.0
X376.304633185977_5.37307301587301,0.0
X411.321864550041_7.20162414141414,0.0
X481.280668887501_7.45620075895568,0.0
X497.170874196948_3.31398690078037,0.0
X299.147185387549_3.34654458874458,0.0
X447.166123070106_4.58576862745097,0.0
X575.22462906376_5.3933502688172,0.0
X371.226813708116_2.44013158756137,0.0
X297.148140647194_4.40064242424242,0.0
X429.371018495664_7.57458413919414,0.0
X559.405875069754_7.13484047619047,0.0
X815.49437318626_6.1896141252955,0.0
X564.357983001881_2.8559695386064,0.0
X247.226246119012_6.96759794520547,0.0
X324.292402283678_7.72840526528958,0.0
X283.156700489768_3.58938279569892,0.0
X365.135403668438_5.09969938271604,0.0
X922.00978742327_0.798729365079364,0.0
X354.317603338332_8.09597182539682,0.0
X251.236148675103_6.38780398346486,0.0
X513.392537734087_8.05958970588235,0.0
X845.492875050179_6.76354805665349,0.0
X326.20149774966_6.72379159420289,0.0
X217.142700433293_3.89640443425076,0.0
X277.213423203688_7.13919135897436,0.0
X183.137484168127_6.38530741167434,0.0
X255.230754852294_6.61422546296296,0.0
X327.200605550206_2.29227196115288,0.0
X245.1380064436_3.33388291366906,0.0
X803.542089001885_8.40307413793103,0.0
X387.235474527293_4.17417752873563,0.0
X583.24998332836_4.83634376543209,0.0
X171.101350915341_3.72644656488549,0.0
X331.186668331883_5.81865728291316,0.0
X371.314652594967_8.38747995169082,0.0
X471.3084058158_8.69734092827004,0.0
X274.273324246483_4.69881899224806,0.0
X297.151238893207_2.82497960526315,0.0
X299.171091581645_3.79623333333333,0.0
X243.231040822069_7.30165901571546,0.0
X459.278644400945_2.67192043282743,0.0
X345.168652264369_2.96181257225433,0.0
X497.20275379854_4.27075152941176,0.0
X411.360941501642_9.65166696100074,0.0
X529.337080332735_7.62387683560753,0.0
X783.573784964425_8.39269166666666,0.0
X463.232272720336_3.70141979166666,0.0
X181.085657293146_3.50449417862838,0.0
X186.13032503995_3.92765791666666,0.0
X337.234113181873_5.56492022178734,0.0
X215.127483511133_3.77028083048919,0.0
X529.404610884817_7.96114429824561,0.0
X281.246612658867_7.30952552083333,0.0
X451.267988946027_6.89972590233545,0.0
X305.24440751779_7.72425823878984,0.0
X476.305904755101_2.67164716132659,0.0
X207.174018859863_6.32188819444444,0.0
X527.372909182594_7.93785694444444,0.0
X496.336723430736_5.81663153153152,0.0
X337.233452190052_5.08157386363636,0.0
X455.348449248915_7.28498429561201,0.0
X310.309458343076_7.85013654147105,0.0
X327.161172384744_2.96185854700854,0.0
X283.260899788992_6.63112785714285,0.0
X547.331133771623_2.85583038095238,0.0
X441.209308708178_4.10503883248731,0.0
X265.14163928854_2.06567068965517,0.0
X421.292459671585_7.71481111111111,0.0
X653.365664395419_5.46632478354978,0.0
X523.359637607672_7.76792004273504,0.0
X313.236401092986_5.28683901830283,0.0
X299.186622619628_4.96650222222222,0.0
X297.147852155897_2.91925486111111,0.0
X241.175740781037_4.51492028985507,0.0
X335.218226580552_4.8440160798122,0.0
X615.461236307614_6.40095194218608,0.0
X263.22282134162_5.47360416666666,0.0
X432.279549477726_2.56271556047197,0.0
X339.248821169831_5.46927843551796,0.0
X141.126941653853_5.05760721040189,0.0
X513.486319283458_7.61833983644859,0.0
X345.217944874483_3.5520294117647,0.0
X305.135615437175_3.40880985090521,0.0
X287.149186666032_2.44809351032448,0.0
X411.341111879091_6.43193198198198,0.0
X366.138878766228_5.92704362745097,0.0
X531.350206111027_6.29857871794871,0.0
X561.471424549947_6.20823958031838,0.0
X297.147060043092_3.21685507936507,0.0
X207.153931027367_3.15665873015873,0.0
X517.369422584605_6.61411800623052,0.0
X665.470313750117_6.80325582329316,0.0
X141.091366251961_3.6173106557377,0.0
X371.205663139437_2.99634681069959,0.0
X583.308124325139_4.95374701897018,0.0
X603.334788038579_5.21962307692307,0.0
X445.36346075508_7.56200898876404,0.0
X567.255566498494_5.66372732997481,0.0
X745.418227963331_3.1327362804878,0.0
X323.163880547811_3.47024656007752,0.0
X330.229495603646_3.85810547263681,0.0
X601.351722240447_4.34274453125,0.0
X153.090995041867_3.09488695035461,0.0
X413.216075949472_3.93005502283105,0.0
X472.286019461495_3.90063095238095,0.0
X293.184524536132_3.03349803921568,0.0
X663.495308430989_8.65470222222222,0.0
X661.487100036953_4.15375789473684,0.0
X652.222694937638_5.41493937007874,0.0
X427.372321234809_8.73052731481481,0.0
X181.08434772298_3.80427119675456,0.0
X381.130217699414_5.28306478905887,0.0
X371.241033559302_5.5090301826484,0.0
X525.374115442346_7.73616716049382,0.0
X365.135131404085_0.799185324947588,0.0
X379.25520283467_5.73200382882883,0.0
X367.189450539981_6.76559709803921,0.0
X197.114548153347_3.76790555555555,0.0
X546.397528446081_6.44098922558922,0.0
X357.271780477987_5.33586216216216,0.0
X362.19378153483_3.07285879629629,0.0
X350.326551766231_6.91960801724138,0.0
X565.517636027714_7.72472345775013,0.0
X371.242291540233_5.53858698030634,0.0
X415.2527671033_2.56285761154855,0.0
X181.056675577295_2.86641058310376,0.0
X608.384612621904_2.93290476190476,0.0
X591.358111025682_2.93210435323383,0.0
X701.392317345394_3.07152462311557,0.0
X453.246036953396_4.7496974537037,0.0
X540.381761599809_6.40354978632478,0.0
X652.410604149404_3.00443468013468,0.0
X561.48586159983_6.06190037634408,0.0
X367.207932294425_5.17035776836158,0.0
X702.325941543233_6.1352611010558,0.0
X727.458018356779_6.37951339977851,0.0
X545.400660188776_7.29326310861423,0.0
X282.250101331254_6.05410453834115,0.0
X625.318934997022_5.21951409452112,0.0
X279.092276483321_2.44117966903073,0.0
X173.151030106977_5.48835132575757,0.0
X503.305425647919_2.76754940600978,0.0
X255.231139936996_7.37883769633507,0.0
X293.209694592406_5.62261263632052,0.0
X481.261231912885_2.66861680059524,0.0
X229.143050795016_4.43697119565217,0.0
X423.127830358205_1.99578720812182,0.0
X589.427597873894_7.26937667958656,0.0
X283.262246591073_7.97841543209876,0.0
X634.450307417889_6.41101394557823,0.0
X701.479423096461_7.6418686853002,0.0
X299.16323799465_3.48174869565217,0.0
X702.213592529296_8.65421111111111,0.0
X662.432938045925_6.49898252314814,0.0
X568.216854394306_6.04218306451613,0.0
X265.251858191667_7.72115745216515,0.0
X633.454130448635_7.25007688679244,0.0
X381.347413472244_6.73019687682428,0.0
X413.183163425378_4.24300445906432,0.0
X277.164467947823_4.57559285714285,0.0
X259.189956798888_5.46824700292397,0.0
X251.155575942993_3.86083107142857,0.0
X243.177851328035_5.31456788617886,0.0
X657.453540083831_7.66630770171149,0.0
X535.27403540039_2.87487066666666,0.0
X228.129535072728_3.67875526315789,0.0
X270.278053283691_7.43078325242718,0.0
X323.166277567545_4.34319229797979,0.0
X316.270841326032_5.91206388888888,0.0
X223.128096923828_3.35722466666666,0.0
X653.481935094614_7.5182737704918,0.0
X790.547860775353_6.22427452830188,0.0
X438.34111735026_6.32080888888889,0.0
X692.565324315485_9.48882201257862,0.0
X761.500119965652_7.63033132183907,0.0
X333.262604009909_6.31098032786885,0.0
X912.694679389565_9.2643429378531,0.0
X764.622908158735_9.86315151515151,0.0
X585.396272277832_7.81850611111111,0.0
X239.141048084605_1.74978575757575,0.0
X739.444100072828_5.0274220338983,0.0
X763.590718971108_9.38491132075471,0.0
X717.47417954267_7.67300084745762,0.0
X432.366718479844_6.73252540983606,0.0
X559.344376662681_6.77468505747126,0.0
X482.379841691356_7.38618079096045,0.0
X526.405282747947_7.36800536723163,0.0
X645.419649528734_7.2058654040404,0.0
X618.41740828294_5.40270352564102,0.0
X673.448308225537_7.71848169398906,0.0
X609.455841064453_7.54213989071038,0.0
X723.447486252081_5.62824836065574,0.0
X436.325107011638_4.74697595628415,0.0
X730.529487492488_6.85999435897436,0.0
X271.128557913644_2.75729452380952,0.0
X288.252684020996_5.20185738095238,0.0
X525.361170614919_5.61903467741935,0.0
X481.333010646275_5.61459928571428,0.0
X299.182332277297_4.77907734374999,0.0
X613.414367675781_5.62287627118644,0.0
X227.103995627545_2.55918191489361,0.0
X483.364396951966_8.19954774011299,0.0
X377.17310260591_2.60784246031746,0.0
X808.648838975694_9.84249037037037,0.0
X654.512836960126_8.11319937106918,0.0
X989.708232738353_9.61007777777777,0.0
X972.715435791015_8.79945757575757,0.0
X401.280789529123_7.84694919354838,0.0
X569.387868912493_5.62023579234972,0.0
X327.215042777683_5.56804033816425,0.0
X921.610247098482_7.99022243589743,0.0
X629.418644236094_4.99102412935323,0.0
X454.331853230794_5.61546166666666,0.0
X867.638202122279_8.86961160714285,0.0
X293.144820775741_2.83674594017094,0.0
X329.16225528717_3.01625604166666,0.0
X318.19366821289_3.00561733333333,0.0
X610.487073262532_8.13928680555555,0.0
X552.409157445875_5.40389237288135,0.0
X603.480050140956_9.12480283018868,0.0
X565.428696223667_7.56805148809523,0.0
X553.405739205782_8.79482213114754,0.0
X481.382338597224_5.39444198717948,0.0
X405.317139127361_6.99376542288557,0.0
X896.700193859282_9.69636904761904,0.0
X630.453670925564_6.65285925925926,0.0
X437.308686711237_5.61558871794871,0.0
X307.161625581629_2.92726339869281,0.0
X536.413277836169_6.03849576271186,0.0
X476.392913273402_6.72067976190476,0.0
X807.617232378791_9.34484477124182,0.0
X296.15188217163_2.85523697916666,0.0
X603.370392400568_6.73836090909091,0.0
X518.322197323753_4.14441091269841,0.0
X276.214549372746_3.85593358974359,0.0
X452.318764406092_4.10665343137255,0.0
X421.203357094212_2.73484517543859,0.0
X713.503128827628_6.87031497175141,0.0
X608.471691789298_8.2873790229885,0.0
X525.407806961624_5.39319475308641,0.0
X956.720860531455_9.22461432748538,0.0
X449.34379230846_6.97882904040404,0.0
X690.462601760338_5.01346178160919,0.0
X758.560629482927_7.47213850574712,0.0
X261.109385660249_6.56757237442922,0.0
X288.251313548977_5.31871101694915,0.0
X905.615413859739_8.44478502824859,0.0
X601.390093693967_7.2564844262295,0.0
X474.302768822872_4.11236641414141,0.0
X646.435864356256_4.99994112903225,0.0
X679.422795613606_5.62317474747474,0.0
X448.361885533188_6.05391994949494,0.0
X326.224611794076_4.63342418699187,0.0
X542.387449322324_5.6150553030303,0.0
X746.522713583023_6.2300256830601,0.0
X497.330827985491_4.94549074074073,0.0
X365.135442323322_9.90372436708861,0.0
X686.504538726806_6.863541875,0.0
X691.533391644877_9.02611048387096,0.0
X98.9846825138215_7.02492903225806,0.0
X515.317927042643_6.80201972222222,0.0
X609.46867633688_9.60189597701149,0.0
X525.374627390215_8.39335483870967,0.0
X498.361099981492_5.61675725806451,0.0
X348.272834539413_4.68009999999999,0.0
X696.523335774739_8.18874126984126,0.0
X471.291845853211_6.83142896174863,0.0
X630.44098687941_5.62433602150537,0.0
X714.534092203776_7.493815,0.0
X736.591151083669_9.43241370967741,0.0
X824.642333059599_9.34345075757575,0.0
X626.481716032951_7.54205618279569,0.0
X508.38217639923_5.39697421874999,0.0
X586.414736308748_5.62116428571428,0.0
X383.279410348811_7.00389389671361,0.0
X527.389956035311_8.17696798941799,0.0
X454.348842679537_6.73024076923076,0.0
X961.677233788275_9.22457069892473,0.0
X1021.69882710774_8.76395361111111,0.0
X823.612191622374_8.90579699453551,0.0
X724.554520145539_8.60724569892473,0.0
X629.42312668309_7.76622979797979,0.0
X839.532298918693_6.21151559139785,0.0
X823.537618821667_6.83105349462365,0.0
X945.683010646275_9.65118988095238,0.0
X695.417531174879_5.0112182051282,0.0
X318.193777052022_2.89454435028248,0.0
X647.505714170394_9.07339758064516,0.0
X310.125397723654_4.47853985507246,0.0
X636.502064188972_8.69646120218579,0.0
X868.667895977313_9.30159923076922,0.0
X624.47907838983_8.55001581920903,0.0
X725.556033935546_9.89811733333333,0.0
X602.4225319038_6.02543785310734,0.0
X784.575407458889_8.10232795698925,0.0
X582.455880441973_7.57008951612902,0.0
X1005.7033513387_9.19113194444444,0.0
X586.417972843821_6.67832703252032,0.0
X670.508039686414_7.51572142857143,0.0
X812.606460321144_8.52414207650273,0.0
X928.688839669955_8.83210762711864,0.0
X360.309793381463_6.03209206349206,0.0
X510.397272745768_6.96497826086956,0.0
X392.299419403076_4.71537994791666,0.0
X774.555241025727_6.84633247126436,0.0
X289.126911926269_2.20743777777777,0.0
X877.584392293294_8.02069499999999,0.0
X541.350927734375_4.96486355555555,0.0
X620.507836107937_9.1262789308176,0.0
X408.294707767547_4.07248888888888,0.0
X492.387860252743_6.05480687830687,0.0
X740.549198273689_8.14547661290322,0.0
X382.292155190119_6.0257029100529,0.0
X884.662497384207_8.86601084656084,0.0
X345.22587411063_6.34372571428571,0.0
X502.333647681064_4.76083551912568,0.0
X493.369793935922_6.9653241025641,0.0
X426.304764044089_4.90072950819672,0.0
X340.179010287198_3.00489121212121,0.0
X453.304728190104_4.92504285714285,0.0
X669.476876395089_6.88441137566137,0.0
X680.528514246786_8.65164569892473,0.0
X773.523833194021_6.22814887005649,0.0
X652.497578605276_8.23577021857923,0.0
X585.38332529537_4.98447622950819,0.0
X828.60180449904_8.06367602339181,0.0
X520.419252152876_6.71067878787878,0.0
X647.397041165098_6.71784353741496,0.0
X244.226339633648_5.31265705128205,0.0
X965.636134643554_7.94882866666666,0.0
X451.213601374971_2.5915268115942,0.0
X602.497534030821_8.55348577235772,0.0
X591.444900790127_8.28404969696969,0.0
X955.690911102294_8.80344875,0.0
X805.526436941964_7.59461428571428,0.0
X789.532358638575_7.58958551912568,0.0
X477.374862670898_7.61121525423728,0.0
X817.550020964249_6.2225036231884,0.0
X499.196178665578_3.21657540983606,0.0
X369.260732368801_3.96188913043478,0.0
X501.371276915542_7.10209278215223,0.0
X225.101104143753_2.06847686084142,0.0
X507.366240281325_4.15385025641025,0.0
X487.358868319263_6.86628224043715,0.0
X296.293165677331_7.47388266068758,0.0
X1065.72518686147_8.7449452991453,0.0
X741.533804434317_7.47654197530864,0.0
X296.18112898846_2.92915952380952,0.0
X733.468945197339_7.12693113207547,0.0
X200.077436478411_3.80855573770491,0.0
X222.055826360529_3.8046606060606,0.0
X463.389587749134_9.57351287878787,0.0
X883.558670630821_6.20604038461538,0.0
X452.32091140747_6.00445505319148,0.0
X407.188092618375_2.46406846846846,0.0
X851.642891438802_9.30539629629629,0.0
X351.189056091308_3.06580066666666,0.0
X519.277071930641_3.77344341085271,0.0
X607.321920166015_3.86783466666666,0.0
X363.160833275836_2.3138661231884,0.0
X795.580720239756_8.52549047619047,0.0
X495.240800337357_2.70010202020202,0.0
X767.549714929917_8.10618006535948,0.0
X593.46078740334_8.13878537414966,0.0
X499.325432997483_7.44689519230769,0.0
X195.136583424147_6.00572839851024,0.0
X358.292639041769_4.70101408045976,0.0
X263.236333338818_7.31381844305119,0.0
X419.227672576904_3.86399479166666,0.0
X451.156981895709_3.01000862068965,0.0
X250.115497589111_2.85200023809523,0.0
X295.157618204752_3.06357111111111,0.0
X386.340668372388_8.18777602201257,0.0
X501.390151977539_9.04754595959596,0.0
X215.156754455566_3.90129799999999,0.0
X237.113729713376_3.98695378787878,0.0
X228.23079588292_6.35603299435028,0.0
X412.373686684502_5.72207881944444,0.0
X479.407912283232_9.05346262626262,0.0
X280.254967753092_6.7891787037037,0.0
X253.247491159746_6.65791129032258,0.0
X281.2470380995_6.66633703703703,0.0
X596.435729980468_5.41112721088435,0.0
X614.458924611409_7.31425243055555,0.0
X538.429779617874_7.59863611111111,0.0
X211.096992074626_5.68030456621004,0.0
X547.193401698648_3.3067682785888,0.0
X347.149287575169_2.48591096491228,0.0
X379.28258335844_7.23604007092198,0.0
X323.254802010276_6.47503462121211,0.0
X213.148205991651_6.00617445355191,0.0
X647.447449270602_6.01226209439528,0.0
X311.220944856342_5.46467017543859,0.0
X269.246597082906_7.43816493212669,0.0
X328.283489266621_6.07409948453607,0.0
X265.251786739268_6.47317440898345,0.0
X474.371526635211_6.20065652173913,0.0
X353.265534095656_7.17460514636449,0.0
X351.215283804566_4.90537481751824,0.0
X369.224885953889_4.3640627039627,0.0
X500.233204722404_3.94563893229166,0.0
X221.116973604474_6.14993425925925,0.0
X226.209590148925_4.79808833333333,0.0
X331.228678468798_6.98441530054644,0.0
X703.501646460556_8.06685975609756,0.0
X255.230948228102_6.98454188034188,0.0
X453.349656168619_4.74271833333333,0.0
X419.348389998726_8.90823786231883,0.0
X1016.74215698242_8.77184852941176,0.0
X382.272559582347_4.88549436619718,0.0
X411.360971723284_9.44169285714285,0.0
X268.159274978637_2.96943916666666,0.0
X339.288233962014_7.22533271028037,0.0
X333.239120907253_7.29026238425925,0.0
X444.336761474609_6.84438645833333,0.0
X497.323019304846_8.75267393162393,0.0
X217.090986489688_3.09222917647058,0.0
X311.254083021631_7.286543081761,0.0
X386.289930479867_6.44190372023809,0.0
X385.345414564344_9.36632444444444,0.0
X300.271427699497_6.71841507936508,0.0
X197.08055316971_3.31577791164658,0.0
X576.415191165984_6.83148015873016,0.0
X463.376602390834_7.86498142857142,0.0
X674.467054935923_5.62637865497076,0.0
X689.442820231119_7.16570321637426,0.0
X635.471230199781_8.23682033898305,0.0
X205.090799168178_2.42987238095238,0.0
X852.674918796705_9.74859492753623,0.0
X668.505339445891_8.51153580246913,0.0
X949.641781990988_8.40842923976608,0.0
X365.255173960039_4.87277634408602,0.0
X304.233912389418_4.59893215686274,0.0
X310.220717293875_5.31497142857142,0.0
X1000.74774533226_9.19393015873015,0.0
X751.554597553454_8.5649529239766,0.0
X856.63260007372_8.48902810457516,0.0
X767.478590284075_5.62916369047619,0.0
X757.529529439992_6.85126235632183,0.0
X570.431761605399_7.35127529761904,0.0
X851.568637084961_7.42628305555555,0.0
X437.357432716771_5.38720219298245,0.0
X707.528551521947_8.60669378531073,0.0
X369.296562853198_7.15465888324873,0.0
X361.183759598504_5.94534801587301,0.0
X199.168650419815_5.61772463768116,0.0
X911.664414948108_8.83475816993464,0.0
X723.524065519634_8.14887660818713,0.0
X783.470383624641_5.0384581632653,0.0
X344.21147664388_4.8114452020202,0.0
X316.283686828613_5.50784333333333,0.0
X619.475680736785_8.6998854609929,0.0
X637.487107819201_8.11311666666666,0.0
X657.441052028111_5.62548125,0.0
X480.351870554798_4.76124056603773,0.0
X617.256464104903_3.59274839181286,0.0
X697.507894788469_7.49710446428571,0.0
X557.3642578125_7.30852469135802,0.0
X521.372612120613_7.60270317460317,0.0
X466.375765924868_6.9817286231884,0.0
X299.256756091627_6.64441084718923,0.0
X339.272637329101_7.00728816666666,0.0
X546.363601962002_4.7798206060606,0.0
X274.168650101642_2.84818911564625,0.0
X226.215828241086_5.38323986928104,0.0
X646.448639551798_6.02145972222222,0.0
X719.564854835977_9.43199897959183,0.0
X393.314285650485_8.99070772357723,0.0
X308.303173828125_6.38080999999999,0.0
X377.319464789496_8.97003024691357,0.0
X215.162179415343_4.32276010928961,0.0
X485.211944580078_3.61589242424242,0.0
X219.108894660824_2.84107834699453,0.0
X213.111197378121_2.23704281045751,0.0
X187.111438052755_3.15126525821596,0.0
X201.110808335341_2.01681255411255,0.0
X379.295779595008_8.01322179487179,0.0
X421.209121117225_3.61601987179487,0.0
X745.505757649739_7.61469133333333,0.0
X541.369494628906_7.87206151515151,0.0
X477.276140066293_4.4225766025641,0.0
X679.497223435786_8.19119912280701,0.0
X807.542554793819_7.44584892473118,0.0
X554.426658962083_6.91668713768115,0.0
X569.365886033183_4.13515269360269,0.0
X395.275468676017_5.8268107070707,0.0
X509.381884956359_7.87130999999999,0.0
X203.125488823624_3.87322385466034,0.0
X241.069396972656_2.89565611510791,0.0
X355.280675580424_5.81608387096774,0.0
X155.105872453962_2.91134682539682,0.0
X255.120865544186_3.04037329113923,0.0
X190.143391011556_2.04550744444444,0.0
X241.192658164284_3.56243106060606,0.0
X272.220237223307_3.983025,0.0
X192.137958241932_3.81698134328358,0.0
X230.102686831825_2.43311666666666,0.0
X393.260314695296_6.00782078853046,0.0
X213.148191867404_5.34548177777777,0.0
X457.34771451083_7.12155924242424,0.0
X164.128669843281_2.93303807077625,0.0
X254.247322840048_6.55874982269503,0.0
X186.184885191169_4.71836329849013,0.0
X190.143085278962_2.32770131578947,0.0
X355.281575865664_6.63397062146892,0.0
X352.356264209747_8.29605718749999,0.0
X400.310084025065_6.77772929292929,0.0
X207.100055292391_2.69275457933972,0.0
X204.123118373325_2.40052746031746,0.0
X241.14106503129_2.34306901041666,0.0
X267.159196894219_5.1175769503546,0.0
X244.188388099355_3.1327129476584,0.0
X190.049941062927_1.84115763888888,0.0
X326.340475453795_8.1965404290429,0.0
X116.107212956746_2.43620701388888,0.0
X225.110203975695_3.87167830940988,0.0
X357.298879371499_7.22619842767295,0.0
X258.205304505395_3.60571584699453,0.0
X334.095813463319_5.42592032232704,0.0
X300.288733742453_4.75564670033669,0.0
X197.114839882686_3.01279712643678,0.0
X317.207959036541_6.2034754985755,0.0
X220.169147169733_4.74424668674698,0.0
X360.32468552285_8.09049592198581,0.0
X155.074028015136_1.8949182051282,0.0
X321.241618855794_5.45080499999999,0.0
X339.146673838297_3.46577268518518,0.0
X303.205507718599_5.2159782051282,0.0
X557.454941275734_5.91205104821803,0.0
X647.447609267123_5.25595434108527,0.0
X629.309982299804_3.211945,0.0
X305.229005601671_5.57668703703703,0.0
X311.145000955332_3.06560144927536,0.0
X351.145344784385_3.19755526315789,0.0
X366.139303631252_3.57379814814814,0.0
X419.201546986897_3.67109583333333,0.0
X615.458059911569_5.9068105893186,0.0
X339.166324241488_4.97060767973856,0.0
X299.256592203776_6.00282977777777,0.0
X443.180533914005_2.8910225490196,0.0
X257.134313246783_2.41504411764705,0.0
X345.15641917353_2.71103188405797,0.0
X267.266993204752_6.3323,0.0
X285.269145965576_6.308025,0.0
X283.238398234049_5.36493888888889,0.0
X267.177760532924_6.41642619047619,0.0
X366.139438998314_3.1246067204301,0.0
X633.339453136017_6.40147918170877,0.0
X241.141115275296_2.8315137310606,0.0
X157.083762150544_0.937029767628205,0.0
X154.543724040985_3.27314929166666,0.0
X511.193428488338_3.92115490196078,0.0
X202.168855934812_2.70837331871345,0.0
X226.1778958379_2.7798006802721,0.0
X343.176882126752_1.34550735294117,0.0
X409.184231865115_2.3940787804878,0.0
X191.035563089761_2.06680712851405,0.0
X445.206005627595_2.50259683544303,0.0
X625.248138427734_3.31744285714285,0.0
X217.098495765968_1.90915679012345,0.0
X289.22696685791_6.50005833333333,0.0
X337.235576047735_6.27485838041431,0.0
X261.113592797583_1.7372343101343,0.0
X664.533306884765_9.07510769230769,0.0
X412.304847263645_6.60969774774774,0.0
X601.538203422269_6.47638644214162,0.0
X244.215238298688_3.97665386904761,0.0
X423.360692827533_8.37127199170125,0.0
X256.242299876493_7.08653392156862,0.0
X679.251214821245_5.38592956238361,0.0
X651.219300636085_6.27167792792792,0.0
X825.640966796875_8.79448,0.0
X221.13363901774_0.779422222222222,0.0
X271.115266688819_2.60499563106796,0.0
X353.303587060225_8.05245679824561,0.0
X763.604777018229_8.35179999999999,0.0
X407.276489893595_7.11196527777777,0.0
X402.301300048828_7.10962745098039,0.0
X377.324868937802_6.77922911373261,0.0
X605.219868139594_2.70488830734966,0.0
X509.403101166333_6.73130468643489,0.0
X525.269295187557_2.98420588235294,0.0
X551.318296505453_7.84141261384335,0.0
X268.10715982649_3.15105185185185,0.0
X447.213858935297_4.58807704081632,0.0
X414.32232697156_7.04033903061224,0.0
X429.360755339912_6.5922955615942,0.0
X543.385219997829_7.58986028806584,0.0
X363.307573050506_6.66751818181818,0.0
X669.93791489374_6.24358174603174,0.0
X291.194414991013_5.24763838652482,0.0
X255.231118649466_7.12408511166254,0.0
X131.106726289205_4.06157245131729,0.0
X257.136210188698_2.65837981895633,0.0
X347.255545402059_6.9443943877551,0.0
X303.122259140014_2.14927765151515,0.0
X199.132596333821_3.71979111111111,0.0
X341.162951789233_3.1995366062437,0.0
X269.210000802471_5.71957425343018,0.0
X321.239633623337_6.64616429359823,0.0
X401.216524658203_4.07058199999999,0.0
X607.236019558376_2.82623888888888,0.0
X751.516457689668_6.64553791423002,0.0
X501.157281666678_2.25135068708284,0.0
X225.111412772919_2.58371601489757,0.0
X237.109812484962_3.76709734299517,0.0
X229.143098256473_3.97047656477438,0.0
X351.249137224469_5.68934971428571,0.0
X257.137834308528_2.28445434173669,0.0
X195.099119701524_3.0521801703163,0.0
X277.215426534578_5.24787357274401,0.0
X164.078658379113_4.0448647891963,0.0
X289.272746136956_6.80620463752664,0.0
X319.223587733443_5.90276478494623,0.0
X441.172490696998_2.28529097664543,0.0
X291.120628805721_3.06037996323529,0.0
X532.388832967789_6.84333415300546,0.0
X171.099456265441_2.06848675213675,0.0
X227.163058994274_4.20807334410339,0.0
X263.150715332031_2.50629,0.0
X317.207511159171_6.03750368731563,0.0
X333.202525256928_5.77049476190476,0.0
X157.122316748695_3.17680432645034,0.0
X311.220503404405_4.49830333333333,0.0
X340.282564767144_6.74377352415026,0.0
X369.262608002119_5.74271132286995,0.0
X409.257652850483_4.9165284496124,0.0
X427.263971689585_3.96102214714715,0.0
X269.17245213132_3.96002475399754,0.0
X227.132592010498_3.3342834375,0.0
X659.354272893044_6.07544852507374,0.0
X181.083298219453_1.61806649464831,0.0
X351.212050713433_3.95188777777777,0.0
X225.116935253143_2.89649526515151,0.0
X173.117300004225_5.24457641025641,0.0
X173.117297461538_5.35173579545454,0.0
X205.613697577213_4.15573103864734,0.0
X413.32172846278_7.13262222222222,0.0
X197.115000691653_3.17367709137709,0.0
X157.085701922981_2.63029475623582,0.0
X281.212908063616_5.69172222222222,0.0
X303.226242012993_7.32083762886597,0.0
X465.369382585798_8.71747857142857,0.0
X642.478603363037_6.87942746212121,0.0
X323.234261811669_6.31609925373134,0.0
X569.400829258249_8.33297810945273,0.0
X459.291498020717_5.60635809523809,0.0
X635.395821515251_5.62130661764705,0.0
X795.505771921641_6.21971343283582,0.0
X370.254899668139_4.67038236434108,0.0
X526.392669677734_6.29471435185185,0.0
X763.516072591145_7.46781161616161,0.0
X779.511404464493_6.84301044776119,0.0
X598.451900529272_6.90493312757201,0.0
X558.383435677791_4.96272463768116,0.0
X873.624663492838_9.29553333333333,0.0
X685.470914504107_6.24539338235294,0.0
X414.287796397268_4.72138559670781,0.0
X337.104321434384_9.93777757936508,0.0
X430.279443766276_4.06820155555555,0.0
X426.316998375786_6.05683773148148,0.0
X796.611075580983_8.94439903381642,0.0
X265.142153930664_2.44403666666666,0.0
X387.238551548549_4.85881038961039,0.0
X514.369977425837_6.05248140096618,0.0
X421.320087232087_6.30623728070175,0.0
X889.620090236911_8.8645896103896,0.0
X427.299590301513_6.99224041666666,0.0
X659.466867198114_8.10706111111111,0.0
X530.363165778082_5.39087252252251,0.0
X817.562863631987_8.51897112676056,0.0
X813.604910956488_9.79106759259259,0.0
X719.489309946695_7.48866458333333,0.0
X591.369746111441_5.61789371980676,0.0
X514.356985783231_4.94160048309178,0.0
X614.445450252956_6.26505416666666,0.0
X933.645748029436_8.827585,0.0
X752.585787920884_8.98526103286385,0.0
X570.419410601054_6.27903127853881,0.0
X332.277218089384_5.33657720588235,0.0
X779.58607658011_8.94634398907103,0.0
X780.617043495178_9.38663307291666,0.0
X464.356965855189_5.39932261904761,0.0
X768.580739175119_8.56454569892472,0.0
X373.248399522569_7.02437685185185,0.0
X364.268393648587_4.01413128205128,0.0
X917.651175883278_9.26225970149253,0.0
X729.497418803553_6.23441586021505,0.0
X404.335693359375_6.05579509803921,0.0
X377.288010989918_6.30370465686274,0.0
X298.198570185122_3.8275820289855,0.0
X537.397935867309_6.94636744791666,0.0
X227.199675091242_6.29762711864406,0.0
X840.637017733808_8.9037729468599,0.0
X861.589210624125_8.48399527363184,0.0
X482.363326814439_6.3075787037037,0.0
X901.656090521043_9.693888172043,0.0
X574.391117572784_5.39754062499999,0.0
X702.495646462511_6.23931293532338,0.0
X542.399579244946_6.70523095238095,0.0
X558.396283830915_6.03161111111111,0.0
X581.423502291165_6.92391692307692,0.0
X857.631141662597_9.73434074074074,0.0
X625.451105511377_6.90342407407407,0.0
X651.39122502944_4.99814681372549,0.0
X581.437158791415_9.1765297188755,0.0
X977.672317012663_8.79826424731182,0.0
X658.471179635184_6.25000619047619,0.0
X602.409449100494_4.98306276041666,0.0
X735.559948530353_8.98494180327869,0.0
X415.265177712511_5.5964395522388,0.0
X470.33132126752_4.92180073529411,0.0
X379.295708933184_7.85749543010752,0.0
X708.559577094184_9.02592361111111,0.0
X571.416504831025_8.15597651515151,0.0
X498.374951449307_6.71629696969696,0.0
X458.309336674677_4.740158008658,0.0
X320.242266299119_3.9464487562189,0.0
X833.558123111724_8.0583015625,0.0
X547.343942991444_5.61549647887324,0.0
X789.531445047129_8.09943333333333,0.0
X597.431856017181_8.74012173913043,0.0
X261.11330795288_2.9320225,0.0
X300.200962038393_2.10012919753086,0.0
X283.18870577847_2.09870206812652,0.0
X263.236199361241_6.75818255885997,0.0
X337.23379704922_4.90038581223628,0.0
X239.127102609408_3.93650423728813,0.0
X330.262283266732_3.90890498084291,0.0
X209.150979917343_3.51010407153728,0.0
X376.171378864961_5.44780906862745,0.0
X801.568197962749_8.94310180722891,0.0
X195.095641705168_2.47769299719888,0.0
X487.323194364222_6.30591646341463,0.0
X575.373770038733_6.27699662921348,0.0
X757.541831623424_8.98237575757575,0.0
X603.4061536287_6.92252280701754,0.0
X713.515507897665_9.02604864341085,0.0
X625.462814502501_9.12186741573033,0.0
X651.219399414062_3.19696814814814,0.0
X497.128369366681_2.91749691358024,0.0
X526.43027396824_6.5987268115942,0.0
X707.490636825561_6.50751875,0.0
X339.199010213216_4.24784444444444,0.0
X633.341476440429_3.48447083333333,0.0
X199.134606794877_4.28979545454545,0.0
X611.426201764275_6.0534475490196,0.0
X336.221563165838_5.10773585858585,0.0
X425.376125759548_8.72475925925925,0.0
X483.379641241776_8.49204929824561,0.0
X367.128593444824_2.70972833333333,0.0
X311.134055243598_3.18986666666666,0.0
X335.218108707004_5.5946287037037,0.0
X327.217125533463_5.12197759740259,0.0
X287.162807464599_2.62413125,0.0
X443.333402361188_6.62482023809523,0.0
X399.307032585144_6.645,0.0
X575.412149282602_6.56363461538461,0.0
X669.48890226433_9.07199317269076,0.0
X442.31262557571_5.38278941441441,0.0
X829.59891750938_9.33796293859649,0.0
X675.463419189453_7.51317866666666,0.0
X701.47944400185_8.18594495614035,0.0
X563.339237578927_4.96248127853881,0.0
X342.230742698492_3.94996879844961,0.0
X745.505160086495_8.14038380952381,0.0
X607.365336243535_4.98155258215962,0.0
X431.260198538644_4.89765547619047,0.0
X465.340425037202_6.2884625,0.0
X697.520632391106_9.47847945205479,0.0
X559.380180152686_6.94518378378378,0.0
X503.318318830217_5.61077214285714,0.0
X470.343718192946_6.05307370892018,0.0
X399.270647188512_6.32162621951219,0.0
X615.442105102539_8.13064904761905,0.0
X386.250475260416_4.00753577777777,0.0
X653.494409586588_9.53255666666666,0.0
X735.484870910644_6.86024166666666,0.0
X691.458497721354_6.88122755555555,0.0
X420.330808803013_5.38592357142857,0.0
X471.327592405554_6.98106301369863,0.0
X769.577868143717_9.85707638888889,0.0
X663.421659222771_6.24416764705882,0.0
X647.43373629413_6.90348206751054,0.0
X398.286603224904_5.37072105263157,0.0
X443.297127124875_6.31738934108527,0.0
X515.354605934836_6.96538593073593,0.0
X509.366131252712_6.28807638888889,0.0
X597.418586307101_6.26561481481481,0.0
X553.387749942732_6.27777901234568,0.0
X631.438374054737_7.54073162393162,0.0
X486.33874575297_5.39632314814814,0.0
X641.44362372321_6.25097522522522,0.0
X845.594067001342_8.90138124999999,0.0
X519.31276476061_4.94582545045044,0.0
X751.479531066058_6.22804109589041,0.0
X613.427383846706_8.28075185185185,0.0
X693.454075025475_8.18097246376811,0.0
