avg_percent_humidity,0.0924653137664261
X605.219868139594_2.70488830734966,0.062367918130926986
X280.257338162126_5.69894798850574,0.05097891388605658
X653.365664395419_5.46632478354978,0.037438450533379304
X577.225082602276_3.01076303131991,0.03110769261723112
X305.135812741234_3.50155142857142,0.021873849297643765
X299.256905279868_6.73909269972451,0.02166984360712256
X298.273786351693_7.60156672587329,0.017004885140143443
X313.235049849706_4.15183788416075,0.016823270335524197
X233.077880526549_5.75915755033556,0.014247493897593222
X195.13316496976_4.15110439886481,0.013189145480823512
X177.088306969332_4.29501168674698,0.011963601325093252
X253.141735748888_5.64962416963225,0.011358834050961133
X369.224885953889_4.3640627039627,0.010370199955306242
X278.232427920935_5.38358899371069,0.009340470130954829
X423.127830358205_1.99578720812182,0.008279797498729206
X296.251507945896_7.13072886597938,0.00809607014408113
X296.251463185185_5.8872615942029,0.00771369462363292
X281.246712651746_6.76487611350574,0.007480920779350426
X211.204955993873_6.960255,0.0073116725155022155
X145.122288209013_4.5914267435475,0.007294703553772114
X369.260732368801_3.96188913043478,0.00729021791980489
X313.236401092986_5.28683901830283,0.007193208062976881
X421.351027429883_6.76435694704049,0.0069817764409872115
X229.214820617717_6.95954829816202,0.006425500456670653
X247.226246119012_6.96759794520547,0.006173310229531883
X429.371018495664_7.57458413919414,0.006050477320295241
X324.292402283678_7.72840526528958,0.0058446179118209415
X111.02174016799_9.9692627394636,0.005420345165391958
X275.088496350363_4.20603609715242,0.005277715923855709
X237.146067921708_5.16362723577235,0.00526391550646313
X335.218372862334_6.03617884267631,0.004816788912307864
X205.613697577213_4.15573103864734,0.004718563426109853
X563.371038669493_4.70957886178861,0.0046546215090456245
X371.314652594967_8.38747995169082,0.004260784472527754
X316.283842163085_6.6561151111111,0.004255893527164555
X429.32033413781_6.63703951388888,0.004207913082074219
X251.124887110211_2.82948648542159,0.004144401086177608
X223.0969552087_4.67388333333333,0.004098319299921163
X789.532358638575_7.58958551912568,0.004014034293573266
X326.20149774966_6.72379159420289,0.003930555930233671
X295.225880059381_5.26666253509827,0.0038672251728756194
X109.101477606721_4.30149956072351,0.0037407934068249236
X263.23609290238_6.20654228477807,0.0037193816269840974
X181.085227319292_3.41777049469964,0.0037085291265576887
X339.248821169831_5.46927843551796,0.0035470447329501503
X297.241462162562_5.57298015873015,0.0035316577404590622
X263.236238332895_6.65457307692307,0.0035168924687298264
X447.166123070106_4.58576862745097,0.003427882154112713
X311.254639029502_6.9229798014323,0.0033859728419395724
X312.325172195569_8.36261540270429,0.003366969486343107
X297.241296932397_6.37728866813834,0.0033367088729516527
X613.427441871136_7.68928271908271,0.003306904429746946
X339.249473162014_5.56940206024439,0.003195756603823601
X377.288010989918_6.30370465686274,0.0031504451580017688
X293.209694592406_5.62261263632052,0.003049874608854999
X340.356157395723_8.91587326258843,0.0029907083909646573
X162.006880533351_9.98314104252401,0.00293970284074445
X255.231139936996_7.37883769633507,0.0028588983749696746
X386.340668372388_8.18777602201257,0.0028496999148508186
X328.283489266621_6.07409948453607,0.0027781783537462437
X611.426201764275_6.0534475490196,0.0027118695889410595
X255.230754852294_6.61422546296296,0.002605691091801124
X353.098175802348_5.57697390462358,0.00259907362824998
X423.200658575094_3.00910092767295,0.0025670503851110953
X483.294107995382_5.6604543699187,0.0025290560629100526
X331.228678468798_6.98441530054644,0.002507448739772611
X259.093679218226_4.27006288350634,0.002475631551086793
X701.479423096461_7.6418686853002,0.0024642698268280265
X335.218267234412_5.24703085612366,0.0024419496371923285
X173.117045976327_3.72598326359832,0.002389854258243272
X221.116973604474_6.14993425925925,0.002379750369572688
X155.106634796142_4.29673321333332,0.0023563966291815044
X369.296479637943_7.37038362354892,0.002326426695828675
X277.10487907442_3.43770688354549,0.0023197184033974553
X551.318296505453_7.84141261384335,0.0022632897226960956
X337.233980301759_5.64277155232154,0.0022626639559641514
X381.130217699414_5.28306478905887,0.0022388686202399768
X197.115000691653_3.17367709137709,0.002226328784999423
X409.257652850483_4.9165284496124,0.0021971645391533072
X385.291067831561_6.65166341463414,0.002177769194189916
X443.167086621125_3.26429537760416,0.0021771638004392606
X451.266644131053_7.11107795454545,0.002151656446452768
X379.28258335844_7.23604007092198,0.002135627063810678
X501.157281666678_2.25135068708284,0.002126871985592064
X646.263733127105_5.41250488414955,0.002069224241552145
X652.494098804615_7.66022962962962,0.0020186149268444547
X463.389587749134_9.57351287878787,0.0020089035309772056
X554.426658962083_6.91668713768115,0.001979848034909613
X615.461236307614_6.40095194218608,0.0019729034037349186
X549.161242180901_3.25934819819819,0.0019631402882816125
X751.516457689668_6.64553791423002,0.0018999104830909569
X189.111734490645_3.08803657136669,0.001880968631661935
X525.374627390215_8.39335483870967,0.0018679897306846148
X345.181369912503_5.81221479797979,0.001851390827130419
X657.366051360443_3.00459157925408,0.0017686480119128857
X321.239066987643_6.04973842289208,0.0017623855639054104
X451.267988946027_6.89972590233545,0.001740821326988405
X213.148126824373_4.15120526452957,0.0017277532151458491
X143.106711203643_2.69856676915193,0.0017251357584948687
X487.358868319263_6.86628224043715,0.0016807733681457634
X289.272746136956_6.80620463752664,0.0016655044491030366
X181.08434772298_3.80427119675456,0.001664672775655982
X665.200086514625_5.47305961538461,0.0016419966605730164
X633.339453136017_6.40147918170877,0.001623761306301141
X391.216574009841_3.9280856707317,0.001612797573086135
X679.251214821245_5.38592956238361,0.0015756895942213977
X251.236148675103_6.38780398346486,0.0015751299213587178
X497.20275379854_4.27075152941176,0.0015585774185328661
X614.887700749539_6.26469473180076,0.0015532815838804296
X319.223587733443_5.90276478494623,0.0015522703063604354
X421.345274388512_8.6927665374677,0.0015382932754966763
X165.088473765807_2.52492438362919,0.0015271096514602625
X477.24738794594_4.03016163446054,0.0015125592741209576
X353.22884937712_4.15044508410328,0.0014919107490156637
X270.246493979576_6.97662823454429,0.0014808587114082548
X517.369422584605_6.61411800623052,0.0014538889087328875
X614.403780110677_4.70990166666666,0.001453638446782302
X279.230757406719_6.39681497927768,0.001452928988263619
X423.198344573555_6.28129336688014,0.0014092064712143077
X425.376125759548_8.72475925925925,0.0013774673489145542
X497.170874196948_3.31398690078037,0.0013608798827098743
X530.346950683593_5.28395933333333,0.0013564178030801364
X473.342668709776_6.62609226627509,0.001351790526294742
X249.123215242019_3.67113556244464,0.0013515934150179884
X311.22086722219_5.6301370014245,0.0013496049650325583
X569.401438063829_7.71331867535287,0.0013441148071449245
X144.982311050405_9.93610765092649,0.0013271374647394179
X583.24998332836_4.83634376543209,0.0013236217956657703
X367.210576650258_3.73232113022112,0.00131509655216438
X471.198758544921_4.04473715151515,0.001286482791330663
X336.221563165838_5.10773585858585,0.0012848195113034939
X265.176673615284_5.30598444444444,0.0012833505362450492
X525.374115442346_7.73616716049382,0.0012824476410148034
X418.242865003678_6.29553274596182,0.0012772932551107028
X679.250579317986_5.94491116478796,0.0012730517880351752
X131.106726289205_4.06157245131729,0.0012726399941459052
X377.216135401474_3.08847202576754,0.0012684180179414104
X411.234956891704_5.52740629322268,0.0012616049186629592
X360.179552706805_6.08574106297349,0.0012493150228343646
X349.182713635225_2.28818164492197,0.0012488366525673065
X783.573784964425_8.39269166666666,0.0012460665148568948
X271.226037931379_5.91553304786999,0.0012210004921346296
X639.313105567726_6.71923954954954,0.0012193903124587515
X181.085657293146_3.50449417862838,0.0012086517772590503
X282.27712487174_7.23317913752913,0.001207820938257316
X657.453540083831_7.66630770171149,0.001188912468256828
X323.171485972181_5.28208224299065,0.0011800912015911423
X217.142700433293_3.89640443425076,0.0011769200414549533
X667.34421123798_6.72209861538461,0.0011666285503230424
X625.318934997022_5.21951409452112,0.0011662405192597045
X651.219308192254_6.97452669060442,0.001162356904676841
X173.117196884399_4.15995939829605,0.0011504458441864342
X197.081105648362_2.62669706723891,0.0011470947087455175
X495.257078986478_7.28601836248012,0.001138852261998743
X341.267040165326_6.65812035623409,0.0011368455510789544
X321.137153828397_3.57538116134751,0.0011331566983096657
X559.516613769531_6.78598333333333,0.0011148019650151439
X225.114074349403_3.50593388157894,0.0011142323219884298
X519.277071930641_3.77344341085271,0.0011091270294846702
X377.324868937802_6.77922911373261,0.0010993025137163812
X173.151030106977_5.48835132575757,0.0010982676160124878
X501.374366266264_7.31500685851319,0.001094600772352367
X332.148698337742_0.846389822404371,0.001093736291587537
X249.110778530317_2.70307443431272,0.0010865651367480337
X215.156754455566_3.90129799999999,0.0010782040035806745
X321.238836978206_6.20834275608376,0.0010674417756803803
X105.033750230485_9.991104004004,0.0010611852899961014
X315.252056024013_5.64095601851851,0.001060097792043692
X435.295614166033_6.00104928182267,0.001056444723998933
X369.262608002119_5.74271132286995,0.0010464133750034317
X371.242291540233_5.53858698030634,0.0010420324729465192
X367.189450539981_6.76559709803921,0.001041839107247167
X277.213423203688_7.13919135897436,0.0010339329986471873
X459.3229599577_8.07149021464647,0.0010336324578728126
X391.283118041635_8.39087904483431,0.0010331580270892457
X206.556623804001_9.99133170634921,0.0010188036107045553
X317.122904936297_2.25546363469312,0.0010149699372727122
X525.287501790602_2.76572368421052,0.0010131683334558246
X615.458059911569_5.9068105893186,0.001009263300069777
X175.096391116217_2.62781174684159,0.0009966309190902354
X305.156523855108_2.09515087719298,0.0009937334359250496
X430.330708470837_7.64771379310344,0.0009903513701981922
X509.403101166333_6.73130468643489,0.000990049722709119
X483.379641241776_8.49204929824561,0.0009761364678005133
X228.122982114413_3.26381284451378,0.0009734770247765725
X195.098842242978_3.32083007075471,0.000969988626100042
X155.106590406138_3.54257160493827,0.0009646482693632199
X279.230997695859_5.90311805903647,0.0009628572388544152
X513.486319283458_7.61833983644859,0.0009624807043734649
X441.369893141195_7.59128079812206,0.0009495764620382983
X481.261231912885_2.66861680059524,0.000945657632964436
X331.208143458928_3.28996994569757,0.00094327759417686
X181.056675577295_2.86641058310376,0.0009405498019751522
X353.265534095656_7.17460514636449,0.0009390554233252075
X525.269295187557_2.98420588235294,0.0009368545475695289
X307.105236264612_5.00813245182452,0.0009335304391790224
X568.216854394306_6.04218306451613,0.000928260722062166
X480.351870554798_4.76124056603773,0.000923408791683148
X381.347413472244_6.73019687682428,0.0009198409570760463
X432.279549477726_2.56271556047197,0.000919005313916549
X485.21421786717_3.69879672619047,0.0009177427477009009
X300.288733742453_4.75564670033669,0.0008887925480721059
X251.155575942993_3.86083107142857,0.0008826343323950337
X767.549714929917_8.10618006535948,0.0008810096292179873
X282.250101331254_6.05410453834115,0.0008717014269006329
X373.220279279436_3.10578817142857,0.0008562610932127308
X457.27599998618_5.98798903144653,0.0008508126988871278
X265.251858191667_7.72115745216515,0.0008425589934589233
X567.255566498494_5.66372732997481,0.0008304664859597101
X117.091183609983_3.40778691183754,0.0008289122650430727
X356.108725106064_5.45671306413301,0.0008279139882358225
X143.996791312365_9.98899552845528,0.0008247864619943617
X281.246455416747_6.20061735953641,0.0008225891066075455
X283.262279643568_7.70306372739017,0.0008168830334344902
X393.261173147373_5.54839162257495,0.0008092787961278959
X323.200159743025_5.81599159159158,0.0008087454721223505
X546.397528446081_6.44098922558922,0.0007978757356108747
X179.07127194361_3.01670156453715,0.0007975940590573466
X259.189956798888_5.46824700292397,0.0007973540681913903
X337.234113181873_5.56492022178734,0.0007948227018704678
X375.24954891009_6.46547963723477,0.0007891976517763801
X338.340748569973_8.40681924398625,0.0007848245340059263
X167.071587396261_2.97813351126927,0.0007795759399222146
X210.110916900634_2.69101833333333,0.0007748401786550214
X183.09680547532_2.69136446390658,0.0007740196829347708
X157.122316748695_3.17680432645034,0.0007656908491994775
X702.325941543233_6.1352611010558,0.0007598284893561593
X353.266132584191_5.54705827067669,0.0007516336487770321
X281.135633892094_2.76622501529052,0.0007463622064341174
X243.171951408673_5.86457092731829,0.0007376621526532593
X257.136210188698_2.65837981895633,0.0007314257766069403
X278.189859650704_4.10320385434824,0.0007189896744598551
X445.206005627595_2.50259683544303,0.0007145214756052558
X333.155742427608_5.4091094094094,0.0007141500924704482
X123.044500193611_2.84329253647587,0.0007135748134043705
X366.138407971719_6.08390067854113,0.0007104992393197211
X297.241099285031_4.90629917827795,0.000709077218163516
X227.133280090012_3.67175333042466,0.0007056890951979345
X603.334788038579_5.21962307692307,0.0007018194870802359
X419.275898273174_6.45765166266026,0.0007001993037965964
X173.117300004225_5.24457641025641,0.0006973999824070189
X316.270841326032_5.91206388888888,0.000691787877397883
X212.097852656761_3.0861762919311,0.0006900341779317022
X189.052000893734_2.97195995721508,0.0006852729808855598
X423.178458042584_6.48223559010363,0.0006823884525385552
X421.146735428364_3.97134832028701,0.0006743045348471775
X447.213858935297_4.58807704081632,0.0006702056533370427
X154.543724040985_3.27314929166666,0.0006660680929557908
X159.137766496758_5.05719578947368,0.000665450905712847
X307.151126008692_3.10370284552845,0.0006635555428834899
X427.231463120715_4.17244348184818,0.0006604798247660812
X206.138207382296_3.08690609040717,0.0006601321803345237
X845.492875050179_6.76354805665349,0.0006564970683331935
X207.103523070553_3.51991586345381,0.0006504568118089007
X601.203429969581_6.52201672297296,0.0006494243193264891
X320.242130564219_6.70818644278606,0.0006479359050235039
X463.302077988133_6.45294206060607,0.0006404986745841076
X438.377493030528_6.89056823181048,0.0006373852994058489
X868.667895977313_9.30159923076922,0.0006373022451009893
X391.244593048095_5.74025768518518,0.0006330294702178316
X367.208372476938_3.3484946509009,0.000632207699425944
X427.263971689585_3.96102214714715,0.000628552985873844
X242.247043753028_6.72879592731829,0.0006280669198621893
X455.224495216187_4.33485276636537,0.0006253279440952019
X297.147095491971_3.30133449298813,0.0006232997186930882
X393.20879965785_2.43590272289767,0.0006222742335050573
X606.51753540039_7.08938333333333,0.0006086024888878565
X231.158516312012_5.65333373435995,0.0006034798605172433
X263.140283644655_2.98612235460993,0.0006024495170085403
X298.308949534098_7.98011486111111,0.0006016600691518845
X245.137789608755_2.98527268385864,0.0005976709778244922
X141.958495154309_9.9852594402985,0.0005956548434364324
X437.234869548252_2.55942667748917,0.000592160621926823
X256.262006528934_7.07576439121756,0.0005889140655783176
X125.096239553365_3.08885407463823,0.0005876277496212539
X217.104365895847_0.798500888324873,0.0005864241315659185
X401.338991000014_8.13704111956867,0.0005820040173948989
X481.333010646275_5.61459928571428,0.0005724774177482007
X280.254967753092_6.7891787037037,0.0005690563462124761
X603.252712382373_3.08996530334015,0.0005625097486425423
X747.440542575186_6.73863230900555,0.0005619670064197523
X169.083052596884_3.02616638477801,0.0005615927766998468
X315.251949358416_5.56270438438438,0.0005612626337234312
X183.099236447439_1.40563036117381,0.0005565161398021291
X171.101135758716_3.08703594815825,0.0005536073100140432
X547.193401698648_3.3067682785888,0.0005534024400960403
X223.09537516044_3.34094017372421,0.0005515423341504584
X387.235474527293_4.17417752873563,0.0005510330980475857
X269.135520769391_4.80901312380951,0.0005479131343749869
X195.136583424147_6.00572839851024,0.0005416013282111368
X652.222694937638_5.41493937007874,0.0005407127078823009
X150.063234630245_3.26544036296806,0.000539164454243424
X247.16604482941_9.94318677098151,0.0005356148204278716
X546.363601962002_4.7798206060606,0.000534730346767867
X350.326551766231_6.91960801724138,0.0005296321560631194
X279.092276483321_2.44117966903073,0.0005287112388477694
X415.2527671033_2.56285761154855,0.0005207713800087124
X305.135615437175_3.40880985090521,0.000511861659001553
X569.313572400236_2.85373727168949,0.000510775492670815
X299.161897398418_3.15122003546099,0.0005064386716043752
X441.209308708178_4.10503883248731,0.000504626035889467
X314.252967616489_4.21088119047619,0.0004946228618814292
X226.216026763916_5.85407866666666,0.0004925489267981406
X481.280668887501_7.45620075895568,0.0004907159571842751
X483.36867399511_7.78857055251973,0.0004906411804188481
X401.216453772162_4.10930121951219,0.0004890357273435341
X295.160996161566_3.48100382716049,0.0004884245815168599
X253.247491159746_6.65791129032258,0.00048402602485837944
X329.137763642305_5.73585542352223,0.0004835743771185149
X171.099456265441_2.06848675213675,0.0004833689738684837
X195.099119701524_3.0521801703163,0.0004816686807978601
X459.278644400945_2.67192043282743,0.000479315991444108
X263.236161361039_6.05773919141913,0.00047830478760611307
X255.230970173856_5.7249102189781,0.00047268862097748685
X315.122103782244_0.834238966588966,0.00046722370278773074
X345.168652264369_2.96181257225433,0.0004664266777532397
X599.570146833147_4.65492857142857,0.00045976462959776757
X633.454130448635_7.25007688679244,0.00045803625390062805
X543.349770403922_7.41307092198581,0.00045552603206279604
X307.189119611467_4.75475735930735,0.00045450864610291586
X673.448308225537_7.71848169398906,0.00045437551329917657
X265.140494495433_3.12109192307692,0.00045051088064470315
X412.373686684502_5.72207881944444,0.0004487114042886762
X243.231040822069_7.30165901571546,0.0004485299772419334
X377.166224510158_4.03454535768645,0.0004422329286286844
X274.273324246483_4.69881899224806,0.00044117690806657966
X262.11255980945_4.10148051912568,0.00044081589486945425
X340.319200206938_7.12767571428571,0.0004398666274198623
X575.224563358714_4.08333647798742,0.0004354696534559947
X146.980500120921_9.93622090254707,0.00043035724951306323
X318.191848754882_6.26455476190476,0.0004247711526661384
X173.11715455204_3.32365276409413,0.00042315038465021295
X298.27035369873_4.54266523809523,0.0004191128079107462
X360.179788221631_5.93664860119048,0.0004110033295893145
X319.223623210287_6.37895026697177,0.00040934102765269065
X575.217182231153_2.84308324786324,0.00040784701267231293
X283.151761356476_3.17104010752688,0.000407604698630179
X277.180388998478_4.76392752659574,0.00040452936095046726
X545.400660188776_7.29326310861423,0.0004042621124701424
X389.249536805577_3.68482277556441,0.0004039751008392019
X231.124219207763_3.34134566666666,0.0004030451197766093
X239.130655924479_3.19211388888888,0.0004025124165600783
X187.132559969724_3.54547162954278,0.00040095717607231045
X452.32091140747_6.00445505319148,0.0004005080065384295
X658.912935083562_6.24822525252525,0.00039886856320352616
X369.093936747642_5.0812999162479,0.0003974163327920397
X268.10715982649_3.15105185185185,0.00039621684806934236
X245.078003083258_4.66396657273215,0.0003887085710451338
X409.184231865115_2.3940787804878,0.0003868045093196639
X347.149287575169_2.48591096491228,0.0003861899926996551
X795.580720239756_8.52549047619047,0.0003809755116538068
X561.48586159983_6.06190037634408,0.00038087200366114017
X877.584392293294_8.02069499999999,0.0003801309361137794
X329.231228362892_4.40034360189573,0.0003788684994914675
X405.190125503008_3.01022900232018,0.00037841077937651545
X529.337080332735_7.62387683560753,0.0003754643171498089
X305.24440751779_7.72425823878984,0.0003744582520138875
X429.360755339912_6.5922955615942,0.000372969816679119
X399.197995855595_3.08784197314652,0.00037191521681700956
X334.095813463319_5.42592032232704,0.00036900211238551366
X277.215426534578_5.24787357274401,0.0003669978060621304
X293.07795650009_5.53579628613245,0.00036556744130827613
X314.303594415838_6.95526606060606,0.00036441295978153945
X501.371276915542_7.10209278215223,0.00036059947961566307
X527.372909182594_7.93785694444444,0.00035888711115847756
X347.133178304991_2.17169632237872,0.00035531856357892753
X310.309458343076_7.85013654147105,0.00035488436341970305
X665.470313750117_6.80325582329316,0.00035458193751710336
X727.458018356779_6.37951339977851,0.0003529510760067625
X200.200297817107_5.5910755376344,0.00035162131981128654
X173.117297461538_5.35173579545454,0.00035152364151675906
X234.081372202997_3.261699828722,0.0003512904170815556
X149.059870661859_0.832815579710144,0.00035067408197835215
X121.966570456097_9.93652897648685,0.00034897578464265224
X360.242356399009_3.65461551724138,0.00034847563776726885
X523.359637607672_7.76792004273504,0.00034845524572797205
X195.098852603876_3.7230375449964,0.00034806233639013477
X183.137484168127_6.38530741167434,0.0003476754294267137
X268.262711385091_6.91553666666666,0.0003452710946369541
X651.219300636085_6.27167792792792,0.0003445004973349992
X433.316311380137_7.62435927536231,0.00034290245988188086
X423.360692827533_8.37127199170125,0.00033853169532615883
X679.250597572691_6.9781465583174,0.00033788306700916474
X445.36346075508_7.56200898876404,0.0003375863060408009
X197.119672802911_5.11520483091787,0.00033625016683168954
X263.160534957359_4.99295330459769,0.00033598461740966024
X585.530462646484_7.23464333333333,0.00033489462988260297
X614.458924611409_7.31425243055555,0.0003335690257928379
X316.281931260052_3.67623235294117,0.00033345782923198554
X209.083184638035_2.39753862525165,0.00033307633429133487
X291.085607428299_2.01115873113015,0.00033286613953461967
X173.117033925945_3.56871309285237,0.00033053865666232127
X469.14760963839_4.57910787212535,0.0003303963321729344
X230.069373562853_3.26562897570748,0.00033008563122851903
X453.246036953396_4.7496974537037,0.00032978861833726374
X602.4225319038_6.02543785310734,0.0003253686997270175
X358.292639041769_4.70101408045976,0.000325020978444466
X316.283686828613_5.50784333333333,0.0003244011457552309
X285.130411970204_2.98537077346743,0.000324328277584116
X425.376410969994_8.22967955301949,0.00032209497843176913
X520.332172369907_2.76828688239387,0.0003176485306534731
X283.160853143948_2.83624203980099,0.0003175186035054286
X231.122421042702_2.60736706060606,0.0003153464035143782
X155.106576385498_3.72426801234568,0.0003134849868742963
X301.140323936939_6.29404296874999,0.0003123747193737157
X249.111239345311_2.84389641758917,0.00031073187025795914
X393.300845286367_8.38318778467909,0.00031044548314553406
X245.137936002227_3.19287833787465,0.00030636051185892134
X331.1560368942_2.85003644067796,0.0003054823501692133
X165.089354317143_3.36957138364779,0.0003054680039545313
X803.542089001885_8.40307413793103,0.00030510992753491993
X243.177851328035_5.31456788617886,0.0003044234846598689
X281.146942582623_3.15035396910919,0.0003043420959173225
X634.450307417889_6.41101394557823,0.0003021629350273757
X209.114715618323_3.15418213627992,0.0002986608876153098
X476.305904755101_2.67164716132659,0.0002966076353677918
X741.533804434317_7.47654197530864,0.00029515094252299383
X561.471424549947_6.20823958031838,0.0002936521685865036
X215.162380218505_5.16411076388888,0.00028793820229951585
X255.120865544186_3.04037329113923,0.0002868069701645686
X613.339813106489_2.93188654287024,0.00028637924062599045
X255.230948228102_6.98454188034188,0.0002839188221185393
X499.196178665578_3.21657540983606,0.00027940652291976977
X124.087087127397_9.17698144654088,0.0002790290373449132
X729.497418803553_6.23441586021505,0.00027902713611990647
X429.371486018254_9.08398884615384,0.000278517276844634
X269.17245213132_3.96002475399754,0.00027493297638040554
X367.334794133208_7.93439510658914,0.0002745390637895688
X455.335116408941_7.63195931758529,0.0002727186376651632
X209.078226857789_2.23334518779342,0.0002717990494994689
X353.103366681921_4.69028405308142,0.00027115893669659016
X321.161688770967_5.28877886274509,0.0002696348057831635
X805.526436941964_7.59461428571428,0.0002693422146431905
X165.082647575522_5.95276147798742,0.00026713866879023076
X190.14353942871_3.33034147286821,0.00026654739024177066
X589.427597873894_7.26937667958656,0.00026586708106924163
X164.078658379113_4.0448647891963,0.0002657856954460738
X340.282564767144_6.74377352415026,0.0002640562043782181
X171.101350915341_3.72644656488549,0.00026250302123384376
X351.271491417518_7.10841858974358,0.00026249213365456774
X233.0779171328_0.826919029535864,0.0002616297348696558
X226.209590148925_4.79808833333333,0.0002612104029711495
X141.126941653853_5.05760721040189,0.00025941362091770674
X120.026037640041_9.96247614379085,0.00025506453282771337
X335.218108707004_5.5946287037037,0.0002534168697589582
X833.558123111724_8.0583015625,0.00025018650089427095
X385.345232991777_7.94504970414201,0.00024928178616936546
X270.278053283691_7.43078325242718,0.00024154146740702398
X309.205121169219_5.24868322072072,0.0002372392879099212
X367.207932294425_5.17035776836158,0.00023632429992552546
X651.219416618347_0.842869531249999,0.0002357342271929231
X683.468771168648_4.15390083880379,0.00023496438283143587
X327.161172384744_2.96185854700854,0.0002309713863155201
X388.25279629341_2.43939573283858,0.0002307642569696577
X557.3642578125_7.30852469135802,0.00023072826537965925
X244.155562767615_3.49712179487179,0.00022909548583235204
X309.166722342104_3.09331475507765,0.00022590447856386909
X251.124795321163_2.33367887377173,0.0002250258972950497
X501.390151977539_9.04754595959596,0.00022501467071138796
X241.105193080902_2.83643516666666,0.000224382461990402
X90.5246785074404_9.98934191456903,0.00022329394220418192
X229.14363035979_3.80993827160493,0.00022324793237847668
X199.134606794877_4.28979545454545,0.00021985684278182536
X795.542708456636_6.61773579124578,0.00021742633551839096
X107.050260457595_3.15119662447257,0.00021657192002042745
X272.255690941443_4.21240080128205,0.0002165402875135129
X233.225787388194_6.47904537878787,0.00021529870252456768
X323.163880547811_3.47024656007752,0.00021384830767697379
X661.487100036953_4.15375789473684,0.000212653316566948
X124.087145421101_9.9376647703549,0.0002125150234172383
X199.168938998518_4.8700408045977,0.00020972312534547154
X300.271427699497_6.71841507936508,0.00020958803386579873
X199.168650419815_5.61772463768116,0.00020812717606870446
X348.271606756716_4.1523917611489,0.00020484183343099285
X271.155051714108_3.04724650205761,0.00020321823183327785
X331.283303892309_7.17624591429994,0.0002017137939111355
X351.249137224469_5.68934971428571,0.00020113023412696152
X501.209034568978_3.15056437715411,0.00020016861181153906
X227.163058994274_4.20807334410339,0.00019972060400219306
X363.160833275836_2.3138661231884,0.00019920515866945354
X339.199010213216_4.24784444444444,0.00019820917117262328
X261.109754415658_3.2079516025641,0.0001966919630736421
X371.226813708116_2.44013158756137,0.00019121336859602556
X407.188092618375_2.46406846846846,0.00018983129423917413
X481.350748874173_7.75450132013201,0.00018731838701737318
X623.502233571019_6.47318132183907,0.0001838854903464686
X802.587084562882_7.45415217391304,0.00017913601289249386
X674.467054935923_5.62637865497076,0.0001773773003382014
X281.24658997156_6.05279702194357,0.00017553034003532674
X817.550020964249_6.2225036231884,0.00017517967669987045
X202.168855934812_2.70837331871345,0.00017505230668279516
X243.12568655085_3.50816794871794,0.00017429588863683112
X185.116868318016_3.5115881840796,0.00017426328268389148
X413.376461821477_9.85506062801932,0.00017385839372075718
X281.2470380995_6.66633703703703,0.0001733952283065599
X308.220965328732_3.73019024024023,0.0001726388972168721
X702.326225930071_5.95897987588652,0.00017251992082560573
X680.925995201192_6.23933345280764,0.0001717166476884418
X281.246612658867_7.30952552083333,0.00017152264694474646
X223.093713323563_1.93567832469775,0.00016975850206754961
X453.349656168619_4.74271833333333,0.00016828822928052263
X223.127297351815_2.96714713391136,0.00016670281026189183
X551.337653595266_6.28993915857605,0.00016367008855272037
X815.49437318626_6.1896141252955,0.00016324755124567475
X207.131262197434_2.407221802935,0.0001631168369552116
X255.231118649466_7.12408511166254,0.0001629580294766897
X331.12877314324_4.26358449568804,0.00016110877330919386
X305.136203163548_3.0884370614035,0.00016062444025651294
X188.127734202258_2.69170943396226,0.00016008853190204312
X247.153521196166_4.79300914179104,0.0001600411764863769
X365.135131404085_0.799185324947588,0.00015905594001840886
X249.144633196712_3.46779988295879,0.00015707291918381938
X185.114917657514_2.91191178778574,0.00015509421537240176
X295.225746885259_6.09304465868794,0.00015487215057644914
X157.085701922981_2.63029475623582,0.00015461964182864017
X313.236414640852_5.21616860841424,0.00015457266500013806
X209.081737897783_3.06739120855148,0.00015420289955426914
X437.177288659826_4.25919653679653,0.00015375824354358454
X295.22570644852_6.13153386050283,0.00015338459124862813
X601.538203422269_6.47638644214162,0.00015251869157183664
X281.246621041704_6.73085258397933,0.00014972291525913904
X351.215283804566_4.90537481751824,0.00014948030809726971
X411.360941501642_9.65166696100074,0.00014872633098071206
X265.137867211744_3.06717971516551,0.00014852230140481576
X602.497534030821_8.55348577235772,0.00014745633337096326
X507.21959673772_3.50636010928961,0.0001474494239002256
X183.100056163051_1.94124532163742,0.00014731430768044756
X229.143050795016_4.43697119565217,0.00014717906503203398
X294.278193882533_7.03453333333333,0.00014636977951481308
X537.397935867309_6.94636744791666,0.0001456798351900682
X957.447328016493_3.15047814814814,0.00014522236431731855
X271.115266688819_2.60499563106796,0.00014487241399414972
X331.118029471828_4.60017647468002,0.0001439085375007138
X125.096263540796_2.69875979919678,0.00013976090887005664
X169.122230474897_6.25204676258993,0.00013913143433804239
X283.261846131269_6.46965379294957,0.0001381412758627163
X273.166767817802_2.85738918918918,0.00013673574762009983
X293.207282244148_4.86243524011299,0.00013517755661235608
X479.407912283232_9.05346262626262,0.0001330023354200619
X346.163918887867_5.75705392156862,0.0001322156242410928
X503.305425647919_2.76754940600978,0.00013189098304384418
X310.125397723654_4.47853985507246,0.0001314277284956991
X357.260595412481_5.67937450396825,0.00013098095681076183
X227.128370486988_3.17397999999999,0.00012859386023123762
X169.049980236863_2.06199137047709,0.00012560503775316235
X592.362657335069_5.42185185185185,0.00012500794284980762
X245.1380064436_3.33388291366906,0.0001233444637885002
X263.22282134162_5.47360416666666,0.00012282681212817187
X283.1512828108_2.46301833616298,0.00012192460568208335
X565.517636027714_7.72472345775013,0.00012126029139182995
X395.203432664221_3.10285158303464,0.00012066708793389091
X599.46511641359_9.16134694989107,0.00012058463536229465
X277.164467947823_4.57559285714285,0.00012009498396854669
X362.19378153483_3.07285879629629,0.00011772116157468121
X434.287479422942_6.61313693957115,0.00011664895656227993
X768.580739175119_8.56454569892472,0.00011659396547472819
X420.386799926757_8.64006466666666,0.00011289737002124083
X625.248138427734_3.31744285714285,0.00011231222318712102
X482.403753868887_6.87059871495326,0.00011183261459927623
X199.168415786628_5.92171541353383,0.00011176267809265316
X563.548979134395_7.2417507183908,0.00011120626443943608
X451.156981895709_3.01000862068965,0.00011109658873755303
X591.444900790127_8.28404969696969,0.0001095294784587705
X366.139303631252_3.57379814814814,0.00010918909218742825
X186.13032503995_3.92765791666666,0.00010836368494449163
X295.157618204752_3.06357111111111,0.0001081689991034389
X185.080538403724_2.17167016298633,0.00010738091136590033
X330.229495603646_3.85810547263681,0.00010667213179840865
X309.204400017148_4.58222202380952,0.00010603351714154094
X325.195076904296_4.58960133333333,0.0001054019871974973
X498.361099981492_5.61675725806451,0.00010526334588999796
X733.468945197339_7.12693113207547,0.00010516100918836771
X547.193151185006_3.2572502840909,0.00010346268883159565
X455.348449248915_7.28498429561201,0.00010312655192416969
X534.232515207926_5.82127157407407,0.00010260490236008641
X686.504538726806_6.863541875,0.00010216434243863765
X287.162807464599_2.62413125,0.0001017472187930949
X413.183163425378_4.24300445906432,0.00010072076906332345
X227.132592010498_3.3342834375,0.00010047113219332952
X435.164287806437_4.23175285977859,0.0001001519678542506
X517.263902172599_3.4398793814433,0.0001000573578076364
X344.156589346632_6.10044905345211,9.95962139440176e-05
X263.236333338818_7.31381844305119,9.892698647480934e-05
X679.496469208688_7.64289191919192,9.824330461279243e-05
X283.185130536114_3.70088234567901,9.728286195872646e-05
X185.0806732793_2.25375398745519,9.686674480433952e-05
X451.213601374971_2.5915268115942,9.554413452799164e-05
X171.101318726096_4.03019998258446,9.554304091618135e-05
X224.128195818732_3.19618496732026,9.516137270836313e-05
X337.233510335286_5.23133101851852,9.477222607834695e-05
X457.34771451083_7.12155924242424,9.456183500009118e-05
X245.137785312456_2.8900016292735,9.427117487678886e-05
X295.225473313104_4.65056891534391,9.426734343132999e-05
X241.179717811378_4.98810045045044,9.413695187765894e-05
X313.235836429195_5.10532832167832,9.360689289710491e-05
X229.142932891845_3.48871374269006,9.358614140975407e-05
X407.327820389359_6.66510555555555,9.33146143441995e-05
X259.170379638671_4.05381666666666,9.09930198557624e-05
X225.111412772919_2.58371601489757,9.008926527809571e-05
X351.213314389425_4.40943501984127,8.987926415025427e-05
X227.090423007344_2.38394983042635,8.948611055869634e-05
X317.207959036541_6.2034754985755,8.865108297498931e-05
X513.338062286376_7.36521041666666,8.729716957894864e-05
X341.162951789233_3.1995366062437,8.673389240308385e-05
X157.083762150544_0.937029767628205,8.50274895882518e-05
X297.148616972423_3.66069795918367,8.46752380900751e-05
X304.258972599821_7.24066242138364,8.425581026326955e-05
X421.292459671585_7.71481111111111,8.334198002630018e-05
X303.226242012993_7.32083762886597,8.313412517527757e-05
X400.310084025065_6.77772929292929,8.247920484886757e-05
X621.443389214409_6.81923925925925,8.195502572325261e-05
X398.360675666905_7.01279367088607,8.093721599667136e-05
X329.204939692853_2.81235642570281,8.048988218892306e-05
X181.051502633977_3.26765235339506,8.02674277444155e-05
X398.359907827069_5.49313413978494,7.972008781558742e-05
X281.173320994657_4.06614411764705,7.889222270622575e-05
X101.071236603057_9.94047099400171,7.880275095178393e-05
X465.369382585798_8.71747857142857,7.79831902409639e-05
X647.447449270602_6.01226209439528,7.74832651160626e-05
X158.153798192113_4.34759069069069,7.70600003871359e-05
X327.215042777683_5.56804033816425,7.70525454475506e-05
X213.148205991651_6.00617445355191,7.700259880551317e-05
X221.077850733334_2.21639787390029,7.588256589539226e-05
X532.388832967789_6.84333415300546,7.531655247603844e-05
X237.145840962727_5.05610061728395,7.47471376509401e-05
X346.257596826827_3.55504612923864,7.371841607611657e-05
X253.116952749399_4.2208582051282,7.232338457971469e-05
X513.392537734087_8.05958970588235,7.229975686927661e-05
X281.153263788637_3.48174599033816,7.163297420860212e-05
X366.139438998314_3.1246067204301,7.154457069798058e-05
X124.087094650268_9.08451966666666,7.069780971755092e-05
X221.146042318905_5.91947303921568,7.056899737647625e-05
X110.021347529187_9.98922890528905,7.032243742444535e-05
X940.726511101973_9.65410614035087,6.993291909795509e-05
X507.366240281325_4.15385025641025,6.889313803303103e-05
X181.083298219453_1.61806649464831,6.77201061033484e-05
X286.263507256141_4.4815314102564,6.693342069783147e-05
X598.451900529272_6.90493312757201,6.662130038039899e-05
X181.157715724064_5.92358952991452,6.655986558196473e-05
X291.194414991013_5.24763838652482,6.638680708543075e-05
X498.374951449307_6.71629696969696,6.514795874035839e-05
X404.335693359375_6.05579509803921,6.507268631154074e-05
X643.274549211774_4.09235595238095,6.483627017204415e-05
X436.325107011638_4.74697595628415,6.425885460859877e-05
X327.200605550206_2.29227196115288,6.204242336915014e-05
X311.220944856342_5.46467017543859,6.195756991321118e-05
X242.217767125909_6.2767656060606,6.129479768786131e-05
X337.235576047735_6.27485838041431,6.11653045083049e-05
X205.085357570648_3.06156,6.06218632387577e-05
X505.42253444957_5.54299297052154,6.055186741453378e-05
X484.395053011699_5.2739071197411,6.049616379010358e-05
X335.218226580552_4.8440160798122,5.9958078882375645e-05
X443.180533914005_2.8910225490196,5.9000662564336645e-05
X558.383435677791_4.96272463768116,5.887200738960724e-05
X601.390093693967_7.2564844262295,5.843186789005758e-05
X563.390810394287_7.68304864583334,5.818147464453709e-05
X311.220503404405_4.49830333333333,5.7629377200156316e-05
X365.303639221191_7.739595,5.6500818235590344e-05
X187.096183604173_2.39946025377229,5.5341982094471554e-05
X245.161812580807_2.78956737089201,5.482505787512413e-05
X229.14179186551_3.12849234800838,5.4511449685247705e-05
X538.429779617874_7.59863611111111,5.396136618141101e-05
X330.261909686394_5.24874905660377,5.386464797774084e-05
X662.432938045925_6.49898252314814,5.3615813156348504e-05
X283.262246591073_7.97841543209876,5.345505890471468e-05
X124.087067921956_9.26737777777777,5.2584187826461846e-05
X725.556033935546_9.89811733333333,5.243760521863765e-05
X155.106733620572_5.7184044217687,5.1343213737810104e-05
X241.14106503129_2.34306901041666,5.109800298486249e-05
X187.096011106995_2.23879881226053,5.066937479190511e-05
X298.198570185122_3.8275820289855,5.0627984666888636e-05
X521.372612120613_7.60270317460317,5.0556257820682455e-05
X323.166277567545_4.34319229797979,5.037959092133389e-05
X353.098714943391_4.59981183483936,5.035245405925668e-05
X541.350927734375_4.96486355555555,5.02385809758113e-05
X557.454941275734_5.91205104821803,4.947799041911566e-05
X367.213537979126_5.54013895833333,4.899280549735846e-05
X312.202072695077_4.9549156626506,4.8924467224041684e-05
X247.150400663677_3.48828972431077,4.8783638877039986e-05
X157.083571887103_0.804737019036047,4.8679379751390916e-05
X654.512836960126_8.11319937106918,4.858853881903743e-05
X593.46078740334_8.13878537414966,4.807014869903958e-05
X277.21539171607_6.08451504424778,4.776013742369771e-05
X535.27403540039_2.87487066666666,4.64985180955572e-05
X186.184885191169_4.71836329849013,4.6257771960170145e-05
X265.251724808304_7.24992592592592,4.612645000934546e-05
X237.113729713376_3.98695378787878,4.608471767986155e-05
X607.321920166015_3.86783466666666,4.5541983948448614e-05
X413.216075949472_3.93005502283105,4.551694114400015e-05
X723.447486252081_5.62824836065574,4.360312594924474e-05
X351.189056091308_3.06580066666666,4.340363212808802e-05
X511.51540742097_7.08308703703703,4.2749127338387746e-05
X99.5125369480678_9.97870619047619,4.2283141329249446e-05
X291.120628805721_3.06037996323529,4.220907242128652e-05
X227.162019903009_2.67467798573975,4.1582553712015925e-05
X623.448239199765_6.71289545454545,4.1315816987616326e-05
X265.127281901041_3.50299272222222,4.131040002937981e-05
X193.083680990467_2.41964652173913,4.118326461773336e-05
X269.137012504531_3.49493093812375,4.085442656837138e-05
X265.201195094896_5.59060471014492,4.043374459865558e-05
X223.203286084261_5.7195380050505,4.0261354500819887e-05
X500.233204722404_3.94563893229166,4.004065346786441e-05
X299.256592203776_6.00282977777777,3.9270664340371785e-05
X235.205081385695_5.54213672199169,3.9079650722798524e-05
X296.229476281368_4.15488343434343,3.904192865731338e-05
X297.147060043092_3.21685507936507,3.86589765638467e-05
X207.100055292391_2.69275457933972,3.825580244479218e-05
X547.230452104048_2.98619511784512,3.818829348564541e-05
X955.690911102294_8.80344875,3.816088263108658e-05
X317.207511159171_6.03750368731563,3.719637600960393e-05
X278.221146803635_7.11273205128205,3.7145648875822096e-05
X222.055826360529_3.8046606060606,3.70406802571972e-05
X590.423933029174_6.42837239583333,3.689894101659459e-05
X547.331133771623_2.85583038095238,3.682935900925294e-05
X411.360971723284_9.44169285714285,3.653341146762928e-05
X271.225876391233_6.0254067001675,3.577516030045624e-05
X251.155228480819_3.34591225895317,3.574431598117726e-05
X283.156700489768_3.58938279569892,3.5516856905436863e-05
X311.289311000279_8.2448544217687,3.550841977394349e-05
X311.220564489698_4.89126692607003,3.54197156798458e-05
X213.111197378121_2.23704281045751,3.512460225338399e-05
X99.0133918469305_9.99074939061547,3.5045276988636353e-05
X609.455841064453_7.54213989071038,3.451475112855705e-05
X329.230548373135_5.40035242424242,3.4095287824819023e-05
X321.239098230997_6.72972180555555,3.3757948477541904e-05
X217.13992070321_2.66419198606271,3.371978932198487e-05
X463.232272720336_3.70141979166666,3.36715464601246e-05
X448.361885533188_6.05391994949494,3.325144249328844e-05
X269.136840907505_3.16113047619047,3.2960725786567344e-05
X237.109812484962_3.76709734299517,3.253768450894472e-05
X153.090995041867_3.09488695035461,3.228257796265309e-05
X336.235949751259_6.00681352657004,3.200947521476466e-05
X355.281575865664_6.63397062146892,3.162939533160511e-05
X344.215121293393_2.29150259909031,3.128807731624272e-05
X297.147852155897_2.91925486111111,3.0646124733793645e-05
X447.307217858054_7.83705748106061,3.053860099418902e-05
X317.173110614135_3.48005227920227,3.0457905038681574e-05
X466.375765924868_6.9817286231884,2.9016075477320525e-05
X367.208875868055_4.97774537037037,2.837339223520643e-05
X339.272637329101_7.00728816666666,2.824367985328171e-05
X608.471695511429_7.68030308641975,2.807860377923725e-05
X186.148679650348_5.76840905797101,2.7450899715667135e-05
X122.096591321727_0.849027004219409,2.7420292702432365e-05
X419.201546986897_3.67109583333333,2.6861034771179347e-05
X651.477441212487_6.25567777777777,2.6840333513081556e-05
X419.227672576904_3.86399479166666,2.6810359013156317e-05
X496.336723430736_5.81663153153152,2.628570072888661e-05
X247.241281184443_6.47781555555555,2.5411234373324765e-05
X261.113592797583_1.7372343101343,2.535944310712797e-05
X353.228840286667_4.44396238738739,2.52573443501286e-05
X299.171091581645_3.79623333333333,2.5248935580968515e-05
X444.336761474609_6.84438645833333,2.5148476203211755e-05
X440.364168590969_7.20404953703703,2.5123424651820296e-05
X873.624663492838_9.29553333333333,2.505981438760924e-05
X299.186622619628_4.96650222222222,2.500840018128199e-05
X564.357983001881_2.8559695386064,2.496854730234004e-05
X109.10155034362_3.32849716459197,2.4509079918925937e-05
X657.441052028111_5.62548125,2.439493170139647e-05
X647.447609267123_5.25595434108527,2.4252606432183872e-05
X363.307573050506_6.66751818181818,2.4233846637846703e-05
X685.470914504107_6.24539338235294,2.3745098106012806e-05
X371.168885773303_2.63257279411764,2.368231197827147e-05
X637.487107819201_8.11311666666666,2.3577266944108048e-05
X315.251807106865_5.21308634259259,2.3511486704983423e-05
X141.091366251961_3.6173106557377,2.3507854419031055e-05
total_precipitation_cm,2.29601263012357e-05
X349.197983250473_5.06346767676767,2.2846827240535812e-05
X173.1174826622_6.03329333333333,2.28028629965676e-05
X280.174887789212_2.9907064102564,2.2722452009757156e-05
X339.146673838297_3.46577268518518,2.2468818790000352e-05
X989.708232738353_9.61007777777777,2.241875758375927e-05
X281.212908063616_5.69172222222222,2.2397616496354203e-05
X299.256756091627_6.64441084718923,2.1926153483300752e-05
X197.083854626308_2.21905591225254,2.1898707002686866e-05
X1065.72518686147_8.7449452991453,2.1664939201658355e-05
X229.143098256473_3.97047656477438,2.1597480208863342e-05
X272.168446806288_3.43091632302405,2.1331772470668238e-05
X253.2154037606_6.05257179487179,2.128114205870176e-05
X339.166324241488_4.97060767973856,2.1118176758183096e-05
X201.111491762358_3.33599339080459,2.0823225854119207e-05
X227.170821685791_6.47034799999999,2.07962449036694e-05
X167.106578037656_3.33743448275861,2.0629724134610763e-05
X396.346543481744_7.68015715746421,2.061140570213568e-05
X633.463031115832_6.35839249249249,2.0281103648453547e-05
X344.21147664388_4.8114452020202,2.0238994898923145e-05
X331.192958690502_5.35091327160493,2.015782097240606e-05
X583.30850317123_3.10360035460992,2.0084839110361164e-05
X199.132350158691_4.00790333333333,1.9834289946306277e-05
X345.15641917353_2.71103188405797,1.9703414185538583e-05
X619.475680736785_8.6998854609929,1.9559065181668792e-05
X299.217921820212_5.27257112860892,1.9352206054018873e-05
X477.374862670898_7.61121525423728,1.931915890439977e-05
X296.229463546671_5.25633057040998,1.9299193802639267e-05
X501.376995697021_7.76749033333333,1.921305564308908e-05
X591.358111025682_2.93210435323383,1.9091017527215276e-05
X574.391117572784_5.39754062499999,1.892183675134889e-05
X217.104270669358_0.901215008291874,1.851773418608768e-05
X265.251786739268_6.47317440898345,1.8448069730948e-05
X370.329981009165_7.55124895833333,1.8411145548232887e-05
X575.224586267695_4.02928816362053,1.836547291092746e-05
X241.192658164284_3.56243106060606,1.83482553332079e-05
X337.103831061001_0.804000574712643,1.8209457876921167e-05
X583.308124325139_4.95374701897018,1.8013488536303918e-05
X192.123411141189_2.63580816993464,1.7069671302906877e-05
X253.105583190917_3.33811054216867,1.701206012473389e-05
X312.324891234473_7.98108956834532,1.6166740917775176e-05
X313.271668434143_7.39331812499999,1.6150640071449828e-05
X317.215126140697_7.03423108108108,1.596558247421038e-05
X308.293190002441_7.398375,1.5688870629499473e-05
X471.3084058158_8.69734092827004,1.5642270171560373e-05
X199.093797571518_3.00333529411764,1.5560986169173934e-05
X241.069396972656_2.89565611510791,1.5520694259012015e-05
X265.142153930664_2.44403666666666,1.4860638710708326e-05
X143.106671959869_1.35962517590149,1.470922884033687e-05
X664.533306884765_9.07510769230769,1.42666596287575e-05
X211.096992074626_5.68030456621004,1.4239411513168848e-05
X329.147227360652_3.19632051282051,1.4141261073769398e-05
X187.132721816437_6.24663438818565,1.4054740123872204e-05
X745.418227963331_3.1327362804878,1.4038864764895236e-05
X371.205663139437_2.99634681069959,1.3934351145328271e-05
X283.260899788992_6.63112785714285,1.3670859422990808e-05
X308.303173828125_6.38080999999999,1.3628893086803416e-05
X669.93791489374_6.24358174603174,1.358190546744274e-05
X338.340824997771_8.0974091286307,1.347376879866899e-05
X321.239633623337_6.64616429359823,1.3349359384190475e-05
X379.25520283467_5.73200382882883,1.3334862262293186e-05
X364.268393648587_4.01413128205128,1.3313569135323216e-05
X427.372321234809_8.73052731481481,1.3304142689319035e-05
X703.501646460556_8.06685975609756,1.3215045474689091e-05
X433.29178074428_7.21564588744588,1.3134172118814044e-05
X215.131461096591_5.04396530054644,1.299907967271739e-05
X204.123118373325_2.40052746031746,1.2924631078538182e-05
X279.136259562933_3.30159247512437,1.254759144673085e-05
X269.246597082906_7.43816493212669,1.2526182081973405e-05
X98.9846825138215_7.02492903225806,1.2428530186431955e-05
X215.127483511133_3.77028083048919,1.2379120024691652e-05
X300.267107876864_5.47760656565656,1.2267221147191376e-05
X351.212050713433_3.95188777777777,1.20855714021115e-05
X313.106697978498_5.08477325029655,1.207275840436239e-05
X297.151238893207_2.82497960526315,1.2052478135885227e-05
X514.356985783231_4.94160048309178,1.1869578798145086e-05
X323.254802010276_6.47503462121211,1.1851676748064255e-05
X239.12722864151_4.0941625,1.1600146066319146e-05
X353.276496698048_5.95365716253443,1.1502014016624368e-05
X333.204033180519_4.87459938271604,1.1410620654609293e-05
X519.329127543681_6.98869977477477,1.0886435676030169e-05
X531.350206111027_6.29857871794871,1.0650379829896774e-05
X317.207594376036_6.07408407821229,1.0563991406048123e-05
X509.433820790257_7.13045646551723,1.052030960438036e-05
X883.558670630821_6.20604038461538,9.80344578125919e-06
X596.435729980468_5.41112721088435,9.612887619755351e-06
X589.444448171568_6.04995468319559,9.491191356670702e-06
X310.271828628167_6.08111869918699,9.419688486330437e-06
X241.175740781037_4.51492028985507,9.294919445194974e-06
X495.240800337357_2.70010202020202,9.282788831416139e-06
X264.180165204134_4.8363159090909,9.145724748011835e-06
X575.22462906376_5.3933502688172,9.088375255904221e-06
X269.210000802471_5.71957425343018,8.314879944422729e-06
X917.651175883278_9.26225970149253,7.90313592380567e-06
X479.333291625976_7.13542760416666,7.869799064006144e-06
X227.090758939989_2.23205351473922,7.688895460594409e-06
X164.128669843281_2.93303807077625,7.588471360817222e-06
X191.035563089761_2.06680712851405,7.462329586223392e-06
X241.141115275296_2.8315137310606,7.3550212164073565e-06
X601.351722240447_4.34274453125,7.1584938949198916e-06
X363.22051182797_5.97646614035087,7.055235667630113e-06
X253.110319605413_3.20271698113207,6.66351231308381e-06
X261.109658767927_9.90742960199005,6.536930243247831e-06
X201.111899418617_2.84175771144278,6.400816468244672e-06
X532.388901930589_6.72985538461538,6.360288774349026e-06
X388.356011763862_8.58636086956521,6.185567010309277e-06
X189.111885764382_3.40119848484848,5.797511340040905e-06
X429.328949561485_4.33546552706552,5.4806147494956165e-06
X250.115497589111_2.85200023809523,5.263781861292234e-06
X299.147185387549_3.34654458874458,5.217281469101385e-06
X253.130777172013_3.7550908496732,4.6891617519095006e-06
X215.127554156116_3.04231305841924,4.127503981695419e-06
X448.338308414942_7.62036619718309,4.111629545882602e-06
X362.30250113351_7.11766666666666,4.071079078596765e-06
X98.5125409979569_0.777937543859649,3.998265448344931e-06
X304.261903936212_6.93043181818181,3.5116224219712256e-06
X133.077289908272_3.46604523809523,3.3773565883657638e-06
X345.232265014648_5.60581866666666,3.3727661716586964e-06
X215.128024419148_3.57453472222222,3.243452582659632e-06
X186.130190604073_3.84750404761904,3.1986202380925304e-06
X371.241033559302_5.5090301826484,3.186149363680925e-06
X697.507894788469_7.49710446428571,3.1644816674201127e-06
X311.145000955332_3.06560144927536,3.1583196789437424e-06
X445.256274188006_3.50699074074074,3.145909144265759e-06
X181.08210740266_2.75434423868312,3.119035426656116e-06
X321.227495492222_2.70295863453815,3.0441400304414015e-06
X88.0222981037237_9.98843888888888,3.005899638843403e-06
X315.252313454945_6.30777899305555,2.989603319798314e-06
X467.346718651907_6.2493244047619,2.805015682496148e-06
X107.049372482299_3.48065033333333,2.040678580027837e-06
X426.356323242187_7.61902536764705,2.025461106858203e-06
X795.593866521661_9.90358939393939,2.0133890514054127e-06
X285.121890324418_5.01388440860215,1.9682269421408537e-06
X608.384612621904_2.93290476190476,1.821677967817023e-06
X228.129535072728_3.67875526315789,1.7367392720167884e-06
X652.410604149404_3.00443468013468,1.402347518443696e-06
X297.148140647194_4.40064242424242,1.3912313034686445e-06
X499.325432997483_7.44689519230769,1.389207809413158e-06
X299.16323799465_3.48174869565217,1.3467167782442625e-06
X258.100778406316_4.03102146464646,1.2902212135857137e-06
X296.293165677331_7.47388266068758,1.2394092103917833e-06
X267.151931951075_2.6791878600823,7.358738501971083e-07
X313.224569424715_4.5135306060606,7.06945741914308e-07
X272.255308731742_4.348461352657,7.006480994920294e-07
X433.323065185546_8.86960333333333,6.85719883427619e-07
X483.364396951966_8.19954774011299,6.739679865206402e-07
X263.150715332031_2.50629,6.732711359045872e-07
X289.272808961193_6.93971430976431,6.659214688324969e-07
X607.455771484375_6.016775,6.617508035545469e-07
X200.077436478411_3.80855573770491,6.610789753275874e-07
X509.205295526413_3.28036587301587,6.549554396388387e-07
X117.959781222873_9.96901018518518,6.494410168390776e-07
X633.341476440429_3.48447083333333,6.477433085802848e-07
X225.101104143753_2.06847686084142,6.346040524001623e-07
X499.193570439119_3.30066604554865,6.30176449405833e-07
X411.341111879091_6.43193198198198,6.172703423645862e-07
X244.226339633648_5.31265705128205,4.253707700842654e-07
X157.119481368803_3.82225211267605,2.9641780526412915e-07
X257.134313246783_2.41504411764705,1.5163768701981435e-07
X497.323019304846_8.75267393162393,1.4869151467089647e-07
X313.149560837518_2.78638809523809,1.4520110352838715e-07
X589.425269918238_7.05707535460992,0.0
X294.13910949707_3.52211566666666,0.0
X237.220427340176_7.13047029360967,0.0
X325.234903594593_6.50192757201646,0.0
X576.379412841796_7.63491583333333,0.0
X253.2154513728_5.54290778588807,0.0
X538.517846184807_9.88478018018018,0.0
X316.125581287202_3.5279365079365,0.0
X493.154014551244_3.26611556082148,0.0
X289.167932739257_2.79415266666666,0.0
X376.304633185977_5.37307301587301,0.0
X411.321864550041_7.20162414141414,0.0
X617.305116130111_7.58497887377172,0.0
X610.487073262532_8.13928680555555,0.0
X282.249968674009_6.7554242825607,0.0
X217.142189777258_3.87823510101009,0.0
X208.096447587013_2.752325,0.0
X366.333972167968_7.11739222222222,0.0
X313.236468478366_6.06416148648648,0.0
X529.404610884817_7.96114429824561,0.0
X328.283793800755_6.96434100877193,0.0
X340.356186663518_8.52853715846994,0.0
X244.188864461491_3.73631666666666,0.0
X348.322476704915_8.19904801587301,0.0
X382.330303261496_7.07261939393939,0.0
X433.278260416059_4.95271517412935,0.0
X292.198740641276_3.7144574074074,0.0
X310.309356977354_7.54474355345911,0.0
X214.212827180561_5.59070855263157,0.0
X703.706063406808_8.29814285714285,0.0
X208.103131268475_2.86434144144144,0.0
X561.375733926262_7.37337007042253,0.0
X651.673207600911_8.19685833333333,0.0
X170.117409530951_2.5292443877551,0.0
X374.338274002075_8.29706203703703,0.0
X302.195508233432_2.96203505747126,0.0
X332.293361239963_7.5421486111111,0.0
X212.147003339684_3.92457536231883,0.0
X362.300301156392_4.87602967479674,0.0
X144.138365241918_3.81073988764045,0.0
X342.304040866427_6.96212851851851,0.0
X288.179971188915_2.6652268707483,0.0
X262.154404132035_2.23897457420924,0.0
X302.198603493826_3.3379875,0.0
X200.196079772195_5.16922921810699,0.0
X526.406852135291_7.61589903846154,0.0
X228.231460630893_5.95788593749999,0.0
X382.329092702557_7.48688566308244,0.0
X350.340274082141_7.92005805243445,0.0
X258.205653812574_4.13011322463768,0.0
X477.317822575569_6.85064622395832,0.0
X352.294411292442_7.05704102564102,0.0
X349.197795841969_4.77110102040816,0.0
X647.446451656154_7.60370983606557,0.0
X337.233452190052_5.08157386363636,0.0
X346.257507187979_4.08586413690476,0.0
X242.20756405917_3.97216515151515,0.0
X601.479288566012_9.52141092436974,0.0
X237.114000892639_3.85437416666666,0.0
X286.163716997419_2.4512779100529,0.0
X261.220673953785_6.41654411764705,0.0
X411.274563759251_5.88421578947368,0.0
X229.143191375732_5.96603,0.0
X395.276012311662_6.33633976190475,0.0
X421.121771240234_3.80559,0.0
X229.14177364414_3.15517803672316,0.0
X303.251955589152_6.50345993788819,0.0
X507.364885391727_8.25709032258064,0.0
X263.235068257649_5.81471166666666,0.0
X533.380414421175_8.32120390946501,0.0
X527.391812133789_7.85676263888889,0.0
X479.334979248046_7.74688888888888,0.0
X373.29007351783_6.29873387096774,0.0
X351.250672040666_6.67999499999999,0.0
X353.229303995768_5.06447564102563,0.0
X487.360911442683_7.61601153846154,0.0
X383.251167297363_5.29558518518518,0.0
X309.204666137695_5.69557916666666,0.0
X351.214825100368_5.34514938271605,0.0
X188.12786220682_2.52871451149425,0.0
X475.341404506138_8.73556666666666,0.0
X605.308220987266_5.72433050847457,0.0
X107.05016949712_2.39438843537415,0.0
X410.288066368318_5.4017242937853,0.0
X301.16485040838_3.20119924242424,0.0
X288.180129504594_2.54528934426229,0.0
X375.286903950705_8.05311666666666,0.0
X288.181146808699_3.00538758169934,0.0
X339.285527316006_6.29537272727272,0.0
X293.184524536132_3.03349803921568,0.0
X615.454568481445_6.20755533333333,0.0
X308.221779691256_5.68249641025641,0.0
X743.482091215467_6.757006185567,0.0
X334.230275934392_5.62032727272727,0.0
X350.21945871797_4.15869989517819,0.0
X735.572795547057_7.31903878504673,0.0
X277.215608988722_5.5922,0.0
X177.127343200683_4.15593293333333,0.0
X380.180410569713_3.07992473118279,0.0
X309.240608547044_6.97891340579709,0.0
X139.075414748418_2.63813809523809,0.0
X357.271780477987_5.33586216216216,0.0
X236.098000446955_4.33824236111111,0.0
X839.568887804199_6.62162564282375,0.0
X984.753316243489_9.61156777777777,0.0
X569.435298718904_5.40087192982456,0.0
X648.539934660259_9.54238421052631,0.0
X345.217944874483_3.5520294117647,0.0
X592.47654724121_8.74398235294117,0.0
X287.149186666032_2.44809351032448,0.0
X872.627773782481_8.02901884057971,0.0
X900.659719987349_8.45208257575757,0.0
X718.492890067722_5.63083659420289,0.0
X363.286166297064_7.97727256944444,0.0
X379.281290447901_6.43462949735449,0.0
X734.48829820421_5.03098259259259,0.0
X269.17951565697_2.50234642857142,0.0
X408.311489683209_6.88416919191919,0.0
X313.271274807216_7.18040945945946,0.0
X328.319825439453_7.431349,0.0
X683.538615833629_7.17589515151515,0.0
X509.34492080782_7.62172208588956,0.0
X293.204132617359_3.96312183098591,0.0
X415.219428455128_3.26880036764705,0.0
X581.329150096479_6.33202911646586,0.0
X302.141924303631_3.09129970930232,0.0
X124.086889266967_9.63048333333333,0.0
X679.250625453044_6.06352903780068,0.0
X317.128373283991_5.41844774494557,0.0
X229.14317703247_4.9180346491228,0.0
X249.145184326171_3.046025,0.0
X152.557007860781_3.10469179104477,0.0
X313.235260009765_5.51844666666666,0.0
X369.262759923934_4.91877265625,0.0
X515.248862661966_3.41892723577235,0.0
X397.147169370909_2.23568648648648,0.0
X281.159365154448_3.62419523809523,0.0
X189.085761706034_2.40062673611111,0.0
X575.224528138066_3.94970187793427,0.0
X357.298959666285_7.29319448275861,0.0
X385.313570889559_8.18406136363636,0.0
X302.195890808105_2.64741516666666,0.0
X251.196778005923_5.72764201257861,0.0
X339.287335454201_6.42688775510204,0.0
X105.033825482936_6.08846016377649,0.0
X561.486425521525_7.31286241134752,0.0
X325.259324486575_6.9441711442786,0.0
X207.153931027367_3.15665873015873,0.0
X818.581434631347_6.84195666666667,0.0
X293.219553350092_6.80541593406593,0.0
X329.239456939697_6.57784642857142,0.0
X740.546156141493_7.61442407407407,0.0
X540.381761599809_6.40354978632478,0.0
X701.466933230136_5.6301609929078,0.0
X701.521971269087_7.01751212121211,0.0
X944.684991455078_8.41370333333333,0.0
X993.667583186452_8.37830894308943,0.0
X338.24985184208_4.84068709677419,0.0
X640.461155332368_7.22311666666666,0.0
X575.450167924929_8.75094743589743,0.0
X359.71142578125_3.06907222222222,0.0
X580.452911376953_8.59319254385964,0.0
X394.31856282552_6.34068888888888,0.0
X387.231283569335_2.71946333333333,0.0
X295.249630928039_7.09803020833333,0.0
X339.2885337136_7.28315121212121,0.0
X465.229751586914_2.857554,0.0
X525.357798985072_9.14614523809523,0.0
X511.308966742621_7.68992407407407,0.0
X384.273482786406_6.0241993883792,0.0
X183.144835728236_3.25970904761904,0.0
X216.159662936596_3.22806241134751,0.0
X310.309615329723_8.00243946932006,0.0
X371.277609363044_5.99669536082474,0.0
X439.355053492954_7.14404285714285,0.0
X495.305706569126_8.43864166666666,0.0
X335.289235432942_7.62289532163742,0.0
X297.24162050757_9.51852442244224,0.0
X358.257938385009_5.82911388888889,0.0
X335.255467465049_7.54310438596491,0.0
X559.405875069754_7.13484047619047,0.0
X701.392317345394_3.07152462311557,0.0
X535.308606661283_4.29545512820512,0.0
X696.437393456174_3.07265906432748,0.0
X388.340880724848_6.71772959183673,0.0
X564.44549740062_8.3411725490196,0.0
X553.440338937859_6.04378245614035,0.0
X895.670197986421_9.27049563492063,0.0
X834.572935216567_6.22725490196078,0.0
X668.493078934519_7.72666666666666,0.0
X673.436218897501_5.01583263888888,0.0
X494.402444893973_7.61968476190476,0.0
X558.47099533081_8.59244124999999,0.0
X712.519274030412_7.67992936507936,0.0
X559.45477634006_9.1887574074074,0.0
X496.346478337826_4.15457427536232,0.0
X587.375821320906_7.37849601449275,0.0
X410.31093042547_5.59454393939393,0.0
X509.411787668863_6.0606787037037,0.0
X598.430580647786_6.76355888888889,0.0
X801.555699435147_6.83964507575757,0.0
X549.433377352627_8.16653712121211,0.0
X576.482635498046_9.18678666666666,0.0
X497.378644125802_4.76298035714285,0.0
X580.440521863042_6.02871496598639,0.0
X895.594930611404_7.40934444444444,0.0
X566.460565185546_8.16069333333333,0.0
X624.466680190142_7.77263774509804,0.0
X564.444659146395_6.68088409090909,0.0
X756.545110430036_7.6349994047619,0.0
X696.519183349609_7.63845380952381,0.0
X675.536885331316_9.48786869918699,0.0
X777.495738389757_7.09072814814814,0.0
X785.560609297318_7.45566666666666,0.0
X712.531195207075_8.46851893939394,0.0
X409.25685666955_5.66611086956521,0.0
X265.14163928854_2.06567068965517,0.0
X340.266243382504_4.38747280701754,0.0
X500.361103057861_4.41277395833333,0.0
X332.149908701578_3.14086018518518,0.0
X206.138429899473_2.31957567567567,0.0
X498.317822265625_4.23696,0.0
X409.381653340657_9.15748722222222,0.0
X260.221619923909_3.35293055555555,0.0
X411.25640894155_4.37043224043715,0.0
X311.20478551528_3.51363431372549,0.0
X331.187676565987_5.24692321428571,0.0
X425.213803972516_6.78795595238095,0.0
X261.134112040201_3.42601111111111,0.0
X309.162463188171_3.20002760416666,0.0
X425.311016082763_4.06655,0.0
X279.130137125651_2.92660476190476,0.0
X403.250416056315_6.80740444444444,0.0
X442.327374776204_4.03044444444444,0.0
X709.55715560913_9.31162916666666,0.0
X885.661954012784_8.61188181818181,0.0
X841.636063519646_8.80508333333333,0.0
X215.12724720348_3.10096212121212,0.0
X330.228110973651_3.27544134615384,0.0
X355.251878044822_6.32539640151515,0.0
X325.196118085812_3.53299444444444,0.0
X270.278182922606_7.326998937583,0.0
X468.367965802043_6.64262097505669,0.0
X378.301116294049_7.10551879432624,0.0
X345.155406188964_2.18846666666666,0.0
X753.583812512849_9.1500745614035,0.0
X288.244890127609_4.86776044776119,0.0
X196.145260620117_5.37962333333333,0.0
X324.216275634765_4.62606383333333,0.0
X278.159645774147_2.38988257575757,0.0
X162.007940995065_0.771163157894736,0.0
X797.609386243318_8.98125350877192,0.0
X383.240253024631_6.32165925925926,0.0
X384.289279174804_3.63402,0.0
X345.226599416425_3.31955725806451,0.0
X271.162369728088_4.24335416666666,0.0
X261.109661647251_3.94843809523809,0.0
X643.289876302083_3.20108611111111,0.0
X267.155462431215_2.93422489626556,0.0
X149.060073189113_3.25974927536231,0.0
X657.269372558593_3.19118999999999,0.0
X689.258990478515_2.70188333333333,0.0
X357.193116723037_4.39985772357723,0.0
X343.153709503541_5.91822449799197,0.0
X217.143071644341_4.28746691542288,0.0
X579.49667602539_6.71021555555555,0.0
X922.009780883789_0.0849,0.0
X269.210331916809_4.26276215277777,0.0
X505.349288716035_8.06415980392157,0.0
X469.344131469726_4.11589345238095,0.0
X297.27397798237_7.87104736842105,0.0
X211.096116770868_3.08753152173913,0.0
X147.984343029203_9.93076587301586,0.0
X365.135490902987_6.08347696969697,0.0
X163.075292353044_4.01247105263157,0.0
X433.286895751953_3.72942083333333,0.0
X359.287866636764_6.70277674418604,0.0
X679.445747944846_5.32295348258706,0.0
X307.203927993774_3.88057708333333,0.0
X187.131099700927_3.79835657894736,0.0
X163.075339768747_6.07387988505747,0.0
X183.098966690937_1.34278565834557,0.0
X315.122597285679_5.39633472222222,0.0
X313.127809651692_2.89180111111111,0.0
X679.250750979861_3.19071497747747,0.0
X711.229473876953_2.72627,0.0
X244.190525817871_3.03986333333333,0.0
X327.156228383382_3.12083194444444,0.0
X344.158955891927_2.08657592592592,0.0
X351.263639831542_7.01659055555555,0.0
X307.260924727828_6.93982358024691,0.0
X463.300883573644_5.65371862745098,0.0
X284.280573331392_7.746725,0.0
X325.203266688755_3.10223333333333,0.0
X322.20041485222_3.07637585034013,0.0
X244.190397221991_4.72098120567375,0.0
X680.478801727294_8.90505208333333,0.0
X836.680339268275_9.06077857142857,0.0
X880.707050030048_8.91229487179487,0.0
X841.635360717773_9.0654625,0.0
X792.654015435112_9.20432037037037,0.0
X885.662104067595_8.90599927536232,0.0
X797.609119121845_9.20873974358974,0.0
X924.732259114583_8.71224444444444,0.0
X354.317547607421_7.79306833333333,0.0
X753.583103179931_9.35410555555555,0.0
X929.688028971354_8.7254865079365,0.0
X709.556804838634_9.49934285714285,0.0
X207.174018859863_6.32188819444444,0.0
X259.119998329564_3.06249941520467,0.0
X311.254663848876_6.79568055555555,0.0
X922.00978742327_0.798729365079364,0.0
X431.287374369303_6.22084833333333,0.0
X217.140345298637_2.89070367231638,0.0
X172.168142212761_4.22836967592592,0.0
X536.164774576822_9.58509888888888,0.0
X301.077645365397_2.44068194444444,0.0
X571.459305888474_6.80321986531986,0.0
X545.396091498217_7.08297939590075,0.0
X554.174249267578_7.68111333333333,0.0
X453.245291410987_3.09222786069651,0.0
X393.18882419752_3.07691714975845,0.0
X354.317603338332_8.09597182539682,0.0
X702.213592529296_8.65421111111111,0.0
X227.199905720162_6.48423058510638,0.0
X628.193651471819_8.20696904761904,0.0
X776.230580647786_9.04936111111111,0.0
X359.207435486808_4.97010185185185,0.0
X675.352060647835_5.95186704260651,0.0
X221.145697021484_5.67329999999999,0.0
X199.09683227539_3.02832098765432,0.0
X478.312035253492_3.93067853107344,0.0
X243.135427263047_5.70126296296296,0.0
X212.142776489257_6.34480833333333,0.0
X350.197355187457_3.17515978260869,0.0
X290.232265472412_4.77805,0.0
X278.20896356756_3.63558674242424,0.0
X328.24695772738_3.2436599099099,0.0
X230.247547912597_4.70871333333333,0.0
X288.136141654772_2.03644743589743,0.0
X381.296875476837_7.80113454861111,0.0
X272.254709097055_4.83356666666666,0.0
X309.274447491294_6.75140131578947,0.0
X279.200911983366_6.27801989247311,0.0
X488.285458134669_4.08272908496732,0.0
X480.308463505336_5.82187202380952,0.0
X335.25473756428_7.3917299578059,0.0
X303.180321734884_3.50571304347826,0.0
X263.236354241004_6.89922115384615,0.0
X274.234802781489_3.78285526315789,0.0
X100.510401916503_9.96895166666666,0.0
X102.0916990704_0.992600925925926,0.0
X311.170393029037_2.11942789115646,0.0
X253.159303144975_3.60474318181818,0.0
X202.140844684757_2.11664155251141,0.0
X230.172143036464_2.5243179245283,0.0
X264.239967190489_6.06628333333333,0.0
X337.272527313232_6.62561666666666,0.0
X188.127821841482_1.97439265536723,0.0
X360.21338206324_4.30192126436781,0.0
X685.433905029296_8.73697833333333,0.0
X291.194671994163_4.76873531746031,0.0
X440.325004577636_4.08458333333333,0.0
X241.141444206237_3.17617499999999,0.0
X380.387327575683_8.76085708333333,0.0
X551.465303014536_8.38948114754098,0.0
X548.389075646033_7.60788589743589,0.0
X435.312825644888_5.25421991869918,0.0
X435.283730560878_5.19385251572326,0.0
X264.239370981852_5.82371805555555,0.0
X274.164570331573_2.31022135416666,0.0
X260.149448878328_2.24648403755868,0.0
X577.480904904952_8.45240331262939,0.0
X310.309597969055_7.70233541666666,0.0
X258.205688208864_5.24621169590643,0.0
X365.135403668438_5.09969938271604,0.0
X334.306556252872_7.98542549019607,0.0
X260.217405172494_3.32562094017093,0.0
X376.318597717285_7.344684,0.0
X172.16822873629_4.77214871794871,0.0
X292.196287754603_4.1620273015873,0.0
X237.108254568917_3.39229166666666,0.0
X225.177421457627_4.84455735294117,0.0
X414.314853402071_4.47691976744186,0.0
X337.268867174784_6.88575069444444,0.0
X384.326484333385_7.81522727272727,0.0
X223.130972784918_3.75200045045045,0.0
X349.185075305757_2.63429894179894,0.0
X404.314004377885_7.53375984848484,0.0
X563.225664570383_3.67735547445255,0.0
X329.231178197967_4.45832640449438,0.0
X342.301275400015_7.15222564102563,0.0
X207.169419518832_4.8440724137931,0.0
X454.346537998744_4.49411507936507,0.0
X173.093234892814_3.45555107526881,0.0
X368.347806930541_7.4417375,0.0
X202.137113156526_2.98343985507246,0.0
X230.176589517032_3.46591176470588,0.0
X255.128397854891_3.12274318181818,0.0
X183.137667188457_6.5991294117647,0.0
X206.153465046602_4.29518431372548,0.0
X373.266136618221_4.6429612745098,0.0
X245.22553592258_5.82617839506172,0.0
X336.324589233398_6.68424266666666,0.0
X677.365320457602_6.08011210691824,0.0
X348.324062347412_6.63173819444444,0.0
X174.112361329974_2.42580707070707,0.0
X331.186668331883_5.81865728291316,0.0
X595.604663085937_7.63563333333333,0.0
X257.160782912681_3.22502873563218,0.0
X396.345632699819_5.26152948717948,0.0
X651.219694574195_3.57277640562249,0.0
X161.114098842788_2.70381163522012,0.0
X468.364538753733_4.60065457516339,0.0
X396.308411338112_4.84484696969696,0.0
X292.225147792271_3.97701031746031,0.0
X341.26155757904_4.48797864583333,0.0
X379.282191931683_6.98456826086956,0.0
X199.095543384552_2.75685208333333,0.0
X336.325251770019_7.71743533333333,0.0
X617.487028234145_8.46116803921568,0.0
X495.367552776725_7.73410170068027,0.0
X468.366836547851_4.84857222222222,0.0
X224.164378561624_4.0290394308943,0.0
X393.260304281156_6.23731643835616,0.0
X382.319811503092_5.00627222222222,0.0
X287.253966212272_7.24827304687499,0.0
X328.283473510742_6.28327733333333,0.0
X402.333442687988_7.47111091954022,0.0
X284.293558622661_7.56371315789473,0.0
X288.180758851947_3.39794949494949,0.0
X331.249273494798_4.12824421768707,0.0
X160.096918279474_2.28184191919191,0.0
X256.262396091368_6.72608780487804,0.0
X129.091261985742_2.15609344391785,0.0
X346.255637535682_4.33259102564102,0.0
X280.234461846752_4.86305545171339,0.0
X340.284175639249_6.93503979591836,0.0
X351.221536335192_5.54654517543859,0.0
X649.334345950356_5.37951160337552,0.0
X675.514354359019_6.42288749999999,0.0
X228.195392539284_5.10827727272727,0.0
X231.155986240931_3.77106904761904,0.0
X223.182523471205_5.87697487562189,0.0
X355.247582329644_5.08819351851851,0.0
X186.117510931832_3.12260416666666,0.0
X200.200439854672_3.41918561403508,0.0
X405.271452862283_7.13618115942029,0.0
X181.116306495666_3.17219458333333,0.0
X347.187122405521_4.57939285714285,0.0
X129.091118282741_2.63512055555555,0.0
X286.202696736653_4.81792533333333,0.0
X185.118264555931_3.34097161458333,0.0
X265.252075031239_7.97777598566308,0.0
X323.17456144445_3.83219803921568,0.0
X366.138878766228_5.92704362745097,0.0
X258.205205962413_3.50702624671916,0.0
X663.390016937255_6.09329041666666,0.0
X500.354693603515_5.36221,0.0
X353.235041936238_3.39043935185185,0.0
X242.247097969055_6.61448875,0.0
X232.152069091796_4.00226166666666,0.0
X530.356170654296_4.059053125,0.0
X472.286019461495_3.90063095238095,0.0
X663.495308430989_8.65470222222222,0.0
X381.199952778063_5.04723201754386,0.0
X225.182405090332_4.75822555555555,0.0
X439.234471846599_4.93932925170068,0.0
X197.114548153347_3.76790555555555,0.0
X359.1575817532_5.02984506172839,0.0
X537.357933738014_7.64503181818181,0.0
X344.156682288585_5.93014153757889,0.0
X342.228673791372_4.55493387096774,0.0
X349.233304765489_5.97568703703703,0.0
X309.263671875_7.25524387755102,0.0
X341.193203735351_4.40575380952381,0.0
X252.125004417017_3.09091535087719,0.0
X214.127017387977_3.81479519230769,0.0
X325.197858537946_7.73844047619047,0.0
X358.309316085556_7.68419858757062,0.0
X377.309889316558_6.88485260416666,0.0
X174.11885103972_1.99256159420289,0.0
X315.258636474609_5.09998571428571,0.0
X661.373521327972_6.40117916666667,0.0
X202.143327164323_3.25271712328767,0.0
X302.195164020244_2.90179743589743,0.0
X284.175072193145_3.54737083333333,0.0
X222.112104143415_3.07835396825396,0.0
X384.342788696289_7.89834166666666,0.0
X284.151259422302_2.521196875,0.0
X183.116135817307_3.74803782051282,0.0
X158.153859791002_3.6939548245614,0.0
X739.602887834821_7.81085476190476,0.0
X240.184024810791_5.22567200854701,0.0
X337.290338788713_7.88569206349206,0.0
X272.213216565318_3.18603780068728,0.0
X178.122559042537_3.36360457516339,0.0
X209.116938781738_3.85026666666666,0.0
X269.120164452529_3.36353658536585,0.0
X535.359668488198_7.18467269503546,0.0
X230.571172794825_3.27275,0.0
X327.249366760253_5.95949615384615,0.0
X664.467086791992_6.79589027777777,0.0
X301.167033216688_3.83348,0.0
X485.239555358886_3.50697,0.0
X395.276082050369_6.50614176706827,0.0
X199.14030476888_6.49742355555555,0.0
X213.148626856057_6.54093574297188,0.0
X357.297764587402_6.98182466666666,0.0
X359.314604396446_7.80021209150326,0.0
X260.145346901633_1.37025757575757,0.0
X316.131718226841_3.29618809523809,0.0
X581.437158791415_9.1765297188755,0.0
X430.279443766276_4.06820155555555,0.0
X779.58607658011_8.94634398907103,0.0
X780.617043495178_9.38663307291666,0.0
X464.356965855189_5.39932261904761,0.0
X227.199675091242_6.29762711864406,0.0
X651.39122502944_4.99814681372549,0.0
X977.672317012663_8.79826424731182,0.0
X261.109484114736_6.97579465408805,0.0
X658.471179635184_6.25000619047619,0.0
X602.409449100494_4.98306276041666,0.0
X735.559948530353_8.98494180327869,0.0
X415.265177712511_5.5964395522388,0.0
X470.33132126752_4.92180073529411,0.0
X379.295708933184_7.85749543010752,0.0
X337.104321434384_9.93777757936508,0.0
X414.287796397268_4.72138559670781,0.0
X689.442820231119_7.16570321637426,0.0
X1016.74215698242_8.77184852941176,0.0
X382.272559582347_4.88549436619718,0.0
X268.159274978637_2.96943916666666,0.0
X763.516072591145_7.46781161616161,0.0
X642.478603363037_6.87942746212121,0.0
X526.392669677734_6.29471435185185,0.0
X370.254899668139_4.67038236434108,0.0
X795.505771921641_6.21971343283582,0.0
X635.395821515251_5.62130661764705,0.0
X459.291498020717_5.60635809523809,0.0
X569.400829258249_8.33297810945273,0.0
X323.234261811669_6.31609925373134,0.0
X426.316998375786_6.05683773148148,0.0
X779.511404464493_6.84301044776119,0.0
X708.559577094184_9.02592361111111,0.0
X571.416504831025_8.15597651515151,0.0
X635.471230199781_8.23682033898305,0.0
X861.589210624125_8.48399527363184,0.0
X383.279410348811_7.00389389671361,0.0
X586.414736308748_5.62116428571428,0.0
X508.38217639923_5.39697421874999,0.0
X626.481716032951_7.54205618279569,0.0
X824.642333059599_9.34345075757575,0.0
X807.542554793819_7.44584892473118,0.0
X474.302768822872_4.11236641414141,0.0
X1000.74774533226_9.19393015873015,0.0
X751.554597553454_8.5649529239766,0.0
X542.399579244946_6.70523095238095,0.0
X702.495646462511_6.23931293532338,0.0
X856.63260007372_8.48902810457516,0.0
X901.656090521043_9.693888172043,0.0
X482.363326814439_6.3075787037037,0.0
X840.637017733808_8.9037729468599,0.0
X458.309336674677_4.740158008658,0.0
X767.478590284075_5.62916369047619,0.0
X757.529529439992_6.85126235632183,0.0
X570.431761605399_7.35127529761904,0.0
X851.568637084961_7.42628305555555,0.0
X437.357432716771_5.38720219298245,0.0
X707.528551521947_8.60669378531073,0.0
X343.171154315655_4.81611282051282,0.0
X373.248399522569_7.02437685185185,0.0
X558.396283830915_6.03161111111111,0.0
X581.423502291165_6.92391692307692,0.0
X857.631141662597_9.73434074074074,0.0
X625.451105511377_6.90342407407407,0.0
X205.090799168178_2.42987238095238,0.0
X320.242266299119_3.9464487562189,0.0
X796.611075580983_8.94439903381642,0.0
X719.489309946695_7.48866458333333,0.0
X332.277218089384_5.33657720588235,0.0
X685.483960436536_8.64739935064935,0.0
X420.330808803013_5.38592357142857,0.0
X471.327592405554_6.98106301369863,0.0
X769.577868143717_9.85707638888889,0.0
X613.427383846706_8.28075185185185,0.0
X751.479531066058_6.22804109589041,0.0
X519.31276476061_4.94582545045044,0.0
X845.594067001342_8.90138124999999,0.0
X657.45289933054_8.23325153508771,0.0
X475.285675675901_4.9223602739726,0.0
X729.510476363332_8.60169692982456,0.0
X354.260494284433_5.33493105022831,0.0
X773.536545212204_8.56148108108107,0.0
X587.411419517115_7.56428421052631,0.0
X741.546843679327_9.42718070175438,0.0
X641.44362372321_6.25097522522522,0.0
X701.47944400185_8.18594495614035,0.0
X707.45352799925_6.23920205479452,0.0
X641.458188069661_8.69222422222222,0.0
X785.573497772216_9.36187395833333,0.0
X486.33874575297_5.39632314814814,0.0
X631.438374054737_7.54073162393162,0.0
X553.387749942732_6.27777901234568,0.0
X597.418586307101_6.26561481481481,0.0
X509.366131252712_6.28807638888889,0.0
X515.354605934836_6.96538593073593,0.0
X443.297127124875_6.31738934108527,0.0
X398.286603224904_5.37072105263157,0.0
X647.43373629413_6.90348206751054,0.0
X663.421659222771_6.24416764705882,0.0
X559.380180152686_6.94518378378378,0.0
X691.458497721354_6.88122755555555,0.0
X563.339237578927_4.96248127853881,0.0
X570.419410601054_6.27903127853881,0.0
X789.531445047129_8.09943333333333,0.0
X752.585787920884_8.98526103286385,0.0
X933.645748029436_8.827585,0.0
X614.445450252956_6.26505416666666,0.0
X591.369746111441_5.61789371980676,0.0
X813.604910956488_9.79106759259259,0.0
X387.238551548549_4.85881038961039,0.0
X817.562863631987_8.51897112676056,0.0
X530.363165778082_5.39087252252251,0.0
X659.466867198114_8.10706111111111,0.0
X427.299590301513_6.99224041666666,0.0
X889.620090236911_8.8645896103896,0.0
X421.320087232087_6.30623728070175,0.0
X514.369977425837_6.05248140096618,0.0
X547.343942991444_5.61549647887324,0.0
X597.431856017181_8.74012173913043,0.0
X342.230742698492_3.94996879844961,0.0
X829.59891750938_9.33796293859649,0.0
X735.484870910644_6.86024166666666,0.0
X653.494409586588_9.53255666666666,0.0
X386.250475260416_4.00753577777777,0.0
X615.442105102539_8.13064904761905,0.0
X399.270647188512_6.32162621951219,0.0
X470.343718192946_6.05307370892018,0.0
X503.318318830217_5.61077214285714,0.0
X697.520632391106_9.47847945205479,0.0
X675.463419189453_7.51317866666666,0.0
X465.340425037202_6.2884625,0.0
X431.260198538644_4.89765547619047,0.0
X607.365336243535_4.98155258215962,0.0
X745.505160086495_8.14038380952381,0.0
X527.389956035311_8.17696798941799,0.0
X454.348842679537_6.73024076923076,0.0
X736.591151083669_9.43241370967741,0.0
X972.715435791015_8.79945757575757,0.0
X739.444100072828_5.0274220338983,0.0
X585.396272277832_7.81850611111111,0.0
X653.481935094614_7.5182737704918,0.0
X764.622908158735_9.86315151515151,0.0
X912.694679389565_9.2643429378531,0.0
X333.262604009909_6.31098032786885,0.0
X761.500119965652_7.63033132183907,0.0
X692.565324315485_9.48882201257862,0.0
X438.34111735026_6.32080888888889,0.0
X790.547860775353_6.22427452830188,0.0
X645.419649528734_7.2058654040404,0.0
X239.141048084605_1.74978575757575,0.0
X618.41740828294_5.40270352564102,0.0
X613.414367675781_5.62287627118644,0.0
X552.409157445875_5.40389237288135,0.0
X717.47417954267_7.67300084745762,0.0
X565.428696223667_7.56805148809523,0.0
X808.648838975694_9.84249037037037,0.0
X377.17310260591_2.60784246031746,0.0
X227.103995627545_2.55918191489361,0.0
X299.182332277297_4.77907734374999,0.0
X553.405739205782_8.79482213114754,0.0
X481.382338597224_5.39444198717948,0.0
X525.361170614919_5.61903467741935,0.0
X288.252684020996_5.20185738095238,0.0
X271.128557913644_2.75729452380952,0.0
X730.529487492488_6.85999435897436,0.0
X405.317139127361_6.99376542288557,0.0
X896.700193859282_9.69636904761904,0.0
X905.615413859739_8.44478502824859,0.0
X763.590718971108_9.38491132075471,0.0
X432.366718479844_6.73252540983606,0.0
X437.308686711237_5.61558871794871,0.0
X956.720860531455_9.22461432748538,0.0
X329.16225528717_3.01625604166666,0.0
X293.144820775741_2.83674594017094,0.0
X867.638202122279_8.86961160714285,0.0
X454.331853230794_5.61546166666666,0.0
X629.418644236094_4.99102412935323,0.0
X307.161625581629_2.92726339869281,0.0
X536.413277836169_6.03849576271186,0.0
X476.392913273402_6.72067976190476,0.0
X807.617232378791_9.34484477124182,0.0
X288.251313548977_5.31871101694915,0.0
X261.109385660249_6.56757237442922,0.0
X758.560629482927_7.47213850574712,0.0
X690.462601760338_5.01346178160919,0.0
X449.34379230846_6.97882904040404,0.0
X525.407806961624_5.39319475308641,0.0
X559.344376662681_6.77468505747126,0.0
X608.471691789298_8.2873790229885,0.0
X713.503128827628_6.87031497175141,0.0
X421.203357094212_2.73484517543859,0.0
X452.318764406092_4.10665343137255,0.0
X276.214549372746_3.85593358974359,0.0
X518.322197323753_4.14441091269841,0.0
X603.370392400568_6.73836090909091,0.0
X296.15188217163_2.85523697916666,0.0
X603.480050140956_9.12480283018868,0.0
X921.610247098482_7.99022243589743,0.0
X569.387868912493_5.62023579234972,0.0
X401.280789529123_7.84694919354838,0.0
X526.405282747947_7.36800536723163,0.0
X482.379841691356_7.38618079096045,0.0
X630.453670925564_6.65285925925926,0.0
X714.534092203776_7.493815,0.0
X961.677233788275_9.22457069892473,0.0
X746.522713583023_6.2300256830601,0.0
X670.508039686414_7.51572142857143,0.0
X668.505339445891_8.51153580246913,0.0
X647.505714170394_9.07339758064516,0.0
X318.193777052022_2.89454435028248,0.0
X696.523335774739_8.18874126984126,0.0
X348.272834539413_4.68009999999999,0.0
X949.641781990988_8.40842923976608,0.0
X365.255173960039_4.87277634408602,0.0
X609.46867633688_9.60189597701149,0.0
X515.317927042643_6.80201972222222,0.0
X304.233912389418_4.59893215686274,0.0
X646.435864356256_4.99994112903225,0.0
X365.135442323322_9.90372436708861,0.0
X497.330827985491_4.94549074074073,0.0
X542.387449322324_5.6150553030303,0.0
X740.549198273689_8.14547661290322,0.0
X326.224611794076_4.63342418699187,0.0
X310.220717293875_5.31497142857142,0.0
X679.422795613606_5.62317474747474,0.0
X471.291845853211_6.83142896174863,0.0
X691.533391644877_9.02611048387096,0.0
X630.44098687941_5.62433602150537,0.0
X1021.69882710774_8.76395361111111,0.0
X695.417531174879_5.0112182051282,0.0
X945.683010646275_9.65118988095238,0.0
X823.537618821667_6.83105349462365,0.0
X839.532298918693_6.21151559139785,0.0
X629.42312668309_7.76622979797979,0.0
X724.554520145539_8.60724569892473,0.0
X823.612191622374_8.90579699453551,0.0
X492.387860252743_6.05480687830687,0.0
X382.292155190119_6.0257029100529,0.0
X289.126911926269_2.20743777777777,0.0
X647.397041165098_6.71784353741496,0.0
X774.555241025727_6.84633247126436,0.0
X392.299419403076_4.71537994791666,0.0
X510.397272745768_6.96497826086956,0.0
X360.309793381463_6.03209206349206,0.0
X928.688839669955_8.83210762711864,0.0
X812.606460321144_8.52414207650273,0.0
X586.417972843821_6.67832703252032,0.0
X636.502064188972_8.69646120218579,0.0
X1005.7033513387_9.19113194444444,0.0
X582.455880441973_7.57008951612902,0.0
X784.575407458889_8.10232795698925,0.0
X828.60180449904_8.06367602339181,0.0
X520.419252152876_6.71067878787878,0.0
X624.47907838983_8.55001581920903,0.0
X296.18112898846_2.92915952380952,0.0
X884.662497384207_8.86601084656084,0.0
X852.674918796705_9.74859492753623,0.0
X620.507836107937_9.1262789308176,0.0
X408.294707767547_4.07248888888888,0.0
X585.38332529537_4.98447622950819,0.0
X652.497578605276_8.23577021857923,0.0
X773.523833194021_6.22814887005649,0.0
X680.528514246786_8.65164569892473,0.0
X669.476876395089_6.88441137566137,0.0
X453.304728190104_4.92504285714285,0.0
X340.179010287198_3.00489121212121,0.0
X426.304764044089_4.90072950819672,0.0
X493.369793935922_6.9653241025641,0.0
X502.333647681064_4.76083551912568,0.0
X345.22587411063_6.34372571428571,0.0
X442.31262557571_5.38278941441441,0.0
X801.568197962749_8.94310180722891,0.0
X669.48890226433_9.07199317269076,0.0
X511.251072276722_3.17356939393939,0.0
X405.189018596302_3.30383333333333,0.0
X199.132596333821_3.71979111111111,0.0
X303.122259140014_2.14927765151515,0.0
X347.255545402059_6.9443943877551,0.0
X507.309876403808_6.31156299999999,0.0
X559.394709995814_5.72712106227106,0.0
X317.267073197798_5.38109242424242,0.0
X489.355758013044_6.00242333333333,0.0
X288.180640480735_2.29229469696969,0.0
X281.246987367287_7.84543461538461,0.0
X185.115997955089_5.08853193384223,0.0
X205.106955429603_2.21482356321839,0.0
X505.313583236556_6.36825075075075,0.0
X227.15521065394_4.65122465277777,0.0
X543.385219997829_7.58986028806584,0.0
X401.216524658203_4.07058199999999,0.0
X362.247869603774_5.52714950980392,0.0
X507.365315391903_6.00586448412698,0.0
X414.32232697156_7.04033903061224,0.0
X569.365886033183_4.13515269360269,0.0
X223.128096923828_3.35722466666666,0.0
X562.489446640014_6.059234375,0.0
X155.106869784268_3.33107662337662,0.0
X533.380648295084_8.47133075396825,0.0
X227.163416048375_7.72365216802167,0.0
X322.242316351996_6.20788935185185,0.0
X333.200904034553_5.94111382978723,0.0
X549.37518119812_7.71522083333333,0.0
X361.272352430555_7.81281913580247,0.0
X347.254719660832_7.55002799145298,0.0
X414.34104792277_7.38675,0.0
X284.292756300706_7.39574919871795,0.0
X619.423130915715_6.25267948717948,0.0
X316.146723820613_2.97462948717948,0.0
X329.258368752219_6.27686818181818,0.0
X307.238124847412_6.3096375,0.0
X407.276489893595_7.11196527777777,0.0
X385.223368202767_4.49307154471544,0.0
X763.604777018229_8.35179999999999,0.0
X353.303587060225_8.05245679824561,0.0
X130.113933563232_0.789570833333333,0.0
X623.527201334635_9.62903888888888,0.0
X221.13363901774_0.779422222222222,0.0
X653.227340698242_5.42434166666666,0.0
X354.317504882812_7.97480119047619,0.0
X105.051510839751_0.83720303030303,0.0
X97.0267795215953_9.98422878787878,0.0
X412.304847263645_6.60969774774774,0.0
X823.62410583496_9.33294166666666,0.0
X462.347042599239_7.19448333333333,0.0
X1001.74510192871_9.82287916666666,0.0
X973.714312235514_8.52685138888888,0.0
X665.531469726562_9.67949,0.0
X867.651144174429_9.18721666666666,0.0
X781.615183512369_9.12702222222222,0.0
X825.640966796875_8.79448,0.0
X593.475317968081_6.39350464231354,0.0
X130.123091330895_2.75483899572649,0.0
X256.242299876493_7.08653392156862,0.0
X635.48234848749_6.23872261904761,0.0
X244.215238298688_3.97665386904761,0.0
X693.454075025475_8.18097246376811,0.0
X417.301002160826_7.14280124378109,0.0
X472.362328891096_5.77481091954023,0.0
X249.129344667707_2.6071119047619,0.0
X323.293477025525_7.61993620689655,0.0
X475.323189629448_2.94382407407407,0.0
X298.346013387044_6.28440059523809,0.0
X337.104194335937_6.35179599999999,0.0
X159.101853172377_1.6350004950495,0.0
X173.08609687889_2.51023644688644,0.0
X318.19366821289_3.00561733333333,0.0
X309.186952703139_4.28154926470588,0.0
X468.171791500515_3.29200185185185,0.0
X213.116024932861_2.61707366666666,0.0
X235.125957986582_2.6578036231884,0.0
X400.31064453125_6.89638944444444,0.0
X157.087274290386_3.42965140350877,0.0
X203.070992091916_3.49941069182389,0.0
X413.375964910333_6.78733878787878,0.0
X862.578700138972_6.81488803418803,0.0
X531.385090266047_6.84722855855855,0.0
X527.429746473157_6.73286373873873,0.0
X635.384518380892_3.00444378531073,0.0
X575.4115191738_6.83816339712918,0.0
X485.235895792643_5.64501944444444,0.0
X576.415131092071_6.71495963541666,0.0
X359.151485443115_2.39135416666666,0.0
X234.081575876258_4.63135080321285,0.0
X289.114169543302_3.55769029535864,0.0
X124.087160941882_9.33790042735042,0.0
X362.126569747924_6.094525,0.0
X187.09418137009_1.16314279279279,0.0
X531.385042630709_6.59500769230769,0.0
X465.377557927911_6.60069393939394,0.0
X597.47449089499_6.52557450980392,0.0
X553.430234042081_6.56573939393939,0.0
X641.482125022194_6.54448181818181,0.0
X205.130486040484_3.24824898710865,0.0
X165.121379167605_3.75783611111111,0.0
X333.202483651023_5.64983668763102,0.0
X280.258762904575_5.53910952380952,0.0
X549.374556405203_7.14773333333333,0.0
X337.103784288678_6.58970535714285,0.0
X255.228843688964_6.15564294871794,0.0
X535.360947672526_7.73085654320987,0.0
X367.334885250438_7.96486382575756,0.0
X373.246707691865_7.1135862745098,0.0
X241.179520478119_4.85328963963963,0.0
X259.09375055893_4.15571666666667,0.0
X338.10729755339_3.56873825136612,0.0
X195.099449053202_3.23588150684931,0.0
X247.069809077336_3.35939192307692,0.0
X319.136141095842_2.11585476190476,0.0
X499.360019259982_7.61184777777777,0.0
X423.201229731241_3.12049305555555,0.0
X327.216158185686_4.77268785714285,0.0
X171.101545699919_2.65934074074074,0.0
X316.276614849384_4.32454487179487,0.0
X470.379787606252_5.14249014084507,0.0
X193.144689223345_3.6062794117647,0.0
X323.147388816898_2.81453831908832,0.0
X354.371857869256_8.7059326460481,0.0
X451.272658996582_4.08308566666666,0.0
X281.210266514828_5.27661842105263,0.0
X258.171637035551_3.49094087301587,0.0
X167.106301132513_2.69553809523809,0.0
X239.124255074395_2.60310185185185,0.0
X125.096307773401_1.3961405940594,0.0
X185.11313120524_2.63381666666666,0.0
X279.23112212287_6.94246874999999,0.0
X513.209391804484_4.2155645021645,0.0
X402.301300048828_7.10962745098039,0.0
X423.200442454854_2.82289945355191,0.0
X625.462814502501_9.12186741573033,0.0
X187.111438052755_3.15126525821596,0.0
X369.296562853198_7.15465888324873,0.0
X217.090986489688_3.09222917647058,0.0
X361.183759598504_5.94534801587301,0.0
X617.256464104903_3.59274839181286,0.0
X393.314285650485_8.99070772357723,0.0
X377.319464789496_8.97003024691357,0.0
X309.131591796875_2.67078333333333,0.0
X215.162179415343_4.32276010928961,0.0
X485.211944580078_3.61589242424242,0.0
X351.145344784385_3.19755526315789,0.0
X321.241618855794_5.45080499999999,0.0
X305.229005601671_5.57668703703703,0.0
X629.309982299804_3.211945,0.0
X219.108894660824_2.84107834699453,0.0
X303.205507718599_5.2159782051282,0.0
X576.415191165984_6.83148015873016,0.0
X201.110808335341_2.01681255411255,0.0
X267.266993204752_6.3323,0.0
X285.269145965576_6.308025,0.0
X283.238398234049_5.36493888888889,0.0
X267.177760532924_6.41642619047619,0.0
X289.22696685791_6.50005833333333,0.0
X217.098495765968_1.90915679012345,0.0
X379.295779595008_8.01322179487179,0.0
X421.209121117225_3.61601987179487,0.0
X745.505757649739_7.61469133333333,0.0
X343.176882126752_1.34550735294117,0.0
X226.1778958379_2.7798006802721,0.0
X541.369494628906_7.87206151515151,0.0
X511.193428488338_3.92115490196078,0.0
X463.376602390834_7.86498142857142,0.0
X197.08055316971_3.31577791164658,0.0
X679.497223435786_8.19119912280701,0.0
X300.200962038393_2.10012919753086,0.0
X713.515507897665_9.02604864341085,0.0
X603.4061536287_6.92252280701754,0.0
X757.541831623424_8.98237575757575,0.0
X575.373770038733_6.27699662921348,0.0
X487.323194364222_6.30591646341463,0.0
X195.095641705168_2.47769299719888,0.0
X376.171378864961_5.44780906862745,0.0
X261.11330795288_2.9320225,0.0
X209.150979917343_3.51010407153728,0.0
X330.262283266732_3.90890498084291,0.0
X239.127102609408_3.93650423728813,0.0
X337.23379704922_4.90038581223628,0.0
X263.236199361241_6.75818255885997,0.0
X283.18870577847_2.09870206812652,0.0
X651.219399414062_3.19696814814814,0.0
X385.345414564344_9.36632444444444,0.0
X497.128369366681_2.91749691358024,0.0
X526.43027396824_6.5987268115942,0.0
X707.490636825561_6.50751875,0.0
X575.412149282602_6.56363461538461,0.0
X399.307032585144_6.645,0.0
X443.333402361188_6.62482023809523,0.0
X339.288233962014_7.22533271028037,0.0
X327.217125533463_5.12197759740259,0.0
X333.239120907253_7.29026238425925,0.0
X311.134055243598_3.18986666666666,0.0
X367.128593444824_2.70972833333333,0.0
X419.348389998726_8.90823786231883,0.0
X311.254083021631_7.286543081761,0.0
X386.289930479867_6.44190372023809,0.0
X477.276140066293_4.4225766025641,0.0
X719.564854835977_9.43199897959183,0.0
X315.28826453469_7.8770824810606,0.0
X225.116935253143_2.89649526515151,0.0
X190.049941062927_1.84115763888888,0.0
X244.188388099355_3.1327129476584,0.0
X267.159196894219_5.1175769503546,0.0
X851.642891438802_9.30539629629629,0.0
X965.636134643554_7.94882866666666,0.0
X474.371526635211_6.20065652173913,0.0
X228.23079588292_6.35603299435028,0.0
X441.172490696998_2.28529097664543,0.0
X257.137834308528_2.28445434173669,0.0
X333.202525256928_5.77049476190476,0.0
X221.115237631448_3.71913922764227,0.0
X179.142828954904_6.05723088467614,0.0
X413.32172846278_7.13262222222222,0.0
X468.365013219133_7.08154135021096,0.0
X181.12254333496_4.02796111111111,0.0
X213.115272059585_2.94118661616161,0.0
X659.354272893044_6.07544852507374,0.0
X629.436882225242_6.04209429429429,0.0
X157.113919344815_4.46228914141414,0.0
X341.304059024148_7.978558685446,0.0
X227.195373403614_5.32643879310344,0.0
X213.146364294964_3.85749474637681,0.0
X309.275924682617_6.63513764367816,0.0
X498.376182694868_6.85532636363636,0.0
X265.176849365234_5.85407398373983,0.0
X275.199948509267_4.87756275167785,0.0
X159.101441489325_2.75812268518518,0.0
X312.223596845354_4.40131607142857,0.0
X607.236019558376_2.82623888888888,0.0
X179.10644373818_3.50838703703703,0.0
X230.170335788919_2.66187542087542,0.0
X352.356264209747_8.29605718749999,0.0
X646.448639551798_6.02145972222222,0.0
X155.105872453962_2.91134682539682,0.0
X226.215828241086_5.38323986928104,0.0
X155.074028015136_1.8949182051282,0.0
X360.32468552285_8.09049592198581,0.0
X220.169147169733_4.74424668674698,0.0
X254.247322840048_6.55874982269503,0.0
X274.168650101642_2.84818911564625,0.0
X213.148191867404_5.34548177777777,0.0
X393.260314695296_6.00782078853046,0.0
X230.102686831825_2.43311666666666,0.0
X192.137958241932_3.81698134328358,0.0
X723.524065519634_8.14887660818713,0.0
X395.275468676017_5.8268107070707,0.0
X190.143391011556_2.04550744444444,0.0
X783.470383624641_5.0384581632653,0.0
X355.280675580424_5.81608387096774,0.0
X326.340475453795_8.1965404290429,0.0
X549.380208996758_7.86295833333333,0.0
X195.136670698199_5.32190847953216,0.0
X911.664414948108_8.83475816993464,0.0
X203.125488823624_3.87322385466034,0.0
X379.281138662169_7.3151881243629,0.0
X509.381884956359_7.87130999999999,0.0
X272.220237223307_3.983025,0.0
X190.143085278962_2.32770131578947,0.0
X116.107212956746_2.43620701388888,0.0
X197.114839882686_3.01279712643678,0.0
X291.192945441943_5.72405805369127,0.0
X258.205304505395_3.60571584699453,0.0
X357.298879371499_7.22619842767295,0.0
X225.110203975695_3.87167830940988,0.0
X498.377830056583_5.87974117647058,0.0
