id,(Intercept),add_0c_groupactive,add_0c_groupadvanced,add_0c_groupearly
3707,-0.3020467793132841,-0.10539986190706858,-0.2216845177250173,0.2410668225661488
1100,5.925813200427558,0.7481841411426404,-0.9312431012553559,-1.1100116024577455
1098,7.92436228162816,1.2523907394724259,3.3856287095182203,-1.667063635890413
4311,-0.3020467793132872,0.12368960016161183,-0.11866106773006659,0.24106682256615125
4776,-0.3020467793132833,-0.021756088531794903,-0.3328473566549713,0.24106682256614892
1157,1.9372714741275092,-1.373356315388732,-0.8625410482752389,-0.8380130906379317
2043,6.187101352156059,0.3913698025997157,-1.6671139733214828,-1.90618457609224
3312,0.8371414490202996,-0.9907115247403026,-0.514696708721033,-0.8291282152293887
1088,-0.1698680593897659,-0.18761234521448536,-0.3976914976598842,0.18364115794531147
1119,4.318874425957324,0.8923310465453442,-1.228296119303452,-1.321314036270535
351,15.400586920249374,-0.717576557847862,-1.3905224854916176,-1.8063102264763848
3944,-0.3020467793132829,-0.10801260019918384,-0.30187673820333266,0.2410668225661481
3584,-0.3020467793132923,0.5847398228251565,-0.1174096558261547,0.2410668225661545
3324,-0.30204677931329166,-0.10448320893268462,0.9845737051372428,0.24106682256615383
3539,-0.302046779313282,-0.12800156669568988,1.366603894799067,0.24106682256614773
3716,-0.3020467793132843,-0.06137561892428243,-0.13582836804114964,0.24106682256614884
499,4.207133166124413,-0.09174258212069371,-1.4189874054720704,-1.6912321511370494
3922,-0.3020467793132725,0.3068904633510691,1.6709935335208164,0.24106682256614329
338,6.638614958128012,-1.4748584360057588,-3.193554039345808,-0.022140578113947384
3688,-0.3020467793132843,0.6962959761635633,1.068785053698259,0.24106682256614906
526,7.088877211228658,-0.4555497121268146,-1.1796258917317033,-1.484618285986272
3180,-0.30204677931328905,-0.11152643341381688,1.1433809318993553,0.3061572308945158
182,1.0048842034986323,-0.06103284334186485,0.14921560306151418,-0.18218405245606803
1577,0.6306154080574758,-0.19328709392550816,-0.16293590299328284,-0.11853662928664058
4067,-0.3020467793132784,-0.12219765706844207,0.3948396846527638,0.2410668225661452
2207,-0.3020467793132759,0.6969622830935502,0.5111352046794854,0.2410668225661448
1444,3.6168965966071296,0.047579571567446764,-0.38168443237839855,-1.423181303867159
5815,-0.3020467793132916,-0.15760183362193095,-0.29754216534278133,0.2410668225661537
1105,4.6911512279287715,-0.8048450795976911,-1.1721401279329324,-1.7787820571423996
2872,-0.30204677931329826,-0.1576018336219337,0.7190105149866177,0.24106682256615725
3836,-0.3020467793132869,-0.10735686613632585,-0.29453939849884714,0.2410668225661508
1089,1.1745683747974762,0.18619914860530576,0.4292062104221299,-0.33910661311168544
564,-0.1978556254122594,0.031505770708903126,-0.32776380424339424,0.2373807967838756
2899,-0.3020467793132699,0.36964182656735906,2.3229080469878483,0.24106682256613918
3570,-0.30204677931327917,0.410834360068405,-0.211887462535816,0.24106682256614634
517,3.901682840443344,0.052758094827680575,-1.2367464995459476,-0.9196883085686135
560,4.542529509632622,-1.2459393172360074,-1.5470954181594636,-1.990908687137971
876,5.04151366977058,-0.38577583489079087,0.3151387078950274,-1.7598931073126922
3955,-0.3020467793132866,-0.1576018336219294,-0.22725092660389323,0.24106682256615033
3592,-0.3020467793132809,0.23484592200804313,0.5609027030637641,0.24106682256614714
306,9.218541672141502,-0.09360552537880241,-0.7371303941111915,-0.9501102983798435
3233,-0.3020467793133296,1.5646092924985662,0.7325413634706965,1.5474805054927263
5743,-0.3020467793132889,-0.15760183362192953,-0.31648445529096175,0.24106682256615167
4115,-0.30204677931328855,-0.15760183362193075,-0.3083925883019998,0.24106682256615194
4079,-0.3020467793132933,-0.1576018336219318,-0.3203261667145179,0.2410668225661547
2158,-0.3020467793132768,2.7754915552313215,1.833134131975198,0.7175416050076201
4897,-0.3020467793132839,-0.1075965469715357,-0.31522426267785625,0.24106682256614936
2380,0.9841734162064145,-0.21077176212554039,-0.23819626045386524,-0.5591020229859414
3782,-0.3020467793132867,-0.1440307366963417,-0.3328473566549746,0.241066822566151
2895,-0.3020467793132923,-0.10840424736919244,0.2011573105276877,0.24106682256615425
524,5.2001796724212745,0.19278809723603793,-1.5619747461881386,-0.9033782983798211
1438,0.9343148821393409,0.8141177327695617,-0.3262349408902708,-0.23414190168538937
1048,0.24215291018560264,-0.5278855543817311,-0.2213005846268552,-0.1543477936890519
915,1.7341217219389968,0.7349845969364678,2.2823410707511647,-0.5266990542344481
3036,-0.30204677931328955,0.5064983168768791,2.860866120958661,0.24106682256615108
348,1.33813925957444,-0.019557542973479974,0.6617216831444315,1.4081514455668378
3331,-0.302046779313312,0.9360431149388956,1.3056099666150134,0.24106682256616585
3565,-0.302046779313285,-0.14293450284614037,0.9160229908436792,0.24106682256614984
648,5.260687730384053,-1.7172984736818036,-2.0155037066782966,-2.37304830979547
1758,-0.3020467793131907,1.494468237946158,3.7548118866935063,0.660517485499236
2598,0.5709253118740606,-0.12221802901427294,-0.3433943061326768,-0.2711342368500581
2860,-0.3020467793132866,0.1341992480420309,2.04414973960857,0.24106682256615078
307,7.010981944226976,0.15435054508145366,-0.32131783367709965,0.25702518400409946
534,1.1871149387102358,-0.5695662492113458,-1.0337498196404464,-0.8381509629755777
712,5.124554534335081,-0.1137184878790725,-0.8755818347410526,-0.6396497261104314
2047,-0.30204677931328344,0.0431060491925488,0.09158748942538016,0.4012999610383908
2194,-0.3020467793133094,1.3579433329762716,2.486698400604452,0.24106682256616385
746,2.1740580028656518,-0.14662097015139783,2.2090975992389956,-1.110542085486981
928,5.4745003680012125,-1.0474369331400502,-1.9939135505877954,-2.2115033362276395
2394,0.9751530904137127,-0.06222917612924447,-0.09449601924036882,-0.4723723072137312
496,-0.30204677931327734,-0.1576018336219248,0.5359191394130193,0.2410668225661464
3620,-0.3020467793132862,-0.1412535279095395,-0.18324211026328585,0.24106682256615003
4662,-0.30204677931328866,-0.1576018336219298,-0.2518340621386576,0.24106682256615167
2330,2.5909674226731894,-0.4576507628294893,-1.8457200633486561,-1.0706536186610838
3576,-0.3020467793132886,-0.1576018336219299,0.013595013331955891,0.24106682256615192
2668,-0.1323481523014734,-0.14180599391951418,-0.3029861649814077,0.2656420435787762
540,5.621571830194055,-2.153433701765814,-1.8147747869201651,-2.0999949641270206
430,-0.30204677931329305,-0.11973602006088645,-0.23352207381599416,0.24106682256615425
4938,-0.3020467793132885,-0.08229453107589509,-0.3328473566549757,0.24106682256615208
2455,0.834511637415536,-0.2309466104751051,-0.3152864851297019,-0.3367018930990556
266,-0.3020467793132793,-0.11704140545730365,-0.25811245373318914,0.32163785262368144
3318,-0.3020467793132989,0.954516729478476,2.220212893657249,0.24106682256617065
3328,-0.3020467793132935,0.10808332195625495,0.40620522161688855,0.24106682256615533
1884,-0.3020467793125621,2.630740537480323,7.010041533810525,0.24106682256571726
4717,-0.302046779313291,0.47282659915488134,-0.33284735665497855,0.2410668225661537
3603,-0.30204677931328533,-0.14260115543154414,-0.20818663363165688,0.24106682256615053
756,3.4653204041679984,-0.38872745128017744,-0.9235895789936716,-1.4706687433533345
930,0.3053987894205797,-0.49542476049152423,-0.7592268377030043,-0.17192020006282993
3326,-0.30204677931329627,-0.15760183362193145,0.7527905354700053,0.24106682256615572
501,3.3891850053392125,0.5007507722438639,-1.4596262133974338,-0.49632688352964927
3508,-0.3020467793132878,-0.15760183362192812,0.5023748661183493,0.24106682256615086
3546,-0.30204677931328694,0.042831267825759724,0.30899333181833577,0.24106682256615025
2750,1.4733210265163461,2.775265891670958,6.6246362064684075,-0.2210216833761862
512,9.818778321048091,1.1719867238028263,2.435859379264998,-1.9693685000213828
2538,0.5371036652114013,-0.12733406609947995,-0.4408236501598295,-0.14612993021397905
4840,-0.3020467793132878,-0.08191171851604867,-0.29594021439649976,0.24106682256615142
1505,-0.3020467793132907,0.2607109288429088,1.1788196341595607,0.24106682256615355
1265,-0.30204677931326934,1.2469829893103979,1.6507446442350415,1.1933130139271277
2999,-0.3020467793132869,-0.12917730345167164,-0.13141296416917267,0.2410668225661504
467,6.887069846061949,0.8455169964617428,-0.562711511271685,-0.7804770437311938
2383,0.9682127182739468,-0.07444061680504202,-0.16370282826291974,-0.4194401782563705
2242,-0.30204677931321255,1.0892572769105644,1.5725697631210689,0.29686114236873457
535,4.6823361208658,0.8748924790898995,-1.2009830499406178,-1.39287812348273
5525,-0.3020467793132913,-0.15760183362193128,-0.24994233103656122,0.24106682256615344
652,2.123791668650776,0.31760469696849303,-0.39369514882219603,0.2196255612932328
7397,-0.3020467793132885,-0.1576018336219302,-0.2877509159498556,0.2410668225661522
2186,-0.3020467793132835,0.11669381026172884,-0.03188457960403389,0.24106682256614825
1854,1.4229192506509074,-0.8756160949972408,-0.8868111036567818,-1.163717876991629
1008,5.980145721977137,-0.43580326433906935,1.6949022467905743,-2.4559945444388505
3319,-0.30204677931328583,0.02396437374248728,-0.26508663725640197,0.24106682256615022
457,1.3219358402664478,-0.5483418619044026,0.28967964473659175,0.19480397293428578
2849,-0.3020467793132807,0.26849443121696487,3.968520372588349,0.24106682256614936
2179,0.6928445342885458,1.2276636471715812,1.6553133804402493,1.455603232875752
2685,-0.30204677931328244,0.7366689483696186,4.2128819932091375,0.241066822566149
3482,-0.30204677931328927,-0.11790514188921011,-0.281189120614325,0.24106682256615275
3160,-0.30204677931333396,0.03275986700641374,2.251448939458671,0.8135515851410323
3601,-0.30204677931329005,-0.1576018336219306,-0.16757919983194175,0.24106682256615272
3016,-0.30204677931328405,-0.09455764804180466,1.1115185782426595,0.2410668225661488
2382,0.9886529162737011,-0.20393559579935502,-0.28876509990906873,-0.5207706325171834
1175,4.00712798116556,-1.216088229960635,-1.0937907275287906,-2.1408362563292824
443,8.547126761643833,-2.0846522982391558,-1.0980363782620648,-2.570375257066451
935,3.2638168420724347,0.9741629963622849,3.3720055311330572,-0.7846936899073979
1645,5.9679488629937385,0.6411158568796109,-1.5780690584606085,-1.8542587605865306
554,3.839706183611132,0.8652433203712039,3.212168902928674,-2.0001634402201054
3535,-0.302046779313286,0.9013687300787135,1.8311092981522656,0.24106682256614512
2810,-0.30204677931328894,-0.15760183362193012,1.3697728083239247,0.24106682256615167
601,2.427251361276066,-1.2079750170641723,-1.1663693891604485,-1.6747610757605582
4146,-0.30204677931328333,-0.02675850393493795,-0.22465468060099036,0.241066822566149
4322,-0.3020467793132832,-0.15760183362192612,-0.05189732986694675,0.24106682256614806
716,1.0802481938069226,0.4076428991334604,0.7697096101315584,0.3270672108989787
2874,-0.30204677931329926,0.22534850258869218,1.7384318225355193,0.29509122947210564
1510,0.316656606437399,0.21353570385620746,-0.15194337293875115,-0.3138417947978691
4367,-0.302046779313286,0.05409965484659132,-0.30089830888327407,0.24106682256615064
539,4.88318489305998,-0.40477001977940763,-1.3591695844734761,-1.9673381107940093
2722,0.7346892087453033,-0.08840783165087575,-0.18828713272348657,-0.5090830129237386
1061,0.1611393040897198,-0.4307264884364227,-0.45131071103258374,-0.004731968108242052
483,5.569528368191211,-1.1406190786831214,-2.3183816939447675,-2.0955042119939895
3693,-0.3020467793133057,0.8002976950703384,0.8435853494651978,0.24106682256616424
453,6.564369140642298,0.2352386786100067,-1.3469546130306793,-2.0439949477038395
3599,-0.30204677931328006,-0.013101164094350635,-0.18102114621416074,0.24106682256614695
1680,2.516338889249802,-0.6753678891291771,0.10967233180573872,-0.7463781032535131
2042,-0.3020467793132791,0.09933803530388916,-0.08028070259773258,0.7036406448963233
2205,-0.3020467793132838,-0.022718615036021447,-0.15186564753599122,0.24106682256614909
907,0.597205436876468,2.5837645042891846,5.8967037447501705,0.056394845019167486
664,6.178507121599215,-0.8774697397966893,-2.561501005742643,-2.2281512453805434
495,1.738715725548902,-0.2482638267272981,-1.4693456923085844,-1.065079152579913
2244,-0.30204677931328516,0.10564473510211579,0.5123428887989213,0.24106682256614956
1437,2.209311871323401,-0.0019171710999845463,-0.931507055407635,-0.49980373200198963
212,-0.015698731290456777,2.4227894728269384,3.6305497069197505,1.0107144446342458
583,5.854772687796161,-1.6516339727127094,-1.545331623165219,-2.2241176796767133
1455,6.449018156330916e-5,-0.20281952415103177,-0.5443026720389037,0.22805184282720029
1096,5.02151888660173,-0.14477701310769345,1.053980413158946,-1.764298157807551
3445,0.07912962192675056,-0.3157736104586943,-0.6085766702981009,-0.07739220596868077
2763,0.4959637624051324,-0.3644361450766981,-0.5655208524319851,-0.3448020632931047
3515,-0.30204677931328805,0.23500210325368598,1.1963863078226282,0.2410668225661519
967,0.40692079412904136,-0.20641864414897915,-0.48656901197162655,-0.0066977747865958155
1043,-0.3020467793134231,1.8365852222064099,5.808637646744547,0.24106682256624656
811,0.4575405850615018,-0.5454765408482781,0.04181613502965843,-0.44224902445142067
1264,-0.30204677931328383,-0.027300490502840672,-0.3328473566549722,0.24106682256614934
816,-0.3020467793132845,0.2889282411104555,-0.27293845155831736,0.2410668225661497
2621,0.11266104235337673,0.05520073844793048,-0.2452639483680287,0.09538253858791931
732,-0.30204677931328733,-0.15760183362192923,-0.3182499141521456,0.24106682256615078
3458,-0.30204677931325985,0.8425043187347905,2.0017445325891097,0.24106682256613446
2054,1.9256852421797335,1.7140907670284742,5.599258753145384,-0.0584522895140442
1547,1.722376194811936,0.2260842285646535,-1.03767164181553,0.49806902167873385
396,-0.30204677931328633,-0.15760183362192853,-0.26679388129385595,0.24106682256615056
916,-0.3020467793132862,-0.12244927425926358,-0.14802236180805187,0.2900099080995364
926,4.089038201684121,0.3975501451311448,2.673833025290506,-1.3736706507388456
634,12.060749203485061,-1.093586421956928,-1.3837115411981342,-1.6266028667255785
856,0.9974467883953929,0.2783865270589674,0.5175580490083826,-0.24440708865655814
1320,3.0943642436747596,-1.495573322739628,-1.4674701465320483,-1.7344701312876838
740,-0.17751297788895118,-0.25333083590117716,-0.45144212067908945,0.1294809015837024
2686,-0.30204677931331336,0.21030258591710846,3.0556695624522283,0.3150579367007671
1056,-0.30204677931328816,1.040618538816411,5.447778096646127,0.24106682256615344
5260,-0.30204677931328894,-0.010699450352742597,-0.3328473566549748,0.24106682256615194
451,7.789894410965496,1.1814126377332856,4.517981437732284,-2.0238148040352546
4280,-0.30204677931328955,-0.1576018336219304,0.14359611679745382,0.24106682256615225
765,4.677534559647247,-0.8720558912022727,-1.675660896620015,-2.054086477496747
2060,5.611130376617562,0.7325195842608911,1.4734344581472354,-1.3402732535991138
2159,-0.30204677931328944,-0.07346857618465051,-0.2221702221137609,0.24106682256615256
4745,-0.30204677931329205,0.16076361138641088,-0.33284735665497955,0.2410668225661548
5754,-0.30204677931329255,-0.1576018336219306,-0.028940843502384454,0.38152751104649985
472,8.731997464482925,-0.38001453252503187,-0.9619013095111885,-1.4907407689005885
5028,-0.3020467793132854,-0.05434534431139684,-0.3328473566549733,0.24106682256614995
2850,-0.30204677931329244,-0.15760183362193025,0.16138213572861845,0.2410668225661536
3196,-0.30204677931328683,0.26833682097307515,-0.18028757133024745,0.5259068445110207
3118,-0.30204677931328666,-0.06387495406885253,1.3536210210605593,0.24106682256615022
730,3.8656572430646285,-1.302300633974009,0.05682656766185676,-1.8552262386290228
3045,-0.30204677931328844,-0.15760183362193034,-0.1914975917481276,0.2410668225661517
215,10.14005521175034,1.471245427589556,1.6278491049128112,-1.8579101748663644
3943,-0.30204677931329055,0.31911282892094006,0.0640247091431515,0.24106682256615353
2911,-0.30204677931328994,-0.1576018336219299,0.11502246647074887,0.24106682256615275
3185,-0.3020467793132992,0.26911446670431305,0.08150851452593756,0.9233345006499926
758,3.8708429901702757,-2.1961906587952122,-1.5808351028961154,-1.9377212246068252
673,6.610796250177697,-1.908091181702234,-1.673163030400856,-2.4435111224370356
241,11.758592073320031,-1.3055298897949343,-1.6074955397599024,-2.4005800196084506
2532,0.5203400563570835,-0.15684548862501932,-0.3931704327414956,-0.06865151005703665
4277,-0.30204677931328705,-0.15760183362192953,-0.19050580425060518,0.2410668225661506
3440,0.2202707450343016,-0.16053483097498517,-0.4754682333556853,-0.13128934621034047
2805,1.9511939057446972,-0.42434467181184743,-0.0781183966255167,-0.8556646355651851
3147,-0.3020467793132952,-0.12680272546769622,0.13507693895239153,0.24106682256615605
3495,-0.3020467793132902,-0.12683977700932375,0.8179014268386045,0.2410668225661524
3600,-0.3020467793132878,-0.08329283242371725,0.07984594537422603,0.24106682256615078
2953,-0.30204677931328733,0.06902786590530993,0.4771212429017989,0.34668448251915823
3915,-0.30204677931328233,0.04212557858385417,-0.12281377348651018,0.24106682256614895
715,-0.3020467793132835,0.09851287706525869,-0.31596392581024996,0.24106682256614895
685,2.304000200589833,1.2028026442324318,5.3078710747908975,-1.2429467913899395
753,2.9625245694938793,-0.38048624301993517,0.7562894283287874,-1.3208327315983315
735,0.25647644234221867,-0.19416323769847701,-0.5016127939902493,-0.11290211797042024
5762,0.2164746321891241,0.1208433856251547,0.3715476402284792,1.5696822252571287
5537,-0.30204677931328927,-0.1576018336219295,-0.3085981001778805,0.2410668225661523
2401,0.9423779201356849,0.03966590426175869,0.03599251594687616,-0.2962183754599698
1528,1.4232930894956817,-0.727991115098734,-0.3682617140234665,-0.6323985034249244
3702,-0.3020467793132832,0.27348463625856495,0.7220927356651241,0.24106682256614886
1127,0.9586888677932753,0.06210485162486584,0.30592403556636966,-0.22993978148918676
3490,-0.3020467793132966,0.8395262601477026,-0.1266003703841837,0.3068044665808308
873,0.16362514724827354,-0.3766243833866391,0.22168485265282786,-0.08259970496208595
989,0.8328547261264293,0.2592640937086526,0.23944013273491696,-0.15847581519517082
3146,-0.3020467793132607,0.8736459481825156,1.9386728057642344,0.24106682256613443
3872,-0.30204677931328816,-0.1576018336219293,0.5164655759025961,0.24106682256615153
2082,2.287896766869837,0.08539245013935841,2.3769580551037275,-1.3582618312962298
2965,-0.3020467793132501,0.9614501641509872,2.101357155190332,0.24106682256612963
3073,-0.3020467793132869,0.3446674507920193,0.6043587796989247,0.24106682256615117
3227,-0.3020467793137969,3.918424280930282,2.809307648032656,2.3177344107922635
4636,-0.3020467793132874,-0.1347677828931387,-0.29645368916143583,0.2410668225661521
3409,-0.3020467793132836,-0.06233432957704193,-0.2824803933085446,0.2963273706933196
2362,0.9767528470353137,-0.03410886597468152,0.0839450697024287,-0.2403611638798549
2854,-0.3020467793132862,0.002820422353842736,-0.13889819626875335,0.24106682256615017
3898,-0.3020467793132852,-0.14480811001515972,-0.33284735665497367,0.2410668225661497
4284,-0.3020467793132906,-0.15760183362193064,-0.2976815977129403,0.24106682256615292
2058,2.039670416086686,0.9400233401182437,0.6538028593130578,-0.5863893126253311
3070,-0.3020467793132811,0.310754468278078,2.1206102343766844,0.2410668225661472
2705,-0.0028643076852777906,0.3831462940275486,1.2658168989999692,0.41329873155594354
4380,-0.30204677931328916,-0.1576018336219314,-0.3085892299863756,0.24106682256615244
696,3.593300056002794,-1.41994027506531,-1.314937990259695,-1.8663584740996213
1184,0.31025540198213625,-0.4952268791465602,-0.647341464782954,-0.2543619907878789
2325,1.0390201528842018,-1.025428337380138,-1.0039733579695798,-0.9919463093481957
3828,-0.30204677931328927,-0.1576018336219304,-0.02083117618298351,0.24106682256615217
2902,-0.30204677931324053,0.975004558171448,1.3962023930701006,0.24106682256612583
4451,-0.10764611140772412,-0.20898153889036641,-0.4818362465040146,0.0681951081118029
2928,-0.30204677931328705,0.08643731773943675,1.8820212695967713,0.24106682256615106
3714,-0.3020467793132852,0.24302539018301586,-0.281041659775881,0.24106682256614956
1551,-0.3020467793132933,-0.10793255759789984,-0.30338505660629433,0.24106682256615525
2448,0.6662298625313592,-0.004810107092518815,0.03175440003097696,0.0945488838805937
3538,-0.3020467793132879,0.2364057947345496,0.3358830323200078,0.24106682256615158
4122,-0.30204677931327995,0.4949950766265397,0.6781917475145812,0.24106682256614598
2064,0.9995858942906162,1.4407746323549704,4.0493478481711,-0.5108886028523024
2929,-0.3020467793132826,-0.1290594688818006,-0.21926039251570448,0.24106682256614795
656,8.175118490955933,-0.2997480429858093,0.5745188804126903,-1.738594088068154
2404,0.9211809800603554,0.04279320524988531,0.14598716537648293,-0.14564743123181378
476,3.7522512056273123,-0.5397176916233527,-0.38725368558177997,-0.6124436943861425
478,4.71650800923395,0.5500375770550568,-1.2391940490813709,-1.5091910239396082
2407,0.9110996085231978,-0.0385561763025081,-0.11125315056411902,0.05731925666518446
3316,-0.3020467793130246,2.8527522201693594,4.402165205427762,0.24106682256599185
2449,0.9646590623244002,0.6027745917153585,0.8945098577973097,0.5376669510566207
573,0.392035690568022,0.43915104363819973,-0.21480342260032484,-0.03707633650142832
513,3.926194659377106,-1.0410733411564426,-1.4681829219833948,-1.9272882143965337
1063,1.3795774485461894,-1.2447293796348045,-0.839840265384386,-0.9199853152125055
516,9.155774519403337,-2.0823035250862048,-1.8544774909947102,-2.490933879084568
3561,-0.30204677931328855,-0.15760183362192878,0.1300262635659644,0.2410668225661514
3940,-0.3020467793132963,0.3782018683011907,-0.22436376473709435,0.24106682256615705
3473,-0.30204677931328505,-0.02297379558602275,0.13598447278783155,0.24106682256614917
1107,7.221687923106972,-0.5972376829993731,0.5515752697585796,-2.3099334552316786
3744,-0.30204677931329565,0.5803968051525001,-0.24353784644161008,0.24106682256615647
3825,-0.30204677931329055,0.14328094751074935,-0.12305511020894118,0.24106682256615286
4283,-0.30204677931328366,-0.15760183362192834,-0.1271229352835565,0.2410668225661492
3474,-0.30204677931328877,-0.14042845691100697,-0.032321261534406544,0.24106682256615217
1609,-0.30204677931328805,-0.007360283829404496,-0.3079039397519897,0.280948340490508
5804,-0.3020467793132887,-0.15760183362192856,-0.20528407821226755,0.40822627845459014
4802,-0.3020467793132861,-0.03376418498542392,-0.3328473566549738,0.2410668225661499
3611,-0.30204677931328927,-0.15760183362193034,-0.3163692558216291,0.24106682256615214
460,6.194441157948857,-1.0471620050244106,-1.7541720817103799,-1.8696754945713079
570,1.0201006188177577,1.0686438076362734,0.7424005363743276,0.10374566849260526
5736,-0.3020467793132758,0.020665997774451564,0.8646194678003422,0.2410668225661446
645,5.3958542695263185,-1.073240394721524,-1.4916949289960906,-2.0704855985767563
1503,-0.30204677931328505,-0.12884777796300043,-0.2469429583440965,0.34762994628917465
456,1.7821372349920146,1.1228119661954798,-0.4249671403415949,1.1805361603335653
1527,-0.1132678623636322,-0.10258879477948793,-0.4337459546492332,0.19886227874427115
4577,-0.30204677931328694,-0.12687504253341383,-0.29633359998693326,0.24106682256615108
150,5.266901175440954,0.5373629361359743,5.262960028342138,-1.6137385590851827
2063,5.403426332813321,0.6547221139484294,-1.589860371056583,-1.728688667223635
2084,1.2327768688794778,-0.42334142914978595,-0.30111975814620495,-0.6633615001230666
1085,0.27852319165395983,-0.49838513998009853,-0.30452017425353,-0.252729715042268
3032,-0.30204677931327945,0.18914267513492133,0.6663199644674747,0.24106682256614645
3558,-0.3020467793132843,-0.11892553519408829,0.2436608273409602,0.2410668225661489
3660,-0.30204677931329027,-0.1021669149392849,-0.26200069750246113,0.24106682256615244
2846,-0.302046779313289,-0.15760183362193034,1.4490248610146697,0.24106682256615322
786,1.083136532765833,0.07269238995162214,0.3656679566135436,-0.38103021320094804
1401,-0.30204677931328056,-0.12724470583657685,-0.2852766540792895,0.26267999230736383
1661,-0.11677573643942775,-0.05101140170687222,-0.26584574972931396,0.1783896182632277
2376,0.9893508616826759,-0.11052086481766078,-0.11104538976111338,-0.4443510647623599
2479,0.7438203635419518,-0.1089702651441753,-0.21544019166866218,-0.1439318829054683
4315,-0.30204677931328683,0.028734802473099237,-0.18190481464216618,0.2410668225661503
2968,-0.3020467793132989,0.41036363784226165,0.8973019588660958,0.2410668225661574
3537,-0.30204677931328405,-0.034945013729689514,0.7912006331987224,0.24106682256614925
194,3.972862005332776,-0.9777173388444113,-1.8816631943037094,-1.718825157194137
3043,-0.30204677931328416,-0.0427358136916451,0.09491484398438305,0.24106682256614856
3602,-0.30204677931329255,-0.10559979534875708,-0.17501572523867517,0.2410668225661545
1651,0.2761327745738696,-0.5984489302523105,-0.6324600630735228,-0.2336747519056789
5190,-0.30204677931328744,-0.0219551114718464,-0.269984652933869,0.24106682256615086
3677,-0.30204677931328655,-0.10786323178111233,-0.2770128235227572,0.5373135029784795
1121,6.172118766133192,0.5923195659404535,1.4652221975948956,-1.600593202071263
669,5.040146345862278,-0.5020643906063582,-2.043833770983614,-0.9045621318695595
1915,0.9648417114648047,-0.748274758039121,-0.7717405333268921,-0.9651169760498792
866,2.9097280510713515,-0.9166028975391813,-0.6278986182245198,-1.5071335411108446
2529,0.8156843498230776,-0.22314172180153477,-0.44320569552840494,-0.5007881874626221
3866,-0.30204677931328816,-0.15760183362192914,-0.3045731443852032,0.24106682256615225
3627,-0.30204677931329466,0.6285287933845953,0.17381027888518427,0.24106682256615636
556,3.0856315537265546,-1.1167301364028863,-1.358500014582031,-1.7244498446529224
350,7.947840049163307,-0.1164527986736487,1.0654873213550538,-2.0109614157040046
302,2.44663211698514,-0.030761323573371843,1.1902407685503946,0.7962846193576866
1245,-0.30204677931328494,-0.14620052829377922,-0.22996826186089545,0.24106682256615009
2934,-0.3020467793133304,0.09569926542725636,2.234187653746057,0.24106682256617976
4892,-0.3020467793132843,-0.08724835702205462,-0.33284735665497195,0.24106682256614878
918,0.8843689791811105,-0.05610170662835538,-0.609038289072585,-0.17038986847678575
2470,0.8918862231401619,-0.22093277622114063,-0.3555389666364274,-0.4248476998155838
717,9.687179549550365,0.4632284417289059,-1.4454957452698516,-1.764543907013834
613,3.641958398374637,-1.7926153797561084,-1.8136542837089684,-2.2907024671069345
4851,-0.30204677931328144,0.060438823404360985,-0.3328473566549698,0.2410668225661482
2534,0.6821760126809333,-0.16718028349897274,-0.4475070156730896,-0.3393596369781407
5180,-0.3020467793132911,-0.10623482701872876,-0.2782727855573982,0.24106682256615367
3553,-0.30204677931341256,0.9254185066633103,-0.13010348864360835,0.2410668225662309
1623,-0.3020467793132861,1.1080431102457873,1.8836405368580662,0.4245390808291347
2223,1.6962018944743544,0.09665315350117906,-0.9688603772064076,-0.2822433666278306
3472,-0.30204677931328716,-0.11891129194662148,-0.33284735665497445,0.24106682256615078
551,-0.30204677931329066,-0.12084480820327047,-0.2949475184654809,0.24106682256615333
3533,-0.30204677931328594,-0.157601833621929,0.2747226045820163,0.2410668225661502
305,4.262539571600443,-0.6464836532836121,0.8733127824029904,0.5453144459492573
2141,-0.3020467793132449,2.3763004479611185,4.596818004959205,0.5568540820825494
2081,3.971593454682563,-1.2055549439182116,-1.220719830744357,-2.158771926856123
2226,0.28128893329373245,-0.5783782817259875,-0.71085857912283,-0.2523271273099568
555,8.611209288479719,0.7952298031314774,1.9515067578786267,-2.268556953457459
2957,-0.30204677931329316,-0.0071043232612900626,-0.06566020271868396,0.26343202841784563
1153,-0.3020467793132821,-0.15760183362192623,-0.18385318298047218,0.24106682256614748
4323,-0.30204677931328244,-0.15760183362192723,0.3386654214530401,0.24106682256614792
3138,-0.3020467793132861,-0.1576018336219292,-0.26373104480759496,0.24106682256615025
635,1.8199585313815299,-1.0261319496038266,-0.33571744837768674,-1.2123382029713432
2804,-0.0015034028844234796,-0.21373815448266195,-0.572487791394235,0.006258777779473841
1553,-0.30204677931329343,0.12159774402493273,-0.2357196198240717,0.4017946772636793
1964,-0.30204677931330465,1.1202238111615759,4.979700496172021,0.24106682256616405
5813,-0.3020467793132892,-0.15760183362193012,-0.03284296905510423,0.24106682256615264
1241,-0.17524099323632222,0.8241373428235076,4.2575857579624365,0.19104125306115483
2326,-0.302046779313293,0.9012670189382925,4.019961623804908,0.24106682256615325
3548,-0.302046779313287,0.5341279728584086,0.3870313032616886,0.2410668225661504
2398,0.9685545529979479,-0.08723620054701442,-0.15445682021187332,-0.45494806086834344
533,2.9435978941599568,0.5071758907160805,-1.0670395775514128,-1.1646266758240023
1439,-0.3020467793132307,1.2517921744971685,4.580797959779704,0.3107008520827644
705,2.530503018646882,-1.0846885602467746,-1.3142767968179485,-1.1168367895925349
3542,-0.3020467793132916,-0.10733013470852175,0.23154152660396876,0.24106682256615386
2681,-0.3020467793132917,-0.0744116154823217,-0.25992506492375145,0.24106682256615364
2845,-0.3020467793132933,-0.15760183362193017,0.9447993531894403,0.24106682256615403
582,2.1231269000316764,-0.061748076031978696,0.10704841446256594,-1.340573578647503
1602,-0.3020467793132883,0.05329179503416704,-0.3328473566549759,0.2410668225661524
4760,-0.30204677931328827,-0.0179495447012714,-0.33284735665497495,0.24106682256615225
2524,0.8318012711906603,-0.07362696646470494,-0.17970342770201256,-0.0653096660772379
3463,-0.3020467793132985,0.1076347134204894,0.4283330884871621,0.24106682256615794
2430,0.5037482260039615,0.5046279085003981,0.4195980078750092,0.5130150559656299
4724,-0.30204677931328094,0.10711546711494807,-0.30570452362446116,0.24106682256614706
4065,-0.015701309585958643,-0.4080011927717232,-0.10537216736989977,-0.012430014946520573
1146,-0.3020467793132853,0.06099500312339195,-0.1540279809613421,0.33473293641005264
885,0.14257599327358395,-0.5168902616885087,-0.6432662106932029,-0.13479290216893888
1741,0.7984470513499347,-0.7033407837292561,-0.6790052029929813,-0.5747658885423171
4613,-0.30204677931328755,-0.1576018336219308,-0.26233757084819115,0.24106682256615167
464,1.3943615044357995,1.0444858511765338,1.0963122726202765,0.4281138419314653
1194,0.6273028977858253,-0.295691302946615,-0.7330394681828057,-0.1813022406323246
490,10.024863623666972,1.6142217288847875,-0.7846874034130694,-0.4755123014586436
1520,0.5706581974811942,1.0216022058133043,2.6176925955515666,-0.18619165645736724
1749,-0.18882127158925474,-0.1998554917715334,-0.39833453967141036,0.14006465933172538
779,0.97888528716222,0.6487291487728531,-0.7882010258147202,-0.5442833823636805
604,-0.3020467793132881,0.22823648582725903,-0.12952510195953082,0.31129329906553815
1580,-0.3020467793132864,-0.1576018336219288,0.6961921499150988,0.26608458461817
1166,0.6352783600900688,-0.06836165608964714,-0.11406559497624472,-0.23513030380590974
2373,0.9555318206754508,-0.04475405858676122,0.02942100487641561,-0.2640454197973757
181,-0.30204677931328994,0.08703498178810685,0.2947518467545136,0.24106682256615308
2719,0.98403553776498,-0.1850003389427377,-0.2508386031095457,-0.8571993734646987
2055,2.6480017380316077,0.012264202106756278,0.23516761695448826,-1.02931189302738
2817,-0.3020467793132903,-0.15760183362192956,2.1217716892718497,0.24106682256615367
475,-0.30204677931335,1.8082138772304426,2.0952552194563325,1.2908218525395
1097,7.0282209988289415,-0.17400342588274278,-1.5666427870201864,-2.04963535335459
1848,3.3548967995238788,-0.20072850765486397,-0.7255986342998915,-1.3543461846689595
2537,0.547389581346126,0.20625770999242515,-0.047420987467014925,-0.09101355280864706
4446,-0.11972950262340448,-0.3061766263856651,-0.4849039309480762,0.07887948189703464
567,4.680901989871071,-1.2545792060524041,-1.8277407344591527,-2.173095915698447
1178,-0.3020467793132885,-0.15760183362192998,-0.31322209332697254,0.2410668225661521
2208,-0.30204677931329693,-0.06004569099004937,1.658740637758017,0.5169342357016231
566,8.512506649726438,-1.9718359148235105,-1.5907962255918588,-2.152772891774325
2792,-0.17948648659631142,-0.12762143730814096,-0.36746735363989086,0.17366017487717922
4285,-0.3020467793132863,-0.15760183362192862,-0.20564954861909915,0.2410668225661506
860,2.5802750097809484,-1.100843961804549,-1.194443232321184,-0.5077020725228433
627,0.8091385094280377,-0.5655946674242774,-0.598784317045995,-0.2977062622359221
3625,-0.3020467793132901,-0.15760183362192956,-0.22007221435674165,0.24106682256615275
487,9.108267421216732,1.351863173252793,1.313652374197955,-2.0163202804281357
650,2.9990795415505644,-1.273573203613044,-1.7157993355095313,-1.6312116352746435
1172,0.745269391132304,-0.3587867976347023,0.25270201020779104,-0.28016362972846276
2206,-0.3020467793133494,0.31564841129802124,4.028044175020931,0.24106682256618522
1576,1.782549591966809,-0.03184211448125894,-0.7135898403054546,-0.13205254787950052
