axis1,0DH:ubiquinone oxidoreductase mitochondria,Acinetobacter baumannii B (s),Acinetobacter rudis (s),Adhesin protein transport system,Animalia ( k),Apiotrichum ( g),Arginine/lysine/histidine/glutamine transport system,Arginine/ornithine transport system,Bacteroides E (g),Benzene and substituted derivatives,Candida ( g),Carbamate esters,Carbazole degradation carbazole to 2-oxopent-4-enoate   anthranilate,Carboxylic acids,Catellicoccaceae (f),Curcuminoids,Cytochrome o ubiquinol oxidase,D-Methionine transport system,D0 polymerase II complex archaea,Debaryomycetaceae ( fs),Eurotiales ( os),Fatty Acyls,Fatty acid esters,Fatty acids and conjugates,Fatty amides,Fluoroquinolone transport system,Geotrichum ( g),Ignatzschineria (g),Ignatzschineria cameli (s),Ignatzschineria larvae (s),Klebsiella pneumoniae (s),Lineolic acids and derivatives,Long-chain fatty acids,Medium-chain fatty acids,Monosaccharides,Morganella morganii (s),Na -transporting 0DH:ubiquinone oxidoreductase-,Oblitimonas alkaliphila (s),Ornithine biosynthesis mediated by LysW glutamate to ornithine,Peptoniphilaceae (f),Planococcaceae (f),Putrescine transport system,R0 polymerase archaea,RNF complex,Rhabditida ( g),Savagea sp009740415 (s),Taurine transport system,Tissierellales (o),Trehalose transport system,Trichosporonaceae ( fs),Type I signiture cas proteins,Tyrosine biosynthesis prephanate to pretyrosine to tyrosine,Universal Cas proteins,Vagococcus A lutrae (s),Wohlfahrtiimonadaceae (f),Wohlfahrtiimonas chitiniclastica (s),Yarrowia ( g)
0DH:ubiquinone oxidoreductase mitochondria,0.9999999999999998,0.5905421216725987,0.7797113673394745,0.8987885523846411,0.6968789164037236,0.6656001729821305,0.8296124181172968,0.8244189651845448,0.5462238147015525,0.09729697736008792,0.5360497642333767,0.3735660305675321,0.6776450241747733,0.5696644888191573,0.5175264831063652,0.6846036018704654,0.6226671746194327,0.914025435623555,0.5673799511262477,0.18248144548046072,-0.01990240614380044,0.7466561739295412,0.6201142518232761,0.731550273381089,0.641308246911988,0.5054940799210274,0.6092992981418768,0.4849544883349291,0.605846218310448,0.4843705213588783,0.9464800073310115,0.39510252441479343,0.6748984224103782,0.7050950908778513,0.6500263056095137,0.8133928525134033,0.6809457068281165,0.5593460042537804,0.8151969028312381,0.583161696692732,0.44125679067598994,0.6122528115578677,0.41524586108314526,0.8021717503857355,0.23535949135880932,0.562841967032388,0.8094753882264857,0.4159001899725655,0.36455222625239503,0.5601369984607603,0.7725208999672057,0.8626085761620246,0.6764299427412779,0.6080472360752285,0.19229051112630438,0.6919702930662548,0.3525895692030136
Acinetobacter baumannii B (s),0.5905421216725987,1.0000000000000002,0.5579499596689411,0.6417315291111759,0.32394140456877646,0.007918952309684752,0.6569651690168247,0.19598084632293883,-0.1873941976049809,-0.7108151853576149,-0.199735216102507,-0.41444335822275136,0.3010755200932284,0.7615443798260592,-0.14342673796464284,0.7279656586519798,0.5466201318293326,0.4171114705033255,0.12453290832616205,-0.5485758086011273,-0.6796672524344203,-0.02423954677447928,-0.07260446322706215,0.21240999026755,0.7915011832308342,0.20695957280933802,0.28359379686808045,-0.11719839149774589,-0.04219641366181605,-0.19156743942699567,0.7782753272153403,-0.03850550675924731,0.5340127911847216,-0.027408031781384262,0.574693811346314,0.5974016585927174,0.11724282134996461,-0.09956087041498642,0.6850304969849234,-0.17881283397427583,-0.2834080452186186,0.24429672935168037,0.04410886880263205,0.2883282354553917,-0.6352611775118804,-0.15094822536889085,0.5553361792819878,-0.36065868577916477,-0.1873055312028463,-0.2666658252860815,0.19791812394879124,0.41521254418555414,-0.0778743055029498,-0.005876230280187509,-0.591647148202485,0.1731331587926377,-0.18579854735856838
Acinetobacter rudis (s),0.7797113673394745,0.557949959668941,1.0000000000000002,0.9723245644293592,0.6709884504903135,0.3621706321923623,0.7228500642836779,0.8435223786124969,0.6716666279882209,-0.12660954808825542,0.5959486768173935,-0.07257771025555934,0.07175855351000919,0.5563901836554452,0.7289830324921771,0.9494159216207609,0.88028317344696,0.8456612314066355,0.32521305009738943,0.3833010275392829,0.11589745167559612,0.3091164895081811,0.18325644866216156,0.1541540548319427,0.8535941204703391,0.24376325440702032,0.8710583905954151,0.753235466899833,0.7927366612436044,0.680019891742844,0.8414728548436796,0.290025689209913,0.7114917188415721,0.3348172414971225,0.6810618223743522,0.9971916345532407,0.8581952009568649,0.7400492330552899,0.4527641741124411,0.6769497242294504,0.6262497797002519,0.9038308177646234,0.19168531238186087,0.904970430827942,0.13417907610181218,0.7148556307043916,0.9967465740086477,0.5482969580948325,0.1674711201730022,0.4671107783237598,0.8757999377385031,0.9595975840860892,0.697066122842753,0.8188301555095847,0.3104595494653205,0.9048843479166341,0.5525322842462984
Adhesin protein transport system,0.8987885523846411,0.6417315291111759,0.9723245644293592,1.0,0.688928673509981,0.44795179443935756,0.7914620071852287,0.8503823858657115,0.6225387722309038,-0.11094888414847352,0.5541736853087258,0.038589988118502665,0.29692472511322443,0.6381240335416264,0.6577941586713594,0.9222765163629892,0.8235779591968033,0.9123135272048977,0.39059391853729575,0.28188365567439444,0.010732030378259342,0.4552803835533954,0.3331191235522868,0.35992931812025075,0.8544062727000135,0.31887780810868116,0.7956214698477425,0.6575686358756174,0.7353562214854449,0.6135231028246196,0.9401331732891214,0.3333383157059011,0.7528941302406369,0.45333512933812353,0.7378806045191922,0.9831722183043253,0.8207061723662458,0.6712091038630466,0.6103289241648957,0.6374672715204717,0.5503048832628346,0.8206321374051044,0.24142209830411984,0.9046353583643497,0.12087371038794988,0.6569970556943,0.9778220656925591,0.4827042597832201,0.1948509682596173,0.4720097467636006,0.8542311187085821,0.9641323424653949,0.682922090853606,0.7559343851778072,0.22876753050517226,0.8558365598857682,0.4665444004041736
Animalia ( k),0.6968789164037236,0.32394140456877646,0.6709884504903135,0.6889286735099812,0.8263833317408293,0.757685499137665,0.8438330404684479,0.7992986123658433,0.5545117340809813,0.2715078776677487,0.7282856560525671,0.3628804906820355,0.2718985268761156,0.028823013581615004,0.5052285784212353,0.5098340966204148,0.7847734508784453,0.5604564597043397,0.7958605173606151,0.33308876207304705,0.3807894615455473,0.49395343354490834,0.2627503139459225,0.4161449769072831,0.3326034438882333,0.7479006994354579,0.8099263775111364,0.6126533572460459,0.5833776353250416,0.42983298012463567,0.5877093685421739,0.17474623870917175,0.32766116345521357,0.5663417652768499,0.12294220387514497,0.697976554574277,0.5341534222597021,0.6953031989482118,0.6656304982668485,0.5971909060381035,0.5035507219042445,0.7583240925450087,0.7300910922695598,0.576752028456242,0.35151735499295084,0.6154808162036624,0.7169902864513388,0.494993941872974,0.697731419154659,0.6817649456459366,0.7980941800484338,0.7021509887130676,0.7287624957474845,0.5918977273202581,0.3852191396833053,0.6085116622937394,0.5905681901356523
Apiotrichum ( g),0.6656001729821305,0.007918952309684762,0.36217063219236234,0.4479517944393576,0.757685499137665,0.9783898047396914,0.7116167999538412,0.7520358244341826,0.5655716090762285,0.6762725150604677,0.786903577816267,0.8132298087594227,0.576295300124278,-0.21710306808194701,0.44407148264327806,0.10663793657755553,0.4518496242107326,0.49035834983558574,0.9324281098113869,0.4115508237840729,0.5414993450907846,0.8122899302996288,0.5916243714208591,0.7374185898210138,-0.0630029497057404,0.8647394127838229,0.568818561128556,0.5056123818307777,0.5052076920233766,0.39428443902208565,0.4123614306703145,0.2708573928791877,0.13811214225536017,0.842081474610376,-0.0804195445968972,0.39966900110281073,0.4068647086484199,0.6411680474980263,0.6845481226565352,0.6270398156968322,0.507071438248889,0.5119415154767782,0.8779186336336627,0.4399767600650681,0.6561217428007861,0.5975676315103677,0.431647337846187,0.5589852398020705,0.9099213828165679,0.8625869958754452,0.6945647576622326,0.5266202015073271,0.7734032608486792,0.4855396224730692,0.5328064449387445,0.439370281874132,0.5471571424654715
Arginine/lysine/histidine/glutamine transport system,0.8296124181172968,0.6569651690168247,0.722850064283678,0.7914620071852287,0.8438330404684479,0.7116167999538412,1.0000000000000002,0.7344063240395713,0.35142087873252853,0.001300317100082512,0.5318244514104465,0.22496315674477804,0.4294420200967357,0.2678424620871101,0.30662226327430886,0.6415616950568364,0.8435637817156407,0.6017953314730453,0.7985042892984998,0.020245384889400756,0.05617420253326026,0.459898199844985,0.23300354572986448,0.5180189158571563,0.514190539797716,0.800175904505445,0.7582056140309684,0.41412164758654235,0.4179052338505681,0.22144026349348955,0.7841214786054223,0.11938127151765729,0.4359074672315288,0.51984963525609,0.2587140337911398,0.7690864354880055,0.4282858175193062,0.5109682538742213,0.8987538787770826,0.3983352916368821,0.26329346044866914,0.684174443426915,0.718840917086364,0.5409093227978495,0.06264568716644525,0.4176225545617131,0.7696514577483486,0.2381363133521707,0.591252636388774,0.4896114731937076,0.7225441537703047,0.7088529326565378,0.5718409455759089,0.4357392986554687,0.07022094976869946,0.5144730907039015,0.39885779635981444
Arginine/ornithine transport system,0.8244189651845448,0.1959808463229389,0.8435223786124969,0.8503823858657115,0.7992986123658435,0.7520358244341826,0.7344063240395713,1.0,0.8814553825719124,0.41224275717045517,0.902748619108066,0.4578188555921568,0.3003003813899104,0.19861818106516188,0.8600430863533126,0.6367000603510196,0.7528861151167635,0.8551437210025375,0.6445859833769895,0.6601052951627745,0.5064113842419866,0.6872003948387425,0.5072109118902078,0.4598544279382198,0.47582595362688446,0.5177476192977386,0.8763354378461311,0.8817496830562539,0.9124021665599662,0.8164768486565643,0.704548371432727,0.4119905283762968,0.5390529219469855,0.7075718728791711,0.4222229462769554,0.8480305295218536,0.888100734404666,0.9292089445314143,0.513009677731114,0.9118129050562971,0.837713759539917,0.8958794459676809,0.5206817830883206,0.9013078356970043,0.602948238366798,0.9150171677250465,0.8726124123757948,0.8194904948533721,0.584247772939852,0.8630765664236846,0.9913806603848373,0.9398937323180202,0.9622071054864223,0.9125185094448198,0.665243090575663,0.9161668215431604,0.741391608682708
Bacteroides E (g),0.5462238147015525,-0.1873941976049809,0.6716666279882209,0.6225387722309038,0.5545117340809813,0.5655716090762284,0.3514208787325284,0.8814553825719125,0.9733647663337199,0.5729642356520206,0.9047335212249914,0.4656500562624584,0.07337039773955496,0.037374327702513976,0.9727603696231044,0.43708047546540696,0.5013148388184211,0.732485193949244,0.37998605461517326,0.9036237239585281,0.6978858279344526,0.5991950648133477,0.48971624275512926,0.24332587040756332,0.2850506383394567,0.20787322008481882,0.7281888210307297,0.9494783740621962,0.9704514436912073,0.9635748723840699,0.40922170371167865,0.45581282833117565,0.41335214311327995,0.602118726779781,0.3491851623920695,0.6464698057088455,0.9169514631445802,0.9504998941128164,0.09280614433707216,0.9842789400156217,0.9779925281366204,0.7970921673005698,0.273034023877561,0.8520771458086673,0.7885029040366299,0.9816677665912302,0.6820544040704644,0.9701947145331583,0.44412074045794947,0.8671025036064008,0.8847534747351766,0.803184602871714,0.9434697981500886,0.960315758816795,0.8812567092272896,0.9071870969223479,0.7794495405127945
Benzene and substituted derivatives,0.09729697736008792,-0.7108151853576149,-0.12660954808825542,-0.11094888414847352,0.27150787766774875,0.6762725150604676,0.0013003171000824886,0.41224275717045517,0.5729642356520206,1.0000000000000002,0.693496926833149,0.90421769134472,0.2616597967358378,-0.6156278916131164,0.45916069977750085,-0.42945383596278786,-0.12141153806951853,0.1266869888355527,0.5177600297296656,0.7091464798122457,0.8374758854774019,0.6622329946655638,0.5645391845468556,0.42856203623267203,-0.5727514675353131,0.39772771538307267,0.16214160454702203,0.45027525872062,0.4261422351189645,0.4703718541106546,-0.2160794658098942,0.2838348996950507,-0.2217971350588765,0.6605341978137347,-0.3681349496218316,-0.13029921176279918,0.2605244447410101,0.529291778325796,-0.013117617386688148,0.6083106324969954,0.5942951452469551,0.16733084926640382,0.5185229299582036,0.16698727380558656,0.9489909295962655,0.5578531093158992,-0.07941830068354998,0.6857313481825861,0.7209701231926521,0.8115618671546497,0.35978185190871986,0.11377092382172309,0.6227177121568789,0.3828044032226818,0.8164458850442514,0.2259888342663161,0.5011361855823065
Candida ( g),0.5360497642333768,-0.199735216102507,0.5959486768173935,0.5541736853087258,0.7282856560525671,0.7869035778162669,0.5318244514104465,0.902748619108066,0.9047335212249914,0.693496926833149,1.0000000000000002,0.6026011646478561,0.1093852841330845,-0.22508219844715874,0.8561951230587439,0.3170219501452287,0.6042628385889325,0.5868146500998455,0.6909422522044868,0.8415061345160383,0.8255917186438277,0.6224369408844134,0.42473154089253956,0.32054093481196544,0.09863889562008192,0.5497096085068643,0.816004941429021,0.9143563880753067,0.8753558688457305,0.8145604940788445,0.3340155940138856,0.34250478292592373,0.23811961537668389,0.6779320280823797,0.04905864990219358,0.5892847511117812,0.7608525408197345,0.9655859690908991,0.2718625271244074,0.9364015810037136,0.9049867099228739,0.82481025481915,0.6236173006572777,0.7010578096361543,0.8252377697304158,0.9399700196071061,0.6335676487910948,0.920753566419351,0.7586727389131095,0.9693264937237586,0.9046480032445263,0.7242718460847847,0.9750818246016301,0.8648504150654395,0.8813959118636193,0.7909179721121391,0.8433941160446293
Carbamate esters,0.3735660305675321,-0.41444335822275136,-0.07257771025555934,0.038589988118502665,0.3628804906820354,0.8132298087594227,0.224963156744778,0.4578188555921568,0.4656500562624585,0.90421769134472,0.6026011646478562,1.0,0.6435861976062681,-0.37601343635581297,0.3251565030545557,-0.34706087652719364,-0.10300499233558702,0.28985365730629425,0.6497549133311968,0.46281645615163297,0.5718317490998858,0.8718143889683885,0.7667400590585187,0.7687920407490064,-0.44182474049019455,0.5597598290103971,0.10656231591338279,0.28919420262088524,0.3309869461720382,0.3331890170936901,0.06021439176406808,0.3347297799817964,-0.07638083391938003,0.8318962297889334,-0.19921696519468243,-0.048610863913416735,0.21926837074589162,0.41273298923565527,0.34467678953054015,0.517529822564372,0.43095487738331206,0.09069990714889459,0.6155623749043038,0.20995788452765798,0.8203399447462596,0.4455297058425447,-0.011802698582826891,0.5250460300256174,0.7432667002701575,0.7771367939462417,0.3642911258049231,0.18951688969614863,0.5902895424481589,0.2859712750783048,0.5942511972771656,0.17963481057718944,0.34684482705105385
Carbazole degradation carbazole to 2-oxopent-4-enoate   anthranilate,0.6776450241747733,0.3010755200932284,0.07175855351000919,0.2969247251132245,0.27189852687611554,0.576295300124278,0.42944202009673565,0.3003003813899104,0.07337039773955495,0.2616597967358378,0.10938528413308449,0.6435861976062681,1.0000000000000002,0.32275123423829416,-0.02955156875310861,-0.004335921462376373,-0.07806506775847163,0.487367906281029,0.4452391009333704,-0.17198770208398603,-0.22137811175359937,0.8171551418375331,0.7864760669194424,0.9743465584679487,0.05995405411308524,0.4395533706720028,-0.09183277089466789,-0.12997658588721028,0.03248011988770182,-0.01693458262901017,0.5374707947139992,0.30836559221472803,0.27654958091258613,0.7066488359039729,0.30446863184493983,0.12585674561978935,0.09250197151999463,-0.00611792446317299,0.734920939076007,0.12151627565023512,-0.04155561615350772,-0.11354478587470815,0.3513835078213002,0.23373565188691578,0.18902324538791151,0.04221697425035433,0.11689410681038792,0.004566940700200517,0.3017404414121913,0.30080866504180154,0.17825857018162175,0.25068826467277977,0.23054208646943372,0.005439807335580022,-0.08394699348270758,0.04557324440180348,-0.12452066886881306
Carboxylic acids,0.5696644888191573,0.7615443798260589,0.5563901836554452,0.6381240335416264,0.028823013581614983,-0.217103068081947,0.26784246208711004,0.19861818106516188,0.037374327702514004,-0.6156278916131162,-0.22508219844715874,-0.37601343635581297,0.3227512342382942,1.0,0.12629717473995847,0.7206866861179406,0.23592608400957857,0.6379650971634596,-0.3062130320859253,-0.27029238411875245,-0.6776894102662611,0.11109494245944497,0.204401178415541,0.20054637914335485,0.8717964240642067,-0.30629875737005335,0.08413377999809274,-0.00021368746642255035,0.1738971586786756,0.14479395145539672,0.7732400547552444,0.2238484375256895,0.7154628774421625,0.008747902029700695,0.9405506910635191,0.5627110960654506,0.38835399181030567,-0.0459619688938531,0.3264839463737672,0.019406888762633055,-0.041826117280490266,0.15042694143386087,-0.4454876410175942,0.5204222204580243,-0.4324547168688926,0.016201888879044793,0.5199137160538095,-0.12577287420732342,-0.5511315174456126,-0.25354753011113557,0.1823453582122472,0.4971336964473035,-0.018155485407269092,0.1950440609753522,-0.38458378651067543,0.35717726490725843,-0.2110452408627981
Catellicoccaceae (f),0.5175264831063652,-0.1434267379646428,0.7289830324921771,0.6577941586713595,0.5052285784212353,0.44407148264327806,0.30662226327430886,0.8600430863533126,0.9727603696231045,0.45916069977750085,0.8561951230587441,0.3251565030545557,-0.029551568753108565,0.1262971747399585,0.9999999999999999,0.5267514523556698,0.528229377488406,0.7487020965096823,0.2587123957993037,0.9019510719177714,0.6417805614243745,0.4984703980814108,0.4111891784094882,0.12672764255308083,0.38853894776859565,0.08479062877080788,0.7414810995024013,0.9692954411581169,0.9926431070989901,0.9939929094147718,0.42756795124802205,0.44824914689449014,0.469385683460496,0.5004917643390325,0.437114124487175,0.6955668497546981,0.959920575435448,0.9441729641321157,0.013512221676965759,0.9733743226678391,0.9846157919811219,0.8257942144333269,0.14579492008585668,0.8900432517046598,0.7117414810304076,0.9805801467734814,0.7268821926442273,0.9593356192706406,0.31503857901386123,0.7890187357885529,0.8781596413243495,0.8300211364396504,0.9067844221730873,0.9885152434123425,0.8497335018002689,0.9495906036714138,0.7668891931453959
Curcuminoids,0.6846036018704653,0.7279656586519798,0.9494159216207607,0.9222765163629891,0.5098340966204148,0.10663793657755553,0.6415616950568364,0.6367000603510196,0.43708047546540696,-0.42945383596278786,0.3170219501452287,-0.3470608765271936,-0.004335921462376373,0.7206866861179406,0.5267514523556698,1.0000000000000002,0.8210520517533898,0.7447694691749888,0.11187499864377451,0.1306957652072451,-0.16839602666350534,0.08496623456795786,0.009179108091503012,0.01443041865190655,0.9647468817467972,0.07240175833056522,0.7266049603446993,0.5423560415845797,0.5933828102302515,0.4823028086766917,0.8407708991470382,0.18934723461423772,0.7306211302954511,0.10218407246633553,0.7601839332575121,0.9471064059188377,0.7099790365671843,0.5033189659255829,0.40693606241133945,0.4297581140232726,0.3882307778128817,0.7598131530696616,-0.013904287356772417,0.7826143930372389,-0.1717497672977074,0.47775489138372307,0.9300996471488305,0.28823704690525903,-0.09550115066795632,0.16659913539202956,0.6803021433104985,0.8418815549605825,0.43774169787919326,0.6299077174176787,0.027473971991961645,0.7583676551047365,0.33650986778388153
Cytochrome o ubiquinol oxidase,0.6226671746194326,0.5466201318293326,0.88028317344696,0.8235779591968032,0.7847734508784453,0.4518496242107326,0.8435637817156407,0.7528861151167634,0.501314838818421,-0.12141153806951853,0.6042628385889324,-0.10300499233558702,-0.07806506775847163,0.2359260840095786,0.5282293774884061,0.8210520517533898,0.9999999999999999,0.5545192872668019,0.5593421406596706,0.2564816039628416,0.2176182428884221,0.12754792827889025,-0.08428931470488861,0.038399275575898596,0.6531012161034274,0.5297143553882306,0.947498794896827,0.665600579281722,0.6084993328529892,0.43915519279447846,0.6594058641351317,0.06825313966857399,0.45842939646007685,0.23307728871059255,0.29080867461696636,0.8909744440843166,0.606115234074891,0.6841339055052951,0.5313273091217134,0.5196181204695607,0.4689201741788055,0.911144200967753,0.4922151258651214,0.6434383235325106,0.04909093385152314,0.5816926687165556,0.8973136782289589,0.4046844669900008,0.4143136735825005,0.444506157005003,0.8077585282527004,0.7842431671303147,0.6139125455398549,0.6420676495655444,0.23457145519366882,0.7096677517521177,0.5824928588680928
D-Methionine transport system,0.914025435623555,0.41711147050332553,0.8456612314066355,0.9123135272048977,0.5604564597043397,0.4903583498355857,0.6017953314730454,0.8551437210025375,0.732485193949244,0.1266869888355527,0.5868146500998455,0.28985365730629425,0.487367906281029,0.6379650971634596,0.7487020965096822,0.7447694691749888,0.5545192872668019,1.0000000000000002,0.30549696982312297,0.431236268015964,0.08227182007735928,0.6955850434381791,0.6315786736845139,0.5456218703225751,0.7159907851199332,0.1897554772748154,0.6140039737931394,0.662545186343179,0.8001406086007513,0.7427660265256637,0.8892671275662216,0.5001099621562008,0.7580262734591412,0.6303190597589934,0.8104755931071493,0.850161145708598,0.8874105441316534,0.6802329563492181,0.5107045415714001,0.7475707098042519,0.6584486331656666,0.678479461597358,0.13239880086791084,0.9571371424146776,0.3560032702831694,0.7298410783893923,0.8503627042704609,0.617165372356922,0.16445110508602498,0.5826120128999629,0.8211932696519894,0.9398555850943068,0.7490347425421124,0.8007632979981707,0.3843886055888762,0.8670570031805557,0.4415392852653791
D0 polymerase II complex archaea,0.5673799511262476,0.12453290832616205,0.32521305009738943,0.39059391853729575,0.795860517360615,0.9324281098113869,0.7985042892984997,0.6445859833769895,0.37998605461517326,0.5177600297296656,0.6909422522044868,0.6497549133311968,0.4452391009333704,-0.3062130320859253,0.25871239579930366,0.11187499864377451,0.5593421406596706,0.30549696982312297,1.0,0.22576142018800532,0.4715059757799558,0.6010396211033421,0.3409151684216506,0.6019241649518385,-0.08070468478036077,0.9821235329026704,0.604049399287026,0.39157963347149216,0.33648396562490135,0.18163490579508537,0.3496450491467053,0.09410703915655941,0.029909589781834223,0.6804958173338289,-0.2501674504538711,0.3716833838143222,0.22405378431710557,0.5340577628760113,0.7439542996999192,0.4439993525327938,0.325119566149416,0.5042372444222739,0.9839093806864727,0.2673718271466264,0.45427228581849566,0.437964670352456,0.39966786887937317,0.369655835937424,0.9499077574709693,0.7269340051834771,0.609725692881609,0.4165728415743857,0.634313554911661,0.3287368600484097,0.3601987828514744,0.2978028008509236,0.4941643291249368
Debaryomycetaceae ( fs),0.18248144548046075,-0.5485758086011272,0.3833010275392829,0.2818836556743945,0.3330887620730471,0.4115508237840729,0.02024538488940078,0.6601052951627745,0.9036237239585281,0.7091464798122457,0.8415061345160384,0.4628164561516328,-0.17198770208398595,-0.27029238411875245,0.9019510719177712,0.1306957652072451,0.2564816039628416,0.431236268015964,0.22576142018800538,1.0000000000000002,0.8704887632884925,0.42262397661898854,0.3490695018370896,0.009583329720419621,-0.03135218820145876,0.04775204780511375,0.547038238602918,0.8848453690003326,0.856522098906925,0.9093274749542456,0.017376057228232097,0.37107722457824277,0.1409009504806794,0.4401672556070211,0.06872497268678508,0.3403919943868785,0.7475913325355473,0.862790646725211,-0.25476289896901816,0.9035978970412301,0.9560140637099136,0.6241825149830067,0.1723170490710495,0.6133000220413217,0.8812044555782462,0.9020226379331149,0.3870107465560622,0.9696248292632522,0.40830682377812644,0.8066820626141905,0.6783461455632416,0.5237621413109833,0.817902867820101,0.8386832526321814,0.9831469232501454,0.7254511565937788,0.7586559249296762
Eurotiales ( os),-0.01990240614380042,-0.6796672524344203,0.11589745167559613,0.010732030378259394,0.38078946154554716,0.5414993450907846,0.05617420253326026,0.5064113842419867,0.6978858279344526,0.8374758854774019,0.8255917186438277,0.5718317490998858,-0.22137811175359937,-0.6776894102662611,0.6417805614243745,-0.16839602666350534,0.21761824288842213,0.08227182007735928,0.47150597577995584,0.8704887632884925,1.0000000000000002,0.3271453092246607,0.18246949464430634,-0.008764588085301284,-0.3896875099901752,0.34331229896911186,0.4922026452922289,0.7171283775326605,0.6040673383417874,0.6213675213928458,-0.2547832971598733,0.16972009729022702,-0.19819119428744564,0.40591366302762555,-0.40286207566701443,0.08983756665992276,0.413212386620384,0.7427596015766313,-0.19422699148089867,0.7158461881972195,0.762010578785605,0.4991127688993416,0.4924964607974255,0.26629068520282867,0.876452989822927,0.7204659750375706,0.14637006546675949,0.8114128308930575,0.6955382675150787,0.8065485671214928,0.5267300306519133,0.24512788613454461,0.7055226564308631,0.5834443856479089,0.9277189904809534,0.4300757757694832,0.7349280263140889
Fatty Acyls,0.7466561739295412,-0.02423954677447924,0.3091164895081811,0.4552803835533954,0.4939534335449083,0.8122899302996287,0.459898199844985,0.6872003948387425,0.5991950648133477,0.6622329946655638,0.6224369408844134,0.8718143889683885,0.8171551418375332,0.11109494245944496,0.4984703980814108,0.08496623456795786,0.12754792827889036,0.6955850434381791,0.6010396211033421,0.42262397661898854,0.3271453092246607,0.9999999999999999,0.909524158726508,0.9087426281960458,0.03469864582974685,0.4959139533548746,0.27925658794901315,0.4128925546672677,0.5347578758769511,0.506590779863113,0.515205353909891,0.48385053868496586,0.327055666874734,0.9201436196222964,0.2875322826815723,0.3366818366621086,0.5180866509158262,0.5209840412900821,0.568522073039472,0.6467347786956169,0.5226468327142186,0.2944932015727973,0.4872605330658647,0.5715369170014233,0.6900996420390356,0.576391514481412,0.3569113888103422,0.5736297585041692,0.5707562668257552,0.7725193276948829,0.587936640725167,0.5502059991060503,0.7111738450225937,0.5008592656960982,0.5011596325639858,0.47157243862686266,0.35541345826955967
Fatty acid esters,0.6201142518232761,-0.07260446322706209,0.18325644866216162,0.3331191235522868,0.26275031394592246,0.591624371420859,0.23300354572986448,0.5072109118902078,0.48971624275512926,0.5645391845468555,0.42473154089253967,0.7667400590585187,0.7864760669194424,0.204401178415541,0.4111891784094882,0.009179108091503067,-0.08428931470488855,0.6315786736845139,0.34091516842165065,0.3490695018370896,0.18246949464430634,0.9095241587265082,0.8978275277564258,0.8297767552281742,0.02368186029788276,0.23868455655534843,0.06225470850678182,0.2724224542458793,0.42643728886287735,0.44661327823138786,0.4302635759337704,0.4883140181908402,0.31952175274721495,0.7925301747112807,0.36686238506484403,0.20163115758217426,0.44380087247943356,0.3513761452673335,0.3966515928885571,0.5230993909687313,0.4206626648902288,0.10611702962946304,0.2261019843754732,0.49348482063128474,0.596410330614869,0.4437517724210313,0.21393422251990662,0.46759843890059094,0.32310565507891764,0.5906222918226045,0.4037412940571369,0.4234586166887706,0.5386041599392348,0.38998945968471166,0.39989812411238107,0.36674570956351615,0.19014441078746072
Fatty acids and conjugates,0.7315502733810891,0.21240999026755,0.1541540548319427,0.35992931812025075,0.4161449769072831,0.7374185898210138,0.5180189158571562,0.4598544279382198,0.2433258704075633,0.42856203623267203,0.32054093481196544,0.7687920407490063,0.9743465584679489,0.20054637914335488,0.12672764255308078,0.01443041865190655,0.03839927557589854,0.545621870322575,0.6019241649518385,0.00958332972041956,-0.008764588085301284,0.9087426281960458,0.8297767552281742,1.0,0.021657199058732843,0.5704976845823667,0.07360055712382393,0.05264558762011692,0.1894316735767294,0.12772560423157697,0.5417671693423065,0.34728752016165093,0.26719176483749896,0.8213467924352259,0.23761696272399785,0.20598911246317542,0.21017834509277936,0.18797956883950312,0.7589825606249906,0.29834021112997405,0.13599121780800405,0.04721038174063469,0.5074275116191386,0.3285671491803517,0.36981201025589666,0.22293143765612292,0.2087760106544303,0.18941918764174984,0.48915776292253826,0.501425561259843,0.3429755373859717,0.35526302741068067,0.41829008447655397,0.16012462448812012,0.1122716147059274,0.1748303680256396,0.060805095024696935
Fatty amides,0.641308246911988,0.7915011832308342,0.8535941204703391,0.8544062727000135,0.33260344388823343,-0.06300294970574034,0.514190539797716,0.47582595362688446,0.2850506383394567,-0.5727514675353131,0.0986388956200819,-0.44182474049019443,0.05995405411308529,0.8717964240642067,0.38853894776859565,0.9647468817467972,0.6531012161034274,0.7159907851199333,-0.08070468478036077,-0.03135218820145872,-0.3896875099901752,0.03469864582974685,0.023681860297882773,0.02165719905873298,1.0000000000000002,-0.10270965117769756,0.522079946033883,0.35669068205383925,0.4497767288402018,0.36437869367758824,0.8422702995238169,0.1868507802227633,0.7589139078610627,0.013271278780261672,0.8678121288289133,0.8519013471236124,0.612741427828285,0.304019613846864,0.3630189948766819,0.26965050601922347,0.22697150174758052,0.5704063915000761,-0.21376352311044441,0.7082441387724002,-0.32381619955775737,0.30670028785278114,0.8228068588967271,0.12198274928929995,-0.3139208397059264,-0.02769506205224094,0.5071441994798465,0.7407499954514849,0.25503161877031016,0.48541041588296086,-0.15260094049952375,0.6373410567998251,0.13573893665714418
Fluoroquinolone transport system,0.5054940799210274,0.20695957280933808,0.24376325440702043,0.3188778081086812,0.7479006994354579,0.8647394127838229,0.800175904505445,0.5177476192977386,0.20787322008481882,0.39772771538307267,0.5497096085068643,0.5597598290103971,0.4395533706720028,-0.30629875737005335,0.08479062877080788,0.07240175833056522,0.5297143553882308,0.1897554772748154,0.9821235329026704,0.04775204780511372,0.34331229896911186,0.4959139533548746,0.2386845565553484,0.5704976845823667,-0.10270965117769754,1.0,0.5217307077276502,0.23532015882179597,0.17078502101422258,0.0017310194323344593,0.3140896799247842,0.001038903740642011,-0.029711094116792902,0.5835717502638286,-0.3143820356370063,0.2980206871141622,0.06714943229328944,0.383195044251421,0.781857392438295,0.2726255558930443,0.1479083156148994,0.4013383839391221,0.9845704421961168,0.1290450052344214,0.2956605077935869,0.27085709107348377,0.3192706104002341,0.1913092195106688,0.9062686010509676,0.5851031666501438,0.4844138524243202,0.3026786141634131,0.4839456462590754,0.16721159370352287,0.1897511470959485,0.15184337757082614,0.3730408582690011
Geotrichum ( g),0.6092992981418768,0.28359379686808045,0.8710583905954151,0.7956214698477425,0.8099263775111364,0.568818561128556,0.7582056140309684,0.8763354378461311,0.7281888210307297,0.16214160454702206,0.8160049414290211,0.10656231591338279,-0.09183277089466782,0.08413377999809274,0.7414810995024014,0.7266049603446993,0.947498794896827,0.6140039737931394,0.6040493992870258,0.547038238602918,0.4922026452922289,0.27925658794901326,0.0622547085067818,0.07360055712382393,0.522079946033883,0.5217307077276502,1.0,0.859626401015659,0.7985817436478078,0.6646547040433621,0.5718133997569492,0.1794798618338553,0.42333679683785164,0.3782952017122707,0.24142125735042125,0.8693463012992104,0.753352118866016,0.8776950344220255,0.40764653059561284,0.7477152647652971,0.7147486100694128,0.9873338713697668,0.5310614995673429,0.7438096094743587,0.3531294567263741,0.7983800906196986,0.8915100576734953,0.6691531511124604,0.5396727869770449,0.674827063530979,0.9254808972567724,0.8422961215321324,0.8116007368267576,0.820158510310037,0.5330326951714933,0.8373642198004337,0.7585205986953978
Ignatzschineria (g),0.4849544883349291,-0.11719839149774589,0.753235466899833,0.6575686358756173,0.6126533572460459,0.5056123818307776,0.41412164758654235,0.8817496830562538,0.949478374062196,0.45027525872062,0.9143563880753067,0.28919420262088524,-0.12997658588721028,-0.00021368746642253786,0.9692954411581169,0.5423560415845797,0.6656005792817221,0.662545186343179,0.39157963347149216,0.8848453690003326,0.7171283775326605,0.41289255466726765,0.2724224542458793,0.05264558762011692,0.3566906820538392,0.23532015882179597,0.859626401015659,1.0000000000000002,0.9731859108546927,0.9388758002495484,0.3901811578418095,0.35564288790154774,0.39469859055219036,0.46042265825962864,0.2897746244847106,0.7243192782738173,0.9091118257496065,0.9857550638365089,0.06589786914765644,0.9556072809312535,0.9680168771363331,0.9134540333217355,0.30312763063306203,0.8328846488641929,0.6830458268368285,0.9803791064453671,0.7597027436941033,0.9419143494197545,0.4472475520901246,0.8150400319489769,0.9176418143488518,0.819119920011669,0.923717088287541,0.9755872976500144,0.8493023996864794,0.9322663523584219,0.8384648753870311
Ignatzschineria cameli (s),0.605846218310448,-0.042196413661816035,0.7927366612436044,0.735356221485445,0.5833776353250417,0.5052076920233767,0.4179052338505681,0.9124021665599663,0.9704514436912073,0.4261422351189645,0.8753558688457306,0.3309869461720383,0.03248011988770177,0.17389715867867556,0.9926431070989901,0.5933828102302513,0.6084993328529892,0.8001406086007513,0.3364839656249014,0.8565220989069251,0.6040673383417874,0.5347578758769511,0.4264372888628774,0.18943167357672938,0.44977672884020165,0.1707850210142226,0.7985817436478079,0.9731859108546927,1.0000000000000002,0.9772312883769471,0.5184360183737377,0.44724984209423646,0.5150257932448574,0.5413423877903207,0.46797086244107844,0.766645973189265,0.9746416679493713,0.9601440673673106,0.1284871740043691,0.9763768552286514,0.9693164860570076,0.8715195844861159,0.21617218806757685,0.9245176457955976,0.6778854797767264,0.9852288996664269,0.7956673529222537,0.9406256531832607,0.3601180310754739,0.8062744636758661,0.9275648747344007,0.8867617086331597,0.9330022418781712,0.9985333590221643,0.8105515512605547,0.9742242415560483,0.7739854238945153
Ignatzschineria larvae (s),0.4843705213588783,-0.19156743942699558,0.6800198917428442,0.6135231028246196,0.42983298012463567,0.3942844390220857,0.22144026349348955,0.8164768486565643,0.9635748723840699,0.4703718541106546,0.8145604940788447,0.3331890170936901,-0.016934582629010226,0.14479395145539672,0.9939929094147718,0.4823028086766917,0.4391551927944785,0.7427660265256637,0.18163490579508543,0.9093274749542456,0.621367521392846,0.506590779863113,0.44661327823138786,0.12772560423157697,0.36437869367758824,0.0017310194323344194,0.6646547040433621,0.9388758002495484,0.9772312883769471,0.9999999999999998,0.3952467570022918,0.47180067808365084,0.4658647317469028,0.49143681293861763,0.46363420881823125,0.643014894502842,0.9520921217413363,0.9064981463277461,-0.04811747387195609,0.9605004654064315,0.9779524923367792,0.7617788813995958,0.06570824644540989,0.8778713235954214,0.7241725770144641,0.9606957751705725,0.6734308024725698,0.9553155479921421,0.2504968798997518,0.7611159923637036,0.8290047066989392,0.7947749649577064,0.8749158015636397,0.9697295246922802,0.8508552948193753,0.926709981117669,0.7261340893565882
Klebsiella pneumoniae (s),0.9464800073310116,0.7782753272153403,0.8414728548436796,0.9401331732891214,0.5877093685421738,0.4123614306703145,0.7841214786054223,0.704548371432727,0.40922170371167865,-0.21607946580989418,0.33401559401388575,0.06021439176406808,0.5374707947139992,0.7732400547552444,0.42756795124802205,0.8407708991470383,0.6594058641351318,0.8892671275662216,0.3496450491467053,0.017376057228232038,-0.2547832971598733,0.515205353909891,0.4302635759337704,0.5417671693423066,0.842270299523817,0.3140896799247842,0.5718133997569493,0.39018115784180957,0.5184360183737377,0.3952467570022918,1.0000000000000002,0.3228336380011336,0.7614993375028434,0.472529856857965,0.7959184374670966,0.8694569897660527,0.6467810442845886,0.42613642686223296,0.7493941501998169,0.429931680889264,0.3056555755775897,0.5857413858230242,0.19394037216330887,0.7845809405386257,-0.04008477512746317,0.4280998646112438,0.8506815501178491,0.24682508726214764,0.09682762581107338,0.3100158109111262,0.6756162722363405,0.8470291825451349,0.4989308745817798,0.5347617906538507,-0.019899014490024295,0.6642164338233455,0.2226803672978063
Lineolic acids and derivatives,0.39510252441479343,-0.03850550675924731,0.290025689209913,0.33333831570590117,0.17474623870917175,0.27085739287918764,0.11938127151765729,0.4119905283762968,0.45581282833117553,0.28383489969505077,0.34250478292592373,0.3347297799817964,0.30836559221472803,0.2238484375256895,0.44824914689449014,0.18934723461423772,0.06825313966857399,0.5001099621562008,0.09410703915655945,0.37107722457824277,0.16972009729022702,0.48385053868496586,0.4883140181908402,0.34728752016165093,0.1868507802227633,0.001038903740642011,0.1794798618338553,0.35564288790154774,0.44724984209423646,0.47180067808365084,0.32283363800113357,0.347600129618387,0.31794614105739155,0.41769755334667,0.3748117700286559,0.28372787477864186,0.4715673803105883,0.36440660630215954,0.11661605711128183,0.4624260842103327,0.4299126901157521,0.23832889407222493,0.004021556914755736,0.47688364771751957,0.3893250812730023,0.43009625317077044,0.2923320414045936,0.43297355269695814,0.09245353673071369,0.39025081245288995,0.3745637494565224,0.4108062864824754,0.4265811224204466,0.4322483020248513,0.35619675831669545,0.42457369771677256,0.2363663620810152
Long-chain fatty acids,0.6748984224103782,0.5340127911847216,0.7114917188415721,0.7528941302406369,0.3276611634552136,0.13811214225536025,0.43590746723152884,0.5390529219469855,0.41335214311327995,-0.2217971350588765,0.23811961537668394,-0.07638083391937997,0.2765495809125862,0.7154628774421626,0.46938568346049603,0.7306211302954511,0.45842939646007685,0.7580262734591413,0.029909589781834278,0.1409009504806794,-0.19819119428744564,0.3270556668747341,0.31952175274721495,0.267191764837499,0.7589139078610627,-0.029711094116792902,0.42333679683785164,0.3946985905521904,0.5150257932448574,0.46586473174690296,0.7614993375028434,0.31794614105739155,0.6808511389240628,0.27112055801218615,0.7833108365490162,0.7121460738574126,0.6404399229197193,0.37483140086739447,0.36175382782339455,0.41051931781856993,0.3521492027075224,0.481783541383563,-0.10995389174527204,0.7190275715029774,-0.012465607457304295,0.41253342870969634,0.6960943933500485,0.28797789054791134,-0.13856122800771456,0.19422950553701113,0.5310248891351321,0.7102911008574542,0.39316937793852147,0.5290907124845856,0.06097830320504788,0.6299578382406227,0.19125215736237514
Medium-chain fatty acids,0.7050950908778513,-0.02740803178138425,0.3348172414971224,0.4533351293381234,0.5663417652768499,0.8420814746103761,0.5198496352560897,0.7075718728791711,0.6021187267797808,0.6605341978137347,0.6779320280823797,0.8318962297889334,0.7066488359039729,0.008747902029700667,0.5004917643390325,0.10218407246633553,0.23307728871059252,0.6303190597589934,0.6804958173338289,0.44016725560702114,0.40591366302762555,0.9201436196222964,0.7925301747112807,0.8213467924352259,0.013271278780261603,0.5835717502638285,0.3782952017122707,0.46042265825962864,0.5413423877903207,0.49143681293861763,0.47252985685796495,0.4176975533466701,0.2711205580121861,0.8760740575825039,0.17931214154317507,0.3624463909589224,0.4989159890586707,0.5706335778547258,0.5722299579363885,0.6515804208148765,0.5355014003643771,0.37532547516164155,0.5853943231322828,0.5399236434023396,0.6823235014776896,0.5963979231301264,0.38677945609998604,0.5841288229615437,0.6585530299368615,0.7974610666525848,0.6256598198062597,0.5478175526246211,0.7337500025857615,0.5126670566939482,0.526041917254493,0.4767719970094671,0.4271838602298512
Monosaccharides,0.6500263056095137,0.5746938113463141,0.6810618223743522,0.7378806045191922,0.12294220387514498,-0.0804195445968972,0.25871403379113983,0.4222229462769554,0.34918516239206954,-0.3681349496218316,0.04905864990219364,-0.19921696519468235,0.30446863184493983,0.9405506910635193,0.43711412448717496,0.7601839332575121,0.29080867461696647,0.8104755931071493,-0.250167450453871,0.06872497268678508,-0.40286207566701443,0.2875322826815723,0.366862385064844,0.23761696272399796,0.8678121288289132,-0.3143820356370063,0.2414212573504213,0.2897746244847106,0.4679708624410786,0.4636342088182313,0.7959184374670966,0.37481177002865584,0.7833108365490162,0.17931214154317515,0.9999999999999999,0.6728856145206255,0.6532028495238291,0.23656124756437005,0.24197180551718223,0.3309244980296501,0.2842433877114152,0.3399322278757932,-0.4143488797073975,0.7436543937639483,-0.12412582719819532,0.32189420431185334,0.6448635625890342,0.20606770796112306,-0.43548418701080227,0.019419109564717794,0.40600938283259685,0.6803577644778924,0.2588994814572638,0.48112862647912025,-0.05308640135131275,0.6064199379981635,0.02782010922852541
Morganella morganii (s),0.8133928525134035,0.5974016585927175,0.9971916345532407,0.9831722183043254,0.6979765545742769,0.39966900110281073,0.7690864354880055,0.8480305295218536,0.6464698057088456,-0.13029921176279918,0.5892847511117814,-0.04861086391341668,0.12585674561978935,0.5627110960654506,0.6955668497546982,0.9471064059188377,0.8909744440843166,0.850161145708598,0.3716833838143223,0.3403919943868785,0.08983756665992276,0.3366818366621086,0.20163115758217426,0.2059891124631755,0.8519013471236124,0.29802068711416213,0.8693463012992104,0.7243192782738174,0.7666459731892651,0.6430148945028421,0.8694569897660527,0.2837278747786419,0.7121460738574126,0.3624463909589224,0.6728856145206255,1.0000000000000002,0.8335896950044605,0.7219731179900492,0.5177922958980691,0.6559415652675262,0.5931148237499376,0.893119374177105,0.23781004667583386,0.8924106531911529,0.11703438780537588,0.6916172373739752,0.9983667011781816,0.5178187915870008,0.1992951950557675,0.4687546316604435,0.8747036555440517,0.9587310775423744,0.6918247552727663,0.7925416370950432,0.2769324328004476,0.8835761091071188,0.5349151605422404
Na -transporting 0DH:ubiquinone oxidoreductase-,0.6809457068281165,0.11724282134996468,0.858195200956865,0.8207061723662458,0.5341534222597021,0.4068647086484199,0.4282858175193062,0.888100734404666,0.9169514631445802,0.2605244447410102,0.7608525408197345,0.21926837074589164,0.09250197151999463,0.38835399181030567,0.959920575435448,0.7099790365671843,0.606115234074891,0.8874105441316534,0.22405378431710565,0.7475913325355473,0.413212386620384,0.5180866509158265,0.44380087247943356,0.2101783450927794,0.6127414278282848,0.06714943229328944,0.7533521188660159,0.9091118257496065,0.9746416679493713,0.9520921217413363,0.6467810442845886,0.4715673803105883,0.6404399229197192,0.49891598905867074,0.6532028495238291,0.8335896950044602,1.0,0.8832815528846344,0.1707179004269592,0.9170053483634145,0.9001509008886825,0.8399182220100769,0.08027080223902941,0.9798061256177945,0.5395046834308276,0.9241218110202836,0.8511304054899166,0.8542497779381324,0.19578012079319318,0.6899966519430762,0.8990917122223197,0.9337744295658684,0.8621372472618407,0.9776487869582517,0.6760934892479321,0.9898962452438336,0.6721497151376024
Oblitimonas alkaliphila (s),0.5593460042537803,-0.09956087041498642,0.7400492330552899,0.6712091038630466,0.6953031989482118,0.6411680474980263,0.5109682538742212,0.9292089445314142,0.9504998941128164,0.529291778325796,0.9655859690908991,0.41273298923565527,-0.00611792446317299,-0.045961968893853164,0.9441729641321157,0.5033189659255829,0.6841339055052951,0.6802329563492181,0.5340577628760113,0.8627906467252112,0.7427596015766313,0.5209840412900821,0.35137614526733346,0.18797956883950312,0.30401961384686393,0.3831950442514209,0.8776950344220255,0.9857550638365089,0.9601440673673105,0.9064981463277461,0.42613642686223285,0.36440660630215954,0.3748314008673944,0.5706335778547258,0.23656124756437,0.7219731179900492,0.8832815528846344,1.0,0.19504513480298621,0.9681385942943429,0.955608704050753,0.9130861480449437,0.4458276012863012,0.8222431460990279,0.7310348765604857,0.9850616834330121,0.7596449592232515,0.9424285133333723,0.5784291358745547,0.8909864266932082,0.9504911185149826,0.8289123026483879,0.9699026292240148,0.9587496722645987,0.8554853397814124,0.9115063692985059,0.8521242056592132
Ornithine biosynthesis mediated by LysW glutamate to ornithine,0.8151969028312382,0.6850304969849234,0.45276417411244124,0.6103289241648957,0.6656304982668485,0.6845481226565352,0.8987538787770826,0.5130096777311139,0.09280614433707218,-0.013117617386688141,0.2718625271244074,0.3446767895305401,0.734920939076007,0.3264839463737675,0.013512221676965792,0.4069360624113396,0.5313273091217134,0.5107045415714001,0.7439542996999193,-0.25476289896901816,-0.19422699148089861,0.568522073039472,0.3966515928885571,0.7589825606249906,0.3630189948766819,0.781857392438295,0.407646530595613,0.06589786914765647,0.12848717400436913,-0.048117473871955994,0.7493941501998169,0.11661605711128184,0.3617538278233946,0.5722299579363886,0.24197180551718234,0.5177922958980691,0.17071790042695925,0.19504513480298624,1.0,0.1481018817814226,-0.02529376744007726,0.32266661028566723,0.6673035959276102,0.3322513405381344,-0.044550063309018915,0.1317828628635034,0.5070971067919869,-0.0238029025636955,0.5068972052080659,0.32515720475040144,0.45291695177063984,0.48586232583633526,0.34227987121472275,0.13378972728140168,-0.17187256007001733,0.22354673251749277,0.09701388853484436
Peptoniphilaceae (f),0.5831616966927321,-0.17881283397427583,0.6769497242294505,0.6374672715204717,0.5971909060381035,0.6270398156968321,0.39833529163688214,0.9118129050562971,0.9842789400156217,0.6083106324969954,0.9364015810037136,0.517529822564372,0.12151627565023508,0.019406888762633055,0.9733743226678391,0.4297581140232726,0.5196181204695607,0.7475707098042519,0.44399935253279377,0.9035978970412301,0.7158461881972195,0.6467347786956169,0.5230993909687311,0.29834021112997405,0.26965050601922347,0.27262555589304427,0.7477152647652971,0.9556072809312535,0.9763768552286515,0.9605004654064314,0.42993168088926387,0.4624260842103327,0.4105193178185699,0.6515804208148764,0.3309244980296502,0.6559415652675262,0.9170053483634145,0.9681385942943429,0.14810188178142258,0.9999999999999999,0.9835303085799384,0.8093641161795506,0.33615963968439033,0.8577302504889998,0.8140383174341168,0.9947790406633459,0.6928081716397236,0.9804387043641182,0.503426776104555,0.907050233868973,0.9098372772657324,0.8177737801791536,0.9730581554068274,0.9649017654135434,0.8922970536549271,0.9100821428918994,0.7952250213061921
Planococcaceae (f),0.44125679067598994,-0.28340804521861857,0.6262497797002519,0.5503048832628348,0.5035507219042445,0.5070714382488891,0.2632934604486691,0.837713759539917,0.9779925281366204,0.5942951452469551,0.9049867099228739,0.43095487738331206,-0.04155561615350772,-0.04182611728049032,0.9846157919811219,0.3882307778128817,0.4689201741788055,0.6584486331656667,0.325119566149416,0.9560140637099137,0.762010578785605,0.5226468327142186,0.42066266489022885,0.13599121780800405,0.22697150174758043,0.1479083156148994,0.7147486100694128,0.9680168771363331,0.9693164860570076,0.9779524923367793,0.3056555755775897,0.4299126901157522,0.3521492027075224,0.5355014003643772,0.28424338771141516,0.5931148237499375,0.9001509008886827,0.955608704050753,-0.02529376744007729,0.9835303085799385,1.0000000000000002,0.7889526975294749,0.2322163816573675,0.8104231093969895,0.8120248647030506,0.9863794161253169,0.6322309778920797,0.9928889759093615,0.42383666187226204,0.8539827048508938,0.8523304679933497,0.75049954681501,0.9247242994682441,0.9592600634025761,0.927629548678179,0.8905032070507599,0.8013342959082398
Putrescine transport system,0.6122528115578677,0.24429672935168037,0.9038308177646234,0.8206321374051044,0.7583240925450087,0.5119415154767781,0.684174443426915,0.8958794459676809,0.7970921673005698,0.16733084926640382,0.82481025481915,0.09069990714889459,-0.11354478587470823,0.15042694143386087,0.8257942144333269,0.7598131530696616,0.911144200967753,0.678479461597358,0.5042372444222739,0.6241825149830067,0.4991127688993416,0.2944932015727973,0.10611702962946301,0.04721038174063469,0.5704063915000759,0.4013383839391221,0.9873338713697668,0.9134540333217355,0.8715195844861158,0.7617788813995958,0.5857413858230243,0.23832889407222496,0.48178354138356294,0.37532547516164155,0.3399322278757931,0.893119374177105,0.8399182220100769,0.9130861480449437,0.3226666102856672,0.8093641161795506,0.7889526975294749,1.0000000000000002,0.4160848564993142,0.8197420167375146,0.39365405678064597,0.8568241907623133,0.9151285281929181,0.7374743750844924,0.45247746623436796,0.6819229516097408,0.9457024854367616,0.8862906215156087,0.8398629210432391,0.8915502842370783,0.5887997698571367,0.9075311849548778,0.7732215449466847
R0 polymerase archaea,0.4152458610831452,0.04410886880263202,0.19168531238186085,0.24142209830411984,0.7300910922695598,0.8779186336336627,0.7188409170863639,0.5206817830883206,0.2730340238775609,0.5185229299582036,0.6236173006572777,0.6155623749043038,0.3513835078213002,-0.4454876410175942,0.1457949200858566,-0.013904287356772417,0.4922151258651214,0.13239880086791084,0.9839093806864727,0.1723170490710495,0.4924964607974255,0.4872605330658647,0.2261019843754732,0.5074275116191386,-0.21376352311044441,0.9845704421961168,0.5310614995673429,0.30312763063306203,0.21617218806757682,0.06570824644540989,0.1939403721633088,0.00402155691475572,-0.10995389174527208,0.5853943231322828,-0.4143488797073975,0.23781004667583386,0.08027080223902935,0.4458276012863012,0.6673035959276102,0.33615963968439033,0.23221638165736755,0.4160848564993142,1.0000000000000002,0.10840756988300758,0.41447017844850653,0.3351697802079824,0.2677190314984321,0.2850851274948306,0.961757745450168,0.6565451270720088,0.49367173372475415,0.26684282766576695,0.5318597286816164,0.20855487939370496,0.3190824878100021,0.1623811245547646,0.448914800329404
RNF complex,0.8021717503857355,0.28832823545539177,0.904970430827942,0.9046353583643497,0.576752028456242,0.4399767600650681,0.5409093227978495,0.9013078356970045,0.8520771458086673,0.16698727380558656,0.7010578096361543,0.20995788452765804,0.23373565188691584,0.5204222204580242,0.8900432517046598,0.7826143930372389,0.6434383235325107,0.9571371424146777,0.2673718271466264,0.6133000220413218,0.26629068520282867,0.5715369170014233,0.49348482063128474,0.3285671491803517,0.7082441387724002,0.12904500523442142,0.7438096094743587,0.8328846488641929,0.9245176457955976,0.8778713235954214,0.7845809405386257,0.47688364771751957,0.7190275715029774,0.5399236434023397,0.7436543937639483,0.8924106531911529,0.9798061256177947,0.8222431460990279,0.3322513405381343,0.8577302504889998,0.8104231093969895,0.8197420167375148,0.10840756988300758,1.0000000000000002,0.43761242569215647,0.8601720875843872,0.9017370438511889,0.759689732834612,0.18020807055643873,0.6436466153527721,0.8994618100681956,0.9744275620614061,0.829279202077416,0.9298814562285074,0.5464422453975645,0.9723370936221437,0.5957411393406659
Rhabditida ( g),0.23535949135880932,-0.6352611775118802,0.13417907610181226,0.12087371038794993,0.3515173549929507,0.656121742800786,0.06264568716644525,0.602948238366798,0.78850290403663,0.9489909295962654,0.8252377697304158,0.8203399447462597,0.18902324538791151,-0.4324547168688925,0.7117414810304076,-0.17174976729770736,0.04909093385152314,0.3560032702831695,0.45427228581849566,0.8812044555782462,0.876452989822927,0.6900996420390356,0.596410330614869,0.36981201025589666,-0.32381619955775737,0.2956605077935869,0.353129456726374,0.6830458268368286,0.6778854797767263,0.7241725770144642,-0.04008477512746317,0.38932508127300236,-0.012465607457304267,0.6823235014776896,-0.1241258271981952,0.11703438780537592,0.5395046834308277,0.7310348765604857,-0.04455006330901889,0.8140383174341168,0.8120248647030506,0.3936540567806461,0.41447017844850653,0.4376124256921565,1.0,0.7745248051122884,0.16767743871430885,0.8754897741396889,0.6413876250015276,0.8984734907303641,0.5669375645126487,0.36305173201101,0.7910762767628934,0.6411104105352587,0.9426735722190657,0.5019087131764768,0.6460058050694301
Savagea sp009740415 (s),0.562841967032388,-0.1509482253688908,0.7148556307043916,0.6569970556942999,0.6154808162036624,0.5975676315103677,0.4176225545617131,0.9150171677250463,0.9816677665912302,0.5578531093158992,0.9399700196071061,0.4455297058425447,0.04221697425035435,0.016201888879044793,0.9805801467734814,0.47775489138372296,0.5816926687165557,0.7298410783893924,0.437964670352456,0.9020226379331149,0.7204659750375706,0.576391514481412,0.4437517724210313,0.2229314376561229,0.30670028785278114,0.27085709107348377,0.7983800906196986,0.9803791064453671,0.9852288996664269,0.9606957751705725,0.4280998646112437,0.4300962531707704,0.4125334287096964,0.5963979231301264,0.32189420431185334,0.6916172373739751,0.9241218110202836,0.9850616834330121,0.13178286286350344,0.9947790406633459,0.9863794161253169,0.8568241907623133,0.3351697802079823,0.8601720875843872,0.7745248051122884,0.9999058988509429,0.7281688893814764,0.9751769379570037,0.49391941224860003,0.8862978611803674,0.9256970857753162,0.8308673655501215,0.9680854206050555,0.9786048795354928,0.8830421456035948,0.9283581601505919,0.8185835315505698
Taurine transport system,0.8094753882264857,0.5553361792819878,0.9967465740086477,0.9778220656925591,0.716990286451339,0.431647337846187,0.7696514577483485,0.8726124123757948,0.6820544040704644,-0.07941830068354994,0.6335676487910947,-0.011802698582826933,0.11689410681038788,0.5199137160538096,0.7268821926442273,0.9300996471488306,0.8973136782289589,0.8503627042704609,0.39966786887937317,0.3870107465560622,0.14637006546675949,0.3569113888103422,0.21393422251990662,0.20877601065443036,0.8228068588967271,0.31927061040023397,0.8915100576734953,0.7597027436941034,0.7956673529222537,0.6734308024725698,0.8506815501178491,0.2923320414045936,0.6960943933500485,0.386779456099986,0.6448635625890342,0.9983667011781816,0.8511304054899166,0.7596449592232515,0.5070971067919869,0.6928081716397236,0.6322309778920797,0.9151285281929181,0.2677190314984321,0.9017370438511888,0.1676774387143088,0.7281688893814766,1.0,0.5606327522259472,0.24076971519832796,0.5136919136962722,0.8997096432801139,0.966787815729079,0.7287113037973336,0.8200686469354189,0.3279882782794895,0.9017107858259015,0.5731634686633196
Tissierellales (o),0.4159001899725655,-0.3606586857791646,0.5482969580948326,0.4827042597832202,0.4949939418729741,0.5589852398020704,0.2381363133521707,0.8194904948533721,0.9701947145331584,0.6857313481825861,0.920753566419351,0.5250460300256174,0.004566940700200476,-0.1257728742073232,0.9593356192706408,0.28823704690525903,0.40468446699000094,0.617165372356922,0.36965583593742396,0.9696248292632522,0.8114128308930573,0.5736297585041692,0.46759843890059094,0.1894191876417498,0.12198274928929995,0.19130921951066893,0.6691531511124604,0.9419143494197545,0.9406256531832607,0.9553155479921424,0.2468250872621477,0.43297355269695803,0.28797789054791134,0.5841288229615437,0.20606770796112311,0.5178187915870008,0.8542497779381324,0.9424285133333725,-0.02380290256369547,0.9804387043641182,0.9928889759093615,0.7374743750844925,0.28508512749483056,0.7596897328346122,0.8754897741396889,0.9751769379570037,0.5606327522259472,1.0,0.48855389904933855,0.8928092796158311,0.8244851695414941,0.6970167658508712,0.9290877997596924,0.9250005265083286,0.9596612855094178,0.8398682165071543,0.797905707422926
Trehalose transport system,0.36455222625239503,-0.18730553120284632,0.16747112017300214,0.19485096825961734,0.697731419154659,0.9099213828165679,0.591252636388774,0.584247772939852,0.4441207404579494,0.7209701231926521,0.7586727389131095,0.7432667002701574,0.3017404414121913,-0.5511315174456126,0.3150385790138611,-0.09550115066795635,0.41431367358250043,0.16445110508602498,0.9499077574709693,0.40830682377812627,0.6955382675150787,0.5707562668257552,0.32310565507891764,0.48915776292253826,-0.3139208397059265,0.9062686010509676,0.5396727869770449,0.4472475520901246,0.3601180310754739,0.2504968798997518,0.09682762581107338,0.09245353673071365,-0.1385612280077145,0.6585530299368615,-0.43548418701080227,0.1992951950557675,0.1957801207931931,0.5784291358745547,0.5068972052080659,0.503426776104555,0.4238366618722621,0.45247746623436796,0.961757745450168,0.1802080705564386,0.6413876250015275,0.49391941224860003,0.24076971519832788,0.48855389904933844,0.9999999999999999,0.8026886580844542,0.5558774899941222,0.29208716972295623,0.658941262707476,0.3431823772621061,0.5510672260021827,0.2565597318874683,0.5687680788077119
Trichosporonaceae ( fs),0.5601369984607603,-0.26666582528608146,0.4671107783237599,0.4720097467636006,0.6817649456459366,0.8625869958754452,0.4896114731937076,0.8630765664236846,0.8671025036064008,0.8115618671546496,0.9693264937237586,0.7771367939462418,0.3008086650418016,-0.2535475301111355,0.7890187357885529,0.16659913539202956,0.44450615700500323,0.5826120128999629,0.7269340051834771,0.8066820626141905,0.8065485671214928,0.7725193276948829,0.5906222918226045,0.501425561259843,-0.02769506205224088,0.5851031666501438,0.674827063530979,0.8150400319489769,0.8062744636758661,0.7611159923637035,0.31001581091112623,0.39025081245289,0.1942295055370111,0.7974610666525848,0.019419109564717717,0.46875463166044345,0.6899966519430762,0.8909864266932082,0.3251572047504014,0.907050233868973,0.8539827048508936,0.6819229516097408,0.656545127072009,0.6436466153527721,0.8984734907303641,0.8862978611803674,0.5136919136962722,0.8928092796158311,0.8026886580844543,1.0000000000000002,0.8341042968432244,0.6507686560070748,0.9554669135300818,0.7841993589236861,0.8734991932075276,0.6978498702359608,0.765913044288519
Type I signiture cas proteins,0.772520899967206,0.1979181239487913,0.8757999377385032,0.8542311187085823,0.7980941800484339,0.6945647576622326,0.7225441537703047,0.9913806603848374,0.8847534747351766,0.3597818519087198,0.9046480032445264,0.3642911258049231,0.17825857018162178,0.18234535821224732,0.8781596413243495,0.6803021433104985,0.8077585282527004,0.8211932696519895,0.609725692881609,0.6783461455632416,0.5267300306519133,0.5879366407251672,0.4037412940571369,0.3429755373859717,0.5071441994798465,0.4844138524243202,0.9254808972567724,0.9176418143488521,0.9275648747344009,0.8290047066989392,0.6756162722363405,0.3745637494565225,0.5310248891351321,0.6256598198062597,0.40600938283259685,0.8747036555440517,0.8990917122223198,0.9504911185149827,0.45291695177063984,0.9098372772657324,0.8523304679933497,0.9457024854367616,0.4936717337247542,0.8994618100681958,0.5669375645126487,0.9256970857753162,0.899709643280114,0.8244851695414941,0.5558774899941225,0.8341042968432244,0.9999999999999998,0.9433371444335236,0.9518130892066827,0.9329912046036732,0.6707255175554007,0.9377181623792811,0.7723462247101606
Tyrosine biosynthesis prephanate to pretyrosine to tyrosine,0.8626085761620246,0.41521254418555414,0.9595975840860892,0.9641323424653949,0.7021509887130678,0.5266202015073271,0.7088529326565377,0.93989373231802,0.8031846028717139,0.11377092382172305,0.7242718460847845,0.18951688969614863,0.2506882646727797,0.4971336964473035,0.8300211364396501,0.8418815549605825,0.7842431671303147,0.9398555850943068,0.4165728415743857,0.5237621413109833,0.24512788613454456,0.5502059991060503,0.4234586166887706,0.35526302741068067,0.7407499954514848,0.3026786141634129,0.8422961215321324,0.819119920011669,0.8867617086331597,0.7947749649577064,0.8470291825451348,0.4108062864824754,0.7102911008574542,0.5478175526246212,0.6803577644778924,0.9587310775423744,0.9337744295658684,0.8289123026483879,0.48586232583633515,0.8177737801791536,0.7504995468150099,0.8862906215156087,0.26684282766576695,0.9744275620614061,0.36305173201100993,0.8308673655501215,0.9667878157290788,0.6970167658508712,0.29208716972295623,0.6507686560070748,0.9433371444335236,1.0,0.8359382958021114,0.8984650001170325,0.4752044454705622,0.9552799938583469,0.6152626303935457
Universal Cas proteins,0.6764299427412779,-0.0778743055029498,0.697066122842753,0.682922090853606,0.7287624957474845,0.773403260848679,0.5718409455759089,0.9622071054864222,0.9434697981500886,0.6227177121568789,0.9750818246016302,0.5902895424481589,0.23054208646943367,-0.01815548540726914,0.9067844221730873,0.43774169787919326,0.6139125455398549,0.7490347425421123,0.634313554911661,0.8179028678201009,0.705522656430863,0.7111738450225938,0.5386041599392348,0.41829008447655397,0.25503161877031005,0.4839456462590754,0.8116007368267575,0.923717088287541,0.9330022418781712,0.8749158015636397,0.4989308745817798,0.4265811224204466,0.39316937793852136,0.7337500025857615,0.2588994814572637,0.6918247552727662,0.8621372472618407,0.9699026292240148,0.3422798712147226,0.9730581554068274,0.924724299468244,0.8398629210432389,0.5318597286816164,0.829279202077416,0.7910762767628933,0.9680854206050554,0.7287113037973336,0.9290877997596921,0.658941262707476,0.9554669135300818,0.9518130892066826,0.8359382958021114,1.0000000000000002,0.9227497695511562,0.8382652711149825,0.8761222322840849,0.8044400596919893
Vagococcus A lutrae (s),0.6080472360752285,-0.005876230280187509,0.8188301555095847,0.7559343851778072,0.5918977273202581,0.4855396224730691,0.43573929865546857,0.9125185094448198,0.960315758816795,0.38280440322268167,0.8648504150654395,0.28597127507830483,0.005439807335579935,0.19504406097535215,0.9885152434123425,0.6299077174176786,0.6420676495655444,0.8007632979981706,0.3287368600484097,0.8386832526321814,0.5834443856479089,0.5008592656960983,0.38998945968471166,0.16012462448812004,0.48541041588296086,0.16721159370352287,0.820158510310037,0.9755872976500144,0.9985333590221643,0.9697295246922802,0.5347617906538507,0.4322483020248513,0.5290907124845855,0.5126670566939482,0.48112862647912014,0.7925416370950431,0.9776487869582517,0.9587496722645987,0.13378972728140157,0.9649017654135434,0.959260063402576,0.8915502842370782,0.20855487939370487,0.9298814562285074,0.6411104105352587,0.9786048795354928,0.8200686469354189,0.9250005265083286,0.343182377262106,0.7841993589236861,0.932991204603673,0.8984650001170325,0.9227497695511562,1.0,0.7874863258903185,0.9824881272429034,0.7733822827159488
Wohlfahrtiimonadaceae (f),0.19229051112630446,-0.591647148202485,0.3104595494653205,0.22876753050517235,0.3852191396833053,0.5328064449387444,0.07022094976869947,0.6652430905756631,0.8812567092272896,0.8164458850442513,0.8813959118636193,0.5942511972771655,-0.08394699348270751,-0.38458378651067543,0.8497335018002689,0.027473971991961645,0.23457145519366887,0.3843886055888764,0.3601987828514744,0.9831469232501454,0.9277189904809534,0.5011596325639858,0.3998981241123811,0.11227161470592745,-0.15260094049952372,0.18975114709594854,0.5330326951714933,0.8493023996864794,0.8105515512605546,0.8508552948193753,-0.0198990144900243,0.35619675831669545,0.06097830320504788,0.526041917254493,-0.05308640135131275,0.2769324328004476,0.6760934892479321,0.8554853397814126,-0.17187256007001728,0.8922970536549271,0.927629548678179,0.5887997698571367,0.3190824878100022,0.5464422453975645,0.9426735722190657,0.8830421456035948,0.3279882782794895,0.9596612855094178,0.5510672260021827,0.8734991932075276,0.6707255175554007,0.47520444547056223,0.8382652711149825,0.7874863258903184,1.0,0.6591751346809753,0.7661374873372243
Wohlfahrtiimonas chitiniclastica (s),0.6919702930662548,0.17313315879263774,0.9048843479166343,0.8558365598857682,0.6085116622937394,0.439370281874132,0.5144730907039015,0.9161668215431604,0.9071870969223479,0.2259888342663162,0.7909179721121393,0.1796348105771895,0.04557324440180348,0.3571772649072585,0.9495906036714138,0.7583676551047366,0.7096677517521177,0.8670570031805557,0.29780280085092375,0.7254511565937788,0.43007577576948325,0.4715724386268628,0.36674570956351615,0.17483036802563964,0.6373410567998251,0.15184337757082614,0.8373642198004339,0.9322663523584219,0.9742242415560484,0.9267099811176691,0.6642164338233455,0.42457369771677256,0.6299578382406227,0.47677199700946715,0.6064199379981635,0.8835761091071189,0.9898962452438336,0.9115063692985059,0.22354673251749277,0.9100821428918994,0.8905032070507599,0.907531184954878,0.16238112455476467,0.9723370936221437,0.5019087131764769,0.928358160150592,0.9017107858259016,0.8398682165071543,0.2565597318874683,0.6978498702359608,0.9377181623792811,0.9552799938583469,0.876122232284085,0.9824881272429034,0.6591751346809753,0.9999999999999999,0.7107652537212366
Yarrowia ( g),0.3525895692030136,-0.18579854735856832,0.5525322842462984,0.4665444004041736,0.5905681901356523,0.5471571424654714,0.39885779635981444,0.741391608682708,0.7794495405127945,0.5011361855823064,0.8433941160446293,0.34684482705105385,-0.12452066886881306,-0.21104524086279808,0.7668891931453959,0.33650986778388153,0.5824928588680928,0.4415392852653791,0.49416432912493685,0.7586559249296762,0.7349280263140889,0.35541345826955967,0.1901444107874607,0.06080509502469695,0.13573893665714415,0.3730408582690011,0.7585205986953978,0.8384648753870311,0.7739854238945153,0.7261340893565882,0.2226803672978063,0.23636636208101525,0.19125215736237514,0.42718386022985133,0.027820109228525357,0.5349151605422403,0.6721497151376024,0.8521242056592132,0.09701388853484436,0.7952250213061921,0.8013342959082398,0.7732215449466847,0.44891480032940406,0.5957411393406659,0.6460058050694301,0.8185835315505697,0.5731634686633196,0.797905707422926,0.5687680788077119,0.765913044288519,0.7723462247101606,0.6152626303935457,0.8044400596919893,0.7733822827159486,0.7661374873372243,0.7107652537212366,0.762964775756113
