axis1,0DH dehydrogenase ubiquinone 1 alpha subcomplex,0DH dehydrogenase ubiquinone 1 beta subcomplex,1-hydroxy-2-unsubstituted benzenoids,70-9 (f),Acetoin utilization transport system,Actinoplanes (g),Agaricomycetes ( cs),Allovahlkampfia ( g),Alteraurantiacibacter (g),Animalia ( k),Anisoles,Archangium (g),Aspergillus ( g),Cationic peptide transport system,Cercomonadidae ( g),Chrysophyceae ( cs),D0 polymerase alpha / primase complex,Diarylheptanoids,Dicarboxylic acids and derivatives,Dinophyceae ( cs),Dipeptides,F420 biosynthesis,Fatty acid esters,Fatty acids and conjugates,Flamella ( g),Flavobacterium (g),Fungi ( k),GMQP-bins7 (g),Glycosphingolipids,Hydroxy acids and derivatives,JACDBZ01 (g),Knoellia (g),Korotnevella ( g),Lentzea (g),Lineolic acids and derivatives,Long-chain fatty acids,Monocystis ( g),Monosiga ( g),Multidrug/hemolysin transport system,Nocardioides (g),Oligogalacturonide transport system,PTS system N-acetylgalactosamine-specific II component,PTS system fructoselysine/glucoselysine-specific II component,PTS system galactitol-specific II component,PTS system sucrose-specific II component,Peptides,Polyethylene glycols,Pseudonocardia (g),Pucciniomycotina ( ps),Putative lysine transport system,R0 polymerase I eukaryotes,R0 polymerase II eukaryotes,Rhogostoma ( g),Salpingoeca ( g),Secondary alcohols,Sphingomicrobium (g),Steroids and steroid derivatives,Subtype III-U factors,TMAO,Triacylglycerols,Tubulinea ( g),Tylenchida ( g),Uncharacterized ABC transport system,Vitamin B12 transport system,uncultured ( g)
0DH dehydrogenase ubiquinone 1 alpha subcomplex,1.0000000000000002,0.7462575461049251,-0.5061774262546904,0.1680322357124897,0.41445016654180106,0.5538663280107784,0.7042088973808369,0.17011026289539974,0.5299827799467303,0.4504686850802364,-0.440266729076264,0.6917798985852237,0.31186048909887704,0.9336753159485869,0.423750363062074,0.15978677837626698,0.8276218515679157,-0.8899961155209922,-0.12457510870230207,0.5384181712178195,-0.8901037451074011,0.8630305414376218,0.021664153213090283,-0.0863325644698194,0.16570807174191265,0.4538386665691565,0.5618499370459151,0.3161539976117651,-0.5397761575915517,-0.4593598947300429,0.6340730764721411,0.5408767451520655,0.5801996423949619,0.4913010538750727,0.04762981932682567,0.04629788442164136,-0.039399349996917445,0.004618906822370585,0.8130592908762876,0.504818567496008,0.5937057610361309,0.5751737802547683,0.5584270412025109,0.9306689460685407,0.6507734880532354,0.17635002679624914,0.16441326848574814,0.45906579508435374,0.14341143930573017,0.5211544256715185,0.7504425922724579,0.6694675830448042,-0.17968229860600707,0.27327053465672196,-0.27513799738369854,0.4797911754966497,-0.1774438816063793,0.6984638054451136,0.2736169854841529,0.1617575056685345,0.3015208132799853,0.46497940650851655,0.21655659711147537,0.6500874367807419,0.4758488926944151
0DH dehydrogenase ubiquinone 1 beta subcomplex,0.7462575461049251,0.9999999999999999,-0.16606803696243516,0.34413959338085626,0.8889215098422711,0.4425438983070588,0.10656352044890498,0.7576514270111774,0.29042154305349066,0.5120741093119157,0.24392249664252563,0.3723869440816829,-0.07494736866705742,0.6963112620702394,-0.28646320377175083,0.10228255717369693,0.30825204949415663,-0.7369233878554121,-0.7427415294619127,-0.055430171657205325,-0.7063061180488173,0.9250464954624039,0.31084644811059803,-0.7027586161190066,0.7659691711565231,0.7642843074400145,-0.10066059226593947,0.36427349020801164,-0.9618883268367044,-0.8621193028015107,0.3334178316568268,0.23326561988711336,-0.04801657354017842,0.2662758404962855,-0.299589709255814,-0.45286334326958966,0.5205289836537701,0.6235257687787746,0.22731778159189092,0.14055428793984656,0.7354167242012278,0.8059461486954337,0.9039239194279585,0.8046754259193057,0.9711658367037024,-0.500286562442645,-0.5049005390683198,0.46020644600482413,0.7005831950055101,0.9522706220132197,0.13044015865252848,0.4476373765224912,0.5157097429615395,-0.42112030171986464,-0.5771983139545923,0.2131065576365005,-0.6328684582478318,0.2903913779507105,0.7383872749575202,-0.5102421236254636,0.34815785331711596,0.41010622875078834,0.7519736654541176,0.728669888612412,0.22205830219473605
1-hydroxy-2-unsubstituted benzenoids,-0.5061774262546904,-0.1660680369624352,1.0,0.6226100045534961,0.23829518445431935,-0.09873410844054926,-0.7814522976434259,0.07022443751398526,-0.4240646573480534,-0.05937503809552349,0.5927736984591756,-0.5168662700181562,-0.597948880838158,-0.5093422222128711,-0.4817998065499034,0.6877354365834406,-0.3622531248352425,0.735703092085967,-0.17701948346512833,-0.16494876151928564,0.0707414351141881,-0.11206101814286104,-0.5826023573598796,-0.0483436999338833,0.06062596281700409,0.3958777246588413,-0.6715187853644121,0.6346156781145734,-0.017743551093174915,-0.008373933805000126,-0.5529544881269854,-0.33798715221157616,-0.7916066690415048,-0.0977744250109782,-0.658182991313011,-0.45867195514750764,0.7330351691255111,0.49931649155681446,-0.49827542594475677,-0.09708372614166122,0.34968368354202284,-0.01207315423288708,0.23310587136969763,-0.15740880616450995,-0.008811254161930867,-0.48419560006194473,-0.4356969262429982,0.06841258028727805,-0.0931721522119104,0.046800004516018845,-0.4930654208266386,-0.3030935078587577,0.49883764817220705,-0.27272528238437266,0.20965459325203128,-0.45459501188616924,-0.6493806401902363,-0.4029005666564654,0.5295301614315742,-0.4928029345283506,-0.24124314436396363,0.44294416018875854,0.46932963094570457,-0.1744049480960832,0.2637335338835655
70-9 (f),0.1680322357124897,0.3441395933808563,0.6226100045534961,0.8623946413371595,0.4539684665766695,-0.037236308209328654,-0.23106960156804707,0.12325273337220302,-0.3910922834532572,0.5805146312153487,0.2078589493640267,-0.3180331121114185,-0.67276105825107,-0.019729503321290923,-0.2054248560499713,0.8224054464638433,0.25200699594252374,0.19143829646455368,-0.21381057981119278,0.2787651540659416,-0.527459459174701,0.40532664431222276,-0.47242853600710727,-0.14958233533086537,0.20117253246791555,0.6882315529447993,-0.20832086468815705,0.8693555152962488,-0.3697483141483023,-0.49667917917663185,-0.4036434764809397,-0.2975456389461465,-0.4601759408323023,-0.10891413262260743,-0.8536453132480873,-0.6221239158277923,0.6807246156908383,0.39648116321745436,0.033771324069309216,-0.06143180451618017,0.8118483747831564,0.6067275149991582,0.6667344746823031,0.4640684579825375,0.5041077619084184,-0.27642916251094146,-0.21864864028835834,0.03851039941997733,0.11210032481763482,0.36566980401765453,0.03429143573046067,0.43772410095971565,0.3808347497472323,-0.12485823335109147,0.29050540095942606,-0.4572052509340611,-0.7937456303211194,0.309190913633398,0.6467012991852662,-0.29260931626023196,-0.03668766306437252,0.856845690974548,0.6750405582670918,0.5311918647522111,0.35507633772894276
Acetoin utilization transport system,0.41445016654180106,0.8889215098422711,0.23829518445431935,0.45396846657666956,1.0000000000000002,0.43034812977793846,-0.34281541679496375,0.8884156699552378,0.18254741987018291,0.3071862752657074,0.6277333402667189,0.17832194524143377,-0.23491573329545448,0.43211894494045483,-0.6079014417108061,0.2216748288989957,-0.03602324627819718,-0.40871011323396744,-0.9070543996584124,-0.33030681846582,-0.5121200851122242,0.7983776936289585,0.1863207654720737,-0.8063868240533146,0.8623107010272766,0.8551661656289093,-0.5171114548625964,0.46903543097308414,-0.9689854229552038,-0.8014989482356146,0.147630630193169,0.13096332683411877,-0.4334122839285016,0.2535524692223338,-0.44679744604865196,-0.5945216360849914,0.8256965594354597,0.908077112517655,-0.1325357395343616,0.08349457214092174,0.7299172865700564,0.6673735578537568,0.9180916472283598,0.5961130832069702,0.9004073105996688,-0.8146957328359452,-0.810970420705172,0.5366329174969032,0.7234965376575483,0.9791875936871408,-0.23966341958474846,0.1108681446626721,0.8020054080722041,-0.65429551696774,-0.6466631951188795,0.10109372507991754,-0.8428834684642816,-0.09331183720504865,0.9418688408090923,-0.8243847467855865,0.2505916287251691,0.3935673745588861,0.9143725678413237,0.49447302547714056,0.24962614886394882
Actinoplanes (g),0.5538663280107783,0.44254389830705876,-0.09873410844054928,-0.037236308209328654,0.43034812977793846,0.9225159767971791,0.17454379564905426,0.25016635577460444,0.8802343556408168,-0.3557621796724014,-0.008654693477572722,0.8600835178399325,0.6386724559611288,0.775770629116778,0.1973806731354861,0.14857712115149946,0.35210971755223763,-0.5588292033279346,-0.21029881040557635,0.14922036397998736,-0.5527768105788805,0.6542837494839834,-0.2432704245238477,0.0029188748705419204,0.07556497161828075,0.37915953217434006,0.0818755042272846,0.2529605824260314,-0.3786230738825468,0.03377522747937488,0.8388032158148733,0.8975525680686464,0.34904064816064095,0.937408725128262,0.3549742250092985,0.31685702273377986,0.14485608990086374,0.29183580176419033,0.4580057581194932,0.8712374581421354,0.31411471914972533,-0.066836573617486,0.2892912433087297,0.5751762558489926,0.279976142144298,-0.14422381730114026,-0.17727173276082472,0.941516176924381,-0.11252966780468455,0.41010596447183184,0.3473217682089424,-0.17166168119100644,-0.028900605542341223,0.18374547647259293,-0.6548182261294382,0.8465489807971771,-0.17215383136964355,-0.08163573416240463,0.38969741525764295,-0.15887404946020914,0.15507556830491712,0.16803232336396406,0.10700583431048608,-0.11542889783623755,0.7661619110618259
Agaricomycetes ( cs),0.7042088973808369,0.106563520448905,-0.7814522976434259,-0.23106960156804704,-0.34281541679496363,0.17454379564905426,0.9999999999999999,-0.46031984692097533,0.36873772879368766,0.26610740554585877,-0.9241164483768431,0.5414233657127127,0.48554993783597716,0.6099216643083067,0.8617235152331201,-0.11114594614196478,0.8353481185355288,-0.637135122214609,0.5285141925761617,0.7436226148168656,-0.46954134280470594,0.2509038190222891,0.0060277326516731695,0.45981925285473796,-0.43014704214370497,-0.22820383682114997,0.9718191137123443,-0.12765919111299104,0.1651464796418649,0.09236833403089788,0.5141086528611982,0.3989060017931496,0.9278725253978096,0.2307684459120564,0.4087453071695103,0.4790223658111682,-0.7082249708318877,-0.6990710777693132,0.8964269255335496,0.362308378709746,0.0009243478460536144,0.11301364966813648,-0.13787942984547932,0.46344116792129486,-0.0010729159147035555,0.7940921589932496,0.7759340109763894,-0.013059598612662232,-0.31942577243373044,-0.19682831530295483,0.9169601332369124,0.6251219574967942,-0.7755649850002828,0.7190140033106085,0.19405719763464688,0.38254565894765163,0.502905790920837,0.7951480054797687,-0.4784374353124923,0.7892152394986356,0.14331212655066322,0.10054263054345727,-0.4802775829146484,0.3277955747466006,0.17979989259029272
Allovahlkampfia ( g),0.17011026289539974,0.7576514270111774,0.07022443751398522,0.12325273337220302,0.8884156699552376,0.2501663557746045,-0.46031984692097533,0.9999999999999998,0.1302195563679325,0.13737282458314207,0.7641989955180314,0.07168013443194789,-0.16856918869071658,0.23801687818689568,-0.7912166196908392,-0.20991166054631832,-0.3828459413058062,-0.3657215883819941,-0.993121346443805,-0.6871881851688973,-0.12031094423069184,0.5326491522856202,0.5601045795366674,-0.9613509352608591,0.9747322093762648,0.5849665539304107,-0.655615381287772,0.03850220726609088,-0.8919778596319244,-0.7333853223867695,0.09032535729241381,0.007062399061997255,-0.49093186421809076,0.06138154982913451,-0.23539099125503968,-0.5398407087771172,0.6779248400437083,0.889062114378413,-0.4209520641879483,-0.16827632896683636,0.357349615303901,0.49529284280515834,0.6909951642251998,0.25204978115329435,0.745592965164831,-0.8954029567913878,-0.9103819418711917,0.3547023747692879,0.8973561841309458,0.900791162772818,-0.5216454542609292,-0.1218519247319208,0.8729932682030295,-0.872027180049985,-0.77692137243869,0.07496816663959945,-0.6057934577819272,-0.3487450429609227,0.7392186192753322,-0.8934721149436203,0.26475201494794953,-0.04740987698641027,0.7756650168713641,0.31470960142052656,-0.1396438902439879
Alteraurantiacibacter (g),0.5299827799467303,0.29042154305349055,-0.4240646573480534,-0.39109228345325725,0.18254741987018294,0.8802343556408168,0.36873772879368766,0.13021955636793253,1.0,-0.5130774355541505,-0.1972195432348143,0.9747109605231953,0.8995421854854003,0.7931738266229292,0.3609049965211376,-0.19303807933707384,0.3266959575546798,-0.664527202637479,-0.05075334869001809,0.11804967869739477,-0.36251560362784907,0.4771631695627124,-0.03814740630481447,0.11127274512713033,-0.05550027891181429,0.05883034657249838,0.2708052467031666,-0.11623378203463132,-0.18939838993596442,0.22782026732023447,0.9846701380447395,0.9831658064550416,0.6065798656144984,0.9271098402375515,0.699462634080413,0.5832541316561607,-0.2112300521052446,0.03389035803348181,0.5141136537281935,0.8634972869785172,-0.020744940861541078,-0.2759791407371683,-0.0033463165618950663,0.40715749031345316,0.06742432979942549,0.06688987174975532,0.012305651393474558,0.8460807490388315,-0.18014242815742104,0.21586082806697812,0.4147439068685791,-0.2473959497895377,-0.26279323707742874,0.2996100833156287,-0.6896311123885929,0.9958529967821997,0.20445354522344902,-0.09630352134478724,0.05424564741266063,0.05908558596193633,0.17489594910855297,-0.16134993045765209,-0.2149449195534803,-0.2660115974588246,0.5860885366184574
Animalia ( k),0.4504686850802364,0.5120741093119157,-0.05937503809552346,0.5805146312153487,0.3071862752657074,-0.3557621796724014,0.2661074055458587,0.137372824583142,-0.5130774355541505,1.0000000000000002,-0.15145225521306183,-0.33219933181679895,-0.6509146677941233,0.11501473301181457,-0.04235490505296697,0.3260271339499064,0.4329562958986597,-0.22564747336889357,-0.1739067101805948,0.33246234814287995,-0.50630920323532,0.4043229949746776,0.132527531096571,-0.30606576228234256,0.3264448440064429,0.44069830391852904,0.2064319113761248,0.42656760253171166,-0.4272708513826341,-0.7714316826743658,-0.396756967784194,-0.4994957416923171,-0.10987755935797311,-0.4872670690465666,-0.7056292730916149,-0.6208790257281179,0.24539014164043382,0.056974478640519355,0.21906359754868285,-0.4318701371866839,0.6381091730334933,0.9104743559818813,0.6234111151894199,0.5148871360350877,0.6495636063388723,0.013531541539423105,0.05693979925842129,-0.40435806018863474,0.43028851423208186,0.3815098016283252,0.2513515310464975,0.9107779111693638,0.18723243800292158,-0.13791294819808803,0.36923373024731654,-0.5635053433143646,-0.4448778108669451,0.7568416159038263,0.28295926348167694,0.0077877929298946595,0.14465670267066227,0.6143432270579096,0.5159648708074304,0.9566924187965972,-0.17067996865562926
Anisoles,-0.440266729076264,0.24392249664252563,0.5927736984591756,0.2078589493640267,0.6277333402667189,-0.008654693477572733,-0.9241164483768431,0.7641989955180314,-0.19721954323481433,-0.15145225521306183,1.0,-0.3504090291499234,-0.40874563368339945,-0.3360774816700006,-0.9630267010396968,-0.018441073998041256,-0.7754611649656579,0.3021630647164079,-0.8093956946800291,-0.8404713048920696,0.29469309263197696,0.0443335619378076,0.23741931661492557,-0.7434845422366708,0.7276297094160763,0.4102795054883422,-0.9879445748175573,0.09982786959134061,-0.4993036096263535,-0.370749287944476,-0.3213559449710502,-0.2729066298621333,-0.8780250922712904,-0.12874442844189748,-0.3817334947422775,-0.5668063882915,0.7993392339029264,0.8887945038831804,-0.8315674856843365,-0.3245544135951229,0.14242444934137802,0.11656012668645788,0.38799330507753943,-0.23297795820856498,0.3130912264600987,-0.9611699940223314,-0.9555639284980538,0.17263225519935416,0.6122251681613249,0.5268292857237323,-0.8909410570764856,-0.5204578969809653,0.9339703599742338,-0.8939240442450486,-0.48608152361252827,-0.2302315018829229,-0.6164241911227534,-0.7383978316127348,0.6604411966915607,-0.9567129389083099,0.009790942798955093,-0.10531470848052993,0.67287350366369,-0.1173896828957552,-0.1863810746521659
Archangium (g),0.6917798985852238,0.372386944081683,-0.5168662700181562,-0.3180331121114185,0.17832194524143383,0.8600835178399326,0.5414233657127128,0.07168013443194785,0.9747109605231953,-0.3321993318167989,-0.35040902914992333,1.0,0.8656679547424487,0.8924744602445183,0.48301997841580474,-0.12939890849460245,0.5167681631352609,-0.7706738364677311,0.009161390897035965,0.2880979010199277,-0.5141729329148018,0.5737725366155478,-0.051860295848488704,0.14854916304479163,-0.08371778568175799,0.10202106365577304,0.435991597915069,-0.04426264904860395,-0.22108634634806973,0.13762661685943786,0.9941114780861767,0.9699579606443509,0.7145899890961033,0.8989775926251364,0.6400187802831244,0.5589493184911808,-0.2628645499788213,-0.054503100360595545,0.6784513271054049,0.8663077459242616,0.08780783098074066,-0.13117722205324864,0.07185423919024037,0.5541916031210764,0.15725487361510482,0.18332008493814692,0.13404498958469216,0.7950307557875373,-0.18342121773677234,0.23729680673396972,0.5871073044091571,-0.02753576038887534,-0.3480241434299145,0.3945773731919678,-0.5947274837708898,0.9642740906503213,0.19644629168427763,0.12749581194993137,0.03842273657489101,0.17332640028379687,0.20762764781993584,-0.03362473871188083,-0.20327837501948426,-0.08561929615281273,0.6118993680699354
Aspergillus ( g),0.31186048909887704,-0.07494736866705742,-0.597948880838158,-0.67276105825107,-0.23491573329545448,0.6386724559611288,0.48554993783597716,-0.16856918869071658,0.8995421854854003,-0.6509146677941233,-0.40874563368339945,0.8656679547424487,0.9999999999999998,0.5728716005140205,0.5383291810498108,-0.4322542435715799,0.2422469608581005,-0.5156616346402473,0.264970969217099,0.13545586230849083,-0.047956919220682355,0.09375830745805089,0.039367345293870766,0.3560212550516957,-0.3362934664902132,-0.35689729764140654,0.44275501270970014,-0.44533547315328753,0.19468042709657246,0.5304809802614522,0.9030973334711776,0.8760445214020615,0.7649154801994874,0.7442162354493096,0.9319433178973977,0.8164818381220373,-0.5868106099141772,-0.3305506885895346,0.4818449001000047,0.727196790493801,-0.41573125367023867,-0.557865782320564,-0.41756700935133084,0.0792302818968357,-0.30847235159783976,0.36253958483712073,0.3006284603611306,0.5576516263515103,-0.37850944236285905,-0.175031392017021,0.4271890438393108,-0.3304360408502194,-0.5493816318526196,0.4747270278013687,-0.47630214436593776,0.9346793319860197,0.6087071675210289,-0.11276134195052635,-0.3799042027351364,0.3625279274701085,0.09395472648104497,-0.4537913541382942,-0.6054767749113603,-0.47889600014782197,0.3401063862656939
Cationic peptide transport system,0.9336753159485869,0.6963112620702395,-0.5093422222128711,-0.019729503321290923,0.43211894494045483,0.775770629116778,0.6099216643083067,0.23801687818689568,0.7931738266229295,0.1150147330118146,-0.3360774816700006,0.8924744602445183,0.5728716005140205,1.0000000000000002,0.3936978486050249,0.03852591815228535,0.6959280164223205,-0.9170883933235209,-0.17459816119811064,0.3887242977940062,-0.7932514999809965,0.8455036753612023,0.018615271938104923,-0.07451391505426468,0.15565889048195525,0.3943960739261063,0.4582748078432005,0.1960197728708562,-0.519249499733864,-0.27796107828501837,0.8555654054176364,0.7886991419053917,0.618303888748333,0.7392147128609737,0.294905461161795,0.23218933452087717,-0.056863644195234785,0.08364869558962841,0.7579279600711339,0.7085318982206691,0.44636248920600463,0.32584413995663597,0.44554771151539185,0.8466288819648641,0.5382804153415166,0.08780915401700487,0.05683402843562664,0.7042526660957761,0.07918426073193609,0.5182313909804184,0.665769213524229,0.36064762660725613,-0.17286314019824656,0.26092771825646943,-0.5258824742431529,0.7514441616279068,-0.09459036617876196,0.4281912780169671,0.27626259600840336,0.07401665417480395,0.2984422749913641,0.2736250718853093,0.12387582226498599,0.36859124491676853,0.5829843715017448
Cercomonadidae ( g),0.423750363062074,-0.2864632037717508,-0.48179980654990334,-0.2054248560499713,-0.607901441710806,0.1973806731354861,0.8617235152331201,-0.7912166196908392,0.36090499652113756,-0.042354905052966955,-0.9630267010396968,0.4830199784158047,0.5383291810498108,0.3936978486050249,0.9999999999999999,0.11640841051529272,0.7787717330777847,-0.26716852720720013,0.8338761775947858,0.8615699917788836,-0.3316955352593923,-0.010954380372171373,-0.41400915321363785,0.8382868399507379,-0.8085479059462497,-0.3729878547978776,0.9416731256182513,-0.016456070690699345,0.5311311057302901,0.5102755163226037,0.4506959951491291,0.458341674575757,0.8908277902464647,0.3478577423403665,0.4583694406423501,0.6741455226792037,-0.750323962073166,-0.8358785954705266,0.8636166940018288,0.5410634021412899,-0.12884273965789117,-0.26323298044360016,-0.41630588444626554,0.2529888834127666,-0.3810801323585913,0.9321323461247589,0.9227220170627328,0.039188472240917364,-0.7555348756341798,-0.5444697614358873,0.9055868481619378,0.3591768496062064,-0.9568640129025294,0.9710758943930057,0.39998527339952006,0.39263570816794235,0.5890075683144699,0.6143435383490232,-0.597914517216141,0.9241632114469652,-0.044551197216089966,0.13333118726764623,-0.701043762640853,-0.05194898477381745,0.3989381193937702
Chrysophyceae ( cs),0.15978677837626695,0.10228255717369689,0.6877354365834405,0.8224054464638433,0.22167482889899567,0.14857712115149943,-0.11114594614196478,-0.20991166054631824,-0.19303807933707373,0.3260271339499064,-0.018441073998041256,-0.1293989084946025,-0.4322542435715799,0.0385259181522854,0.1164084105152927,1.0,0.42572832926016013,0.2831452477197376,0.11893693944834634,0.5481252800178307,-0.5845048002382461,0.3306343184997833,-0.8467760409076237,0.2586826120110821,-0.19027148851742146,0.5691869801451889,-0.01859748223231501,0.9621531168598337,-0.08465585404018948,-0.12436838680305455,-0.22699517223883758,-0.0363306469391598,-0.24505714289810335,0.16884259294090667,-0.6700926869063777,-0.3118868690476669,0.5137816943459603,0.1769662355363398,0.2566972952548283,0.2844536042511944,0.7421900560960326,0.3054642969652005,0.4439056269510533,0.46388066566756014,0.22620016093133755,-0.01647053493416485,0.039535577524488476,0.21170340415289626,-0.32971465224939395,0.09360960342919451,0.26342809300092235,0.3198553706100569,0.06364297160123941,0.2583884884781821,0.4046632463345041,-0.24570335618000616,-0.6358797311159878,0.31047028872911947,0.49859985041381716,-0.03812639445362908,-0.1393067753864281,0.9204259708960539,0.4029520529785448,0.26529795229859987,0.6776879924528468
D0 polymerase alpha / primase complex,0.8276218515679156,0.30825204949415663,-0.3622531248352425,0.25200699594252374,-0.03602324627819724,0.3521097175522376,0.8353481185355288,-0.3828459413058063,0.3266959575546798,0.4329562958986597,-0.7754611649656579,0.5167681631352607,0.2422469608581006,0.6959280164223204,0.7787717330777848,0.42572832926016013,1.0000000000000002,-0.5486843094364409,0.40146317801882236,0.9183472293278281,-0.8307400324526047,0.5523051137200903,-0.39275757962582136,0.43284808903469685,-0.3589909123428471,0.21534980326653685,0.8226697899735818,0.4351273576976783,-0.0550622262013444,-0.09359463310824549,0.4379259285846494,0.4243696605917387,0.6991110063525485,0.388523029231525,0.00677268869657481,0.22236999911620042,-0.2764328892271917,-0.41132312871096666,0.965934150030128,0.5379818947808841,0.490494973404166,0.35103875463198736,0.242820485228257,0.7802062466249622,0.26093325628180813,0.6004882635224975,0.6095653190216331,0.2252604731948154,-0.3554199179944489,0.03323981179509481,0.9659129911524589,0.7451214284049064,-0.5719530752019151,0.7072870642553868,0.2433521666417992,0.29969258757553,0.02155900387667385,0.873193988227752,-0.03843506651406131,0.5831003423202122,0.11215937262855971,0.6111364069984665,-0.10691322291356636,0.5026669460563105,0.5787777875832081
Diarylheptanoids,-0.8899961155209923,-0.7369233878554122,0.735703092085967,0.19143829646455374,-0.40871011323396744,-0.5588292033279346,-0.637135122214609,-0.3657215883819941,-0.6645272026374791,-0.22564747336889357,0.3021630647164079,-0.7706738364677311,-0.5156616346402473,-0.9170883933235209,-0.26716852720720013,0.28314524771973765,-0.5486843094364409,1.0,0.2821971509814788,-0.19009956272529022,0.61066141180779,-0.7467644592811715,-0.39982138292357383,0.27818612546160326,-0.32965274662793986,-0.26090843109217626,-0.44346577799337333,0.09357416425309456,0.5695753968465346,0.41638743311432125,-0.7605608246128482,-0.5982056423645364,-0.6037031137909884,-0.47900822768651546,-0.3436296216494381,-0.15732814140268989,0.16572408877373315,-0.053044080308543594,-0.6162889039295963,-0.411489901027349,-0.2798209396310742,-0.4138264252100587,-0.40413754373400135,-0.7124392036114312,-0.5803783469333459,-0.054913996008452926,-0.015429891937709031,-0.46223969535048365,-0.3380297636628105,-0.5543132242700826,-0.5353168868792395,-0.41642091400866726,0.10115458596910394,-0.06663574072040283,0.5670230110749352,-0.6332957763837902,-0.03162320755048613,-0.43441991981881145,-0.14984154290503776,-0.04967151340826126,-0.3666533463164661,-0.03486278325212709,-0.1090471683916542,-0.47230094566341807,-0.21088400501997945
Dicarboxylic acids and derivatives,-0.12457510870230203,-0.7427415294619127,-0.17701948346512836,-0.21381057981119278,-0.9070543996584125,-0.21029881040557633,0.528514192576162,-0.993121346443805,-0.050753348690018046,-0.1739067101805948,-0.8093956946800291,0.009161390897035965,0.264970969217099,-0.17459816119811056,0.8338761775947859,0.1189369394483464,0.40146317801882236,0.2821971509814788,1.0,0.6808712296433961,0.12565177130282065,-0.5208702399530977,-0.49457944856307107,0.9624834508754277,-0.9769860026317331,-0.6323088549165309,0.7098342121295758,-0.12236154568594139,0.8919677215441657,0.7538775311264371,-0.002742357521478073,0.06043059636133576,0.577222124195958,-0.01930838945706711,0.3364646216542934,0.6097747163001294,-0.7548918856879265,-0.9273107870708304,0.46382573312924585,0.20321362397522624,-0.4125647630859364,-0.523888034058761,-0.7272228155658025,-0.24570161034941615,-0.7555684501458538,0.9305202830048475,0.9377662592982613,-0.3290604443317522,-0.890470385574175,-0.9015640607269595,0.5596497626841886,0.11310479025659893,-0.9203172821711901,0.8942144660131969,0.7179215524599878,0.008608063151615875,0.6828956246841368,0.354296452113035,-0.7917872932471586,0.9296487680609878,-0.23805565174901577,-0.02571241289588239,-0.833722133534184,-0.33116259993814534,0.12359124594576741
Dinophyceae ( cs),0.5384181712178195,-0.055430171657205374,-0.1649487615192857,0.2787651540659416,-0.3303068184658199,0.14922036397998736,0.7436226148168658,-0.6871881851688975,0.11804967869739486,0.33246234814287995,-0.8404713048920693,0.2880979010199276,0.13545586230849088,0.3887242977940061,0.8615699917788837,0.5481252800178308,0.9183472293278281,-0.19009956272529024,0.6808712296433961,1.0,-0.631497333379832,0.23272612945181168,-0.6220186557889791,0.7068616003909772,-0.6501140249110964,0.02312758968810341,0.8254631282871373,0.4533972227372963,0.2872347160980534,0.17754432833979783,0.2086866320460934,0.25944539437076,0.6264318068827217,0.24720044675126512,-0.038623837027860534,0.29067819988762666,-0.36483157858176596,-0.6028204445255834,0.8743789726363883,0.4612473544091329,0.3367601356736334,0.12720202063425193,-0.013433391742055755,0.5254443253372663,-0.0571383984025017,0.7627041427086975,0.7856693848831806,0.029661913428613268,-0.6352711373174966,-0.3059623026425246,0.9168952111431811,0.6432494480449849,-0.7186554799167985,0.8643975564316222,0.5554830902732546,0.11116232942581031,0.13511952194751603,0.8129718725051268,-0.22854760379777075,0.7463808373891369,-0.046111989644712886,0.6079984884871782,-0.2957171623893129,0.29753359406927676,0.5518190862767094
Dipeptides,-0.8901037451074011,-0.7063061180488172,0.0707414351141881,-0.527459459174701,-0.5121200851122241,-0.5527768105788805,-0.46954134280470583,-0.12031094423069177,-0.36251560362784907,-0.50630920323532,0.2946930926319769,-0.5141729329148018,-0.047956919220682355,-0.7932514999809965,-0.33169553525939227,-0.5845048002382461,-0.8307400324526047,0.6106614118077899,0.12565177130282068,-0.631497333379832,1.0,-0.894532855627118,0.345754971839217,0.020685436434543496,-0.11865404371424149,-0.6814014993343536,-0.383357603102533,-0.7119375223761292,0.5445355457469607,0.47486416264382186,-0.4237460303749738,-0.43580030158737426,-0.31233210899219876,-0.4990176174817819,0.2853668439084817,0.1426508747437216,-0.26838858709524,-0.16537139385145416,-0.7400845582180745,-0.5440899293565025,-0.8527781882205324,-0.6313774429272349,-0.7098645112683397,-0.9859773517892164,-0.6837307031601284,-0.05626440704750673,-0.07107078192676698,-0.5168973220681566,-0.023571977987768663,-0.535823713630999,-0.6828288725745344,-0.6607363375237792,0.04384881352034158,-0.27381992293718466,0.1063051150080854,-0.2929936885956504,0.4911728080886948,-0.664210840524842,-0.5191770926427898,-0.03431360426483842,-0.19635370325814658,-0.7996402753577674,-0.42334967796259265,-0.6556196422963667,-0.7054677814150845
F420 biosynthesis,0.8630305414376218,0.9250464954624039,-0.11206101814286104,0.40532664431222276,0.7983776936289585,0.6542837494839834,0.2509038190222891,0.5326491522856202,0.4771631695627125,0.4043229949746776,0.04433356193780756,0.5737725366155478,0.0937583074580509,0.8455036753612023,-0.010954380372171373,0.33063431849978336,0.5523051137200903,-0.7467644592811715,-0.5208702399530976,0.23272612945181173,-0.894532855627118,1.0,-0.02248757392846401,-0.40913541049017466,0.4991441988821629,0.78481311398359,0.08391797484617457,0.5485661631644223,-0.8344096099483412,-0.6628969764867061,0.5119244640086713,0.4784498646871717,0.14070480184535455,0.5368272617351846,-0.2220645569337494,-0.25787201390595704,0.4507368927190685,0.4950548572357296,0.4906189064943326,0.4679930759642656,0.817482488016539,0.6820347593029362,0.8509522222775199,0.9474881419397163,0.8701306316249686,-0.3094758703130267,-0.312136075961217,0.6599867316583609,0.3812581442452723,0.8332646200358851,0.3903733858901425,0.4576356085906552,0.28636100551388305,-0.10603907263057424,-0.5025808498176935,0.3988360213351884,-0.6018190917584466,0.38554904676409535,0.7153678065899559,-0.32679518516477474,0.29809111816121925,0.5836942930409551,0.6248189355640781,0.631800254677178,0.5635763035187303
Fatty acid esters,0.02166415321309026,0.31084644811059803,-0.5826023573598796,-0.47242853600710727,0.1863207654720737,-0.24327042452384776,0.006027732651673083,0.5601045795366674,-0.03814740630481454,0.13252753109657103,0.23741931661492563,-0.05186029584848875,0.039367345293870676,0.018615271938104923,-0.4140091532136379,-0.8467760409076237,-0.3927575796258213,-0.39982138292357383,-0.49457944856307107,-0.6220186557889791,0.34575497183921694,-0.02248757392846399,1.0,-0.6681903260457946,0.6132233693462369,-0.17360863698449774,-0.15506158844330353,-0.7017102227074021,-0.35131902525522185,-0.4132469638213138,0.0198082455787057,-0.21486872833966972,-0.030224644810081736,-0.37316065112929575,0.2296424592807472,-0.15740792208057341,-0.13640032218912562,0.1543876788642255,-0.3407693599795855,-0.5304258479745779,-0.3325948130448374,0.22109588328049978,0.04198512579272908,-0.19351886389272013,0.25984301646673014,-0.2858161868727595,-0.32220214527199287,-0.27891233390453635,0.7586286013266542,0.3285116403211191,-0.36144807027851145,-0.000754738266359091,0.31983318612357864,-0.5965632359361428,-0.4436563241871938,-0.0258361357497523,0.203774872586932,-0.13280358276069215,-0.11128639091190738,-0.2669222994978192,0.24900568812899573,-0.6254960728563026,0.08831937731271401,0.21173433939394165,-0.7645750777445511
Fatty acids and conjugates,-0.08633256446981938,-0.7027586161190066,-0.04834369993388327,-0.14958233533086537,-0.8063868240533146,0.0029188748705419065,0.4598192528547382,-0.9613509352608591,0.11127274512713033,-0.30606576228234256,-0.7434845422366708,0.14854916304479163,0.3560212550516957,-0.07451391505426469,0.838286839950738,0.2586826120110821,0.43284808903469685,0.27818612546160326,0.9624834508754277,0.7068616003909772,0.02068543643454346,-0.40913541049017454,-0.6681903260457946,1.0,-0.9944537378725022,-0.5131039669844988,0.6441823060083736,0.022767705908676248,0.841703196665068,0.811139111265843,0.12718158612660568,0.24397964500108066,0.5624675782115344,0.20859088975427775,0.35269732606725585,0.6557297029424325,-0.6387922184313299,-0.81289391134338,0.5082624087830101,0.42159046642982595,-0.31424290409437855,-0.5880516562066542,-0.6645450716943101,-0.1535871618360387,-0.735127785337705,0.8527388824449703,0.8585312688250384,-0.08779200323756804,-0.9781403077452108,-0.8380188915074669,0.5803648266132088,0.0008385673032076382,-0.8881494790712151,0.9332610715614201,0.6061523941797402,0.16122172358752881,0.5764564563784912,0.2617485967069522,-0.6502063843791959,0.8470538363638273,-0.251074295841349,0.06646144089042573,-0.7792809520067955,-0.4270754251172234,0.36254700243494703
Flamella ( g),0.16570807174191265,0.7659691711565231,0.06062596281700412,0.20117253246791558,0.8623107010272766,0.07556497161828069,-0.43014704214370497,0.9747322093762648,-0.05550027891181432,0.32644484400644297,0.7276297094160764,-0.08371778568175801,-0.33629346649021324,0.1556588904819552,-0.8085479059462498,-0.19027148851742146,-0.3589909123428471,-0.32965274662793986,-0.9769860026317331,-0.6501140249110964,-0.11865404371424144,0.4991441988821629,0.6132233693462369,-0.9944537378725022,1.0,0.5857837409576445,-0.6210358893429457,0.05666714257534312,-0.8927957462262254,-0.8398486668260032,-0.07115193488874293,-0.1788764461705779,-0.5370456680528374,-0.13193601974461322,-0.3716838078267722,-0.6584507185217121,0.6765104121552673,0.842185992878332,-0.4393958149584311,-0.34247379887823437,0.3979796061085058,0.6287674597144199,0.730854310712867,0.24840719046998197,0.7931035743450867,-0.858235903395443,-0.8631354075492326,0.1672819619109352,0.9653147684593291,0.8904199592248097,-0.5197795252280036,0.036097508156842255,0.887473100879912,-0.9031243911301299,-0.6318675452841788,-0.11245826490925176,-0.6310675891761518,-0.22092436360903053,0.7127168511830465,-0.8550806540563748,0.26519319046505063,0.012295244258222102,0.8203484087440994,0.46534136110730523,-0.2678508132143761
Flavobacterium (g),0.4538386665691564,0.7642843074400145,0.3958777246588412,0.6882315529447993,0.8551661656289093,0.37915953217434006,-0.22820383682115009,0.5849665539304106,0.058830346572498415,0.44069830391852904,0.41027950548834224,0.10202106365577307,-0.35689729764140654,0.3943960739261063,-0.3729878547978776,0.5691869801451889,0.2153498032665369,-0.26090843109217626,-0.6323088549165309,0.02312758968810344,-0.6814014993343536,0.7848131139835901,-0.17360863698449777,-0.5131039669844988,0.5857837409576445,0.8924383957297771,-0.33268333464489735,0.7508536253634895,-0.7970024504112403,-0.7084344284220598,0.03506107461323193,0.08204397742657796,-0.3772513354381441,0.24588339459109432,-0.6204150913831327,-0.5870362939782827,0.8060423762121804,0.7291157950076341,0.066515709794638,0.17068147871144462,0.8887935764277791,0.6959868249058041,0.9096767258211318,0.7000010885796288,0.822436777676695,-0.5848406282209626,-0.5589015835369202,0.47076571003113543,0.4381513383644151,0.8035407921578588,-0.010413837211051102,0.303900784677679,0.6066009920598714,-0.36902778521008867,-0.3091450592256816,-0.026593792494965886,-0.8914899567698769,0.1438832041459212,0.9068108285555546,-0.6013255811552313,0.15790228615885485,0.7023515422776336,0.8628107507421365,0.5633166000402909,0.4548407926229977
Fungi ( k),0.561849937045915,-0.10066059226593949,-0.6715187853644121,-0.20832086468815703,-0.5171114548625961,0.08187550422728458,0.9718191137123443,-0.655615381287772,0.2708052467031666,0.2064319113761248,-0.9879445748175573,0.435991597915069,0.44275501270970014,0.4582748078432005,0.9416731256182513,-0.01859748223231501,0.8226697899735815,-0.44346577799337333,0.7098342121295755,0.8254631282871371,-0.383357603102533,0.08391797484617457,-0.15506158844330348,0.6441823060083736,-0.6210358893429456,-0.33268333464489735,0.9999999999999999,-0.09731392910634526,0.36810713945326295,0.26042401206014654,0.40549365313510827,0.33160882611105724,0.9122455302279032,0.17812268231066106,0.39018029357089584,0.5368481028886535,-0.7682717795729204,-0.8236470745486952,0.8794079390911789,0.3527381347168148,-0.07312572861240334,-0.01878075082570996,-0.2839406055451272,0.34164064069974936,-0.18544412604613036,0.9096747554812342,0.8995880748561118,-0.10444355796425538,-0.5079870109979129,-0.3976757994344307,0.9236899030181395,0.5786151171232914,-0.8851427805387053,0.842969662342143,0.3794171028742345,0.29556788575778725,0.5705509713688527,0.7808738680684508,-0.5887682257129316,0.9045809910538547,0.0516064448815442,0.12047335975093881,-0.599148807915394,0.21094540450174407,0.19963990446750193
GMQP-bins7 (g),0.3161539976117651,0.3642734902080116,0.6346156781145734,0.8693555152962488,0.46903543097308403,0.25296058242603137,-0.1276591911129911,0.03850220726609081,-0.11623378203463124,0.42656760253171155,0.09982786959134064,-0.04426264904860395,-0.44533547315328753,0.19601977287085626,-0.016456070690699345,0.9621531168598337,0.4351273576976783,0.09357416425309446,-0.12236154568594139,0.4533972227372963,-0.7119375223761292,0.5485661631644223,-0.7017102227074021,0.022767705908676248,0.056667142575343055,0.7508536253634894,-0.09731392910634529,1.0000000000000002,-0.3520294772672334,-0.3560039395033286,-0.1440428005786489,0.011918162095667413,-0.28953183818679684,0.2205561917374315,-0.7243106984159912,-0.4379416667693556,0.657994015652667,0.3738242612534989,0.2533035082454,0.285997407845291,0.890711097931649,0.49731822284702515,0.6675682069344953,0.6273718514537916,0.4765447977483446,-0.19584353480853908,-0.1442987248001999,0.3266222846023123,-0.09731540976505881,0.3595514024740672,0.23150306688946343,0.384417888947439,0.24212840424994392,0.08612360056076435,0.20437998208475996,-0.18710948385319012,-0.7909063425336098,0.3238180217758116,0.6919504773424043,-0.2184452308686459,-0.041193600061914554,0.9610833344824126,0.6059370267351477,0.42705669232083,0.6825457711020684
Glycosphingolipids,-0.5397761575915517,-0.9618883268367044,-0.01774355109317488,-0.3697483141483023,-0.9689854229552038,-0.3786230738825468,0.1651464796418649,-0.8919778596319244,-0.18939838993596442,-0.4272708513826341,-0.4993036096263535,-0.22108634634806967,0.19468042709657243,-0.519249499733864,0.5311311057302901,-0.08465585404018944,-0.05506222620134447,0.5695753968465346,0.8919677215441657,0.2872347160980534,0.5445355457469608,-0.8344096099483412,-0.35131902525522185,0.841703196665068,-0.8927957462262254,-0.7970024504112403,0.36810713945326295,-0.3520294772672334,1.0,0.8823695465290153,-0.19439712332068357,-0.116415360500144,0.29538502823186835,-0.1857211096973779,0.3843415795949604,0.5733984226690775,-0.6901755236067539,-0.8050018548574597,0.035846676881309936,-0.018992628190876906,-0.6976075699719919,-0.7615009631354579,-0.91858056402485,-0.6500429943152234,-0.9584721516169603,0.7168345886019074,0.7187474898470341,-0.4447850970187503,-0.8052902984777439,-0.998369379822234,0.1376352029615615,-0.26247390174080526,-0.7266629183637203,0.6330683799935374,0.6433007305017222,-0.11105105162495786,0.7400640293525166,-0.05792643228716904,-0.843166604781364,0.7242938529649608,-0.3138311374958143,-0.3378603791587292,-0.8645254762516933,-0.6274404636723095,-0.13339382993417945
Hydroxy acids and derivatives,-0.4593598947300429,-0.8621193028015107,-0.008373933805000148,-0.4966791791766318,-0.8014989482356146,0.03377522747937485,0.09236833403089788,-0.7333853223867695,0.22782026732023444,-0.7714316826743658,-0.370749287944476,0.13762661685943786,0.5304809802614522,-0.27796107828501837,0.5102755163226038,-0.12436838680305459,-0.09359463310824555,0.41638743311432125,0.7538775311264371,0.1775443283397977,0.47486416264382186,-0.6628969764867061,-0.4132469638213137,0.811139111265843,-0.8398486668260031,-0.7084344284220598,0.26042401206014665,-0.3560039395033286,0.8823695465290153,0.9999999999999999,0.17430391170431395,0.2914593516946857,0.3669534440686112,0.242820621487263,0.6323330317123115,0.7592424293668838,-0.614126117381019,-0.6170276311914138,0.07679077362579374,0.3495849155830376,-0.7036762354840991,-0.9498494661255852,-0.8951833406103735,-0.5625018159000374,-0.9432402759775989,0.5595925624823567,0.5395428464219729,0.0002141221666244453,-0.8502760574294969,-0.8578691769451958,0.1237945880261439,-0.5579497542428269,-0.6766258692093171,0.626177028422201,0.2598810142025183,0.30075966200053517,0.7128342831693275,-0.31343326536995425,-0.6936129410332683,0.5637008277160835,-0.2741261794507268,-0.42806531354690924,-0.8607969761854305,-0.865651737108709,0.1479111989247836
JACDBZ01 (g),0.6340730764721411,0.3334178316568268,-0.5529544881269854,-0.4036434764809397,0.147630630193169,0.8388032158148733,0.5141086528611983,0.09032535729241381,0.9846701380447395,-0.396756967784194,-0.3213559449710502,0.9941114780861767,0.9030973334711776,0.8555654054176364,0.4506959951491291,-0.22699517223883758,0.4379259285846494,-0.7605608246128482,-0.0027423575214781,0.20868663204609336,-0.4237460303749738,0.5119244640086713,0.019808245578705794,0.12718158612660566,-0.0711519348887429,0.03506107461323193,0.4054936531351083,-0.14404280057864885,-0.19439712332068354,0.17430391170431395,1.0,0.9650301363672257,0.7110686187947705,0.8792958532921438,0.7070365838901947,0.591400675725399,-0.3020075476982849,-0.06098509849379798,0.6185268414284634,0.8329137512406182,-0.005377848112045919,-0.1926453321420908,0.008335037800694438,0.4734170302808761,0.10825932839155815,0.1684150567107707,0.11381280821235364,0.7742244226386411,-0.16182721042060222,0.21169224365804473,0.5270646379350387,-0.10019999570759394,-0.34173559962324357,0.3573582209957292,-0.6348535475394729,0.9809346214664193,0.2587932147627779,0.055672817874715064,-0.010963197665793827,0.16087773570991146,0.20769943641038302,-0.14058875393871545,-0.24773428369665917,-0.1494889816432725,0.5415628704347599
Knoellia (g),0.5408767451520656,0.2332656198871134,-0.3379871522115762,-0.29754563894614655,0.13096332683411877,0.8975525680686465,0.3989060017931496,0.007062399061997221,0.9831658064550416,-0.4994957416923171,-0.27290662986213343,0.9699579606443509,0.8760445214020615,0.7886991419053917,0.458341674575757,-0.03633064693915983,0.4243696605917387,-0.5982056423645364,0.06043059636133567,0.25944539437076,-0.43580030158737426,0.4784498646871717,-0.21486872833966966,0.24397964500108058,-0.1788764461705779,0.08204397742657797,0.33160882611105724,0.011918162095667413,-0.11641536050014402,0.2914593516946857,0.9650301363672257,1.0,0.6288098562583759,0.9673564497278364,0.6451269570927447,0.6060570682488751,-0.2070132057715049,-0.023790597327410935,0.5967048500858333,0.9401455995441209,0.04500616310255138,-0.29370642259984464,-0.011339535061844186,0.4513904095018276,0.023827219839296893,0.14920577522775122,0.10265279403193722,0.8627215894802621,-0.3197598327648158,0.14433927986978226,0.5056364944072507,-0.20486810778438563,-0.3419365563610285,0.42516090758642355,-0.5748015216422069,0.9771124473209614,0.17812365331733573,-0.029512347127204255,0.05464332393194484,0.13803158390528736,0.13133615354852068,-0.034177066968627004,-0.23911317969856086,-0.2730264130770674,0.7089449324349633
Korotnevella ( g),0.5801996423949619,-0.04801657354017838,-0.7916066690415048,-0.46017594083230234,-0.4334122839285016,0.34904064816064095,0.9278725253978094,-0.49093186421809076,0.6065798656144984,-0.10987755935797311,-0.8780250922712904,0.7145899890961033,0.7649154801994874,0.6183038887483328,0.8908277902464649,-0.24505714289810335,0.6991110063525485,-0.6037031137909884,0.5772221241959578,0.6264318068827217,-0.31233210899219876,0.14070480184535453,-0.030224644810081736,0.5624675782115344,-0.5370456680528373,-0.3772513354381442,0.9122455302279033,-0.28953183818679684,0.29538502823186846,0.36695344406861125,0.7110686187947705,0.6288098562583759,1.0,0.4517213312335862,0.6968312849455686,0.7257650538739568,-0.8048126671688969,-0.7119468199678489,0.8460006552786625,0.5578069624246323,-0.2238535880772377,-0.21553052736266906,-0.35153880199093684,0.30792053246401996,-0.21723062260515158,0.7871574874152927,0.7502567162545234,0.17631984365995043,-0.468657712237497,-0.3097928505093218,0.8488177442323447,0.2936413375589264,-0.8497623901699208,0.7755342658488275,0.017425854220856966,0.6375659977647671,0.6693056544929833,0.5239544000364414,-0.5717798750365372,0.7840051844783718,0.10696613110596515,-0.12879244758012637,-0.6684472383126034,-0.01697986250859304,0.2658596430045863
Lentzea (g),0.4913010538750727,0.26627584049628555,-0.09777442501097813,-0.1089141326226074,0.2535524692223338,0.937408725128262,0.2307684459120564,0.061381549829134525,0.9271098402375515,-0.48726706904656647,-0.12874442844189748,0.8989775926251364,0.7442162354493096,0.7392147128609737,0.3478577423403665,0.16884259294090667,0.388523029231525,-0.47900822768651546,-0.019308389457067168,0.24720044675126512,-0.4990176174817819,0.5368272617351847,-0.37316065112929575,0.20859088975427784,-0.1319360197446132,0.24588339459109432,0.17812268231066106,0.22055619173743155,-0.1857211096973779,0.242820621487263,0.8792958532921435,0.9673564497278364,0.4517213312335862,1.0,0.46855962521734384,0.47963469164466455,0.009492051357378324,0.13725269444784008,0.5233887216706258,0.9688879332317488,0.20160142517954235,-0.2463912202579742,0.11457909690253537,0.4960325502560275,0.08969683837073973,0.009595215320074426,-0.0252655025186229,0.9442163148027228,-0.3231384807533187,0.22120693392436971,0.42485307065447087,-0.24402883334374428,-0.20274721809889032,0.36010014796743245,-0.5643628397410535,0.9069882779973956,-0.03112422001655877,-0.095981739421828,0.24473973292078618,-0.00541820191623078,0.09465661093562325,0.1289176247099777,-0.07610904522713095,-0.2694083294770031,0.8346932846492826
Lineolic acids and derivatives,0.04762981932682564,-0.299589709255814,-0.658182991313011,-0.8536453132480873,-0.44679744604865185,0.35497422500929854,0.4087453071695103,-0.23539099125503968,0.6994626340804129,-0.7056292730916148,-0.3817334947422776,0.6400187802831243,0.9319433178973977,0.294905461161795,0.4583694406423502,-0.6700926869063777,0.00677268869657481,-0.343629621649438,0.3364646216542934,-0.03862383702786048,0.2853668439084817,-0.2220645569337494,0.22964245928074736,0.35269732606725585,-0.3716838078267721,-0.6204150913831327,0.3901802935708958,-0.7243106984159912,0.3843415795949604,0.6323330317123116,0.7070365838901946,0.6451269570927447,0.6968312849455685,0.46855962521734384,1.0000000000000002,0.8331144560514037,-0.7392320323113963,-0.4582033078151142,0.2626726597845301,0.4489620695636035,-0.7084925635415102,-0.6934911078567204,-0.6554419813235385,-0.24454785070080534,-0.51444755173037,0.40856337674735566,0.34394392207386626,0.2648058564690548,-0.34407538958350825,-0.37070968235064644,0.23954590758959918,-0.4351716496418815,-0.5699663700063554,0.3902781229708992,-0.3662633828567318,0.7597284147088122,0.8134693368510914,-0.2274432705560209,-0.616248335125971,0.417339049275195,0.04529343469575914,-0.7222496089161792,-0.7628007018394853,-0.5988117631198904,0.006439095188842699
Long-chain fatty acids,0.046297884421641386,-0.4528633432695896,-0.4586719551475076,-0.6221239158277921,-0.5945216360849913,0.31685702273377986,0.47902236581116825,-0.5398407087771173,0.5832541316561607,-0.6208790257281179,-0.5668063882914999,0.5589493184911808,0.8164818381220373,0.23218933452087717,0.6741455226792037,-0.3118868690476669,0.2223699991162004,-0.15732814140268989,0.6097747163001292,0.2906781998876266,0.14265087474372162,-0.25787201390595704,-0.1574079220805734,0.6557297029424325,-0.658450718521712,-0.5870362939782827,0.5368481028886535,-0.43794166676935564,0.5733984226690775,0.7592424293668838,0.591400675725399,0.6060570682488751,0.7257650538739567,0.47963469164466455,0.8331144560514037,0.8502428505073067,-0.7400719704987123,-0.618047016797608,0.4305539090251743,0.5516898457799388,-0.5652141233160521,-0.7067287419289421,-0.6823167077665107,-0.17063124096331167,-0.621349316819964,0.6164629500383132,0.5738761625252563,0.22108472076962057,-0.6506361731911618,-0.5601406984329378,0.43608435490265035,-0.2970345180732087,-0.7522552539116405,0.6688078817178781,-0.03982069477858184,0.6405969449454224,0.758913896201985,-0.04248754884675138,-0.6421416959493833,0.618392839607019,-0.06291118141027385,-0.4253995570442435,-0.8182286256204518,-0.5807963111719245,0.22907336914469117
Monocystis ( g),-0.039399349996917445,0.5205289836537701,0.7330351691255111,0.6807246156908382,0.8256965594354597,0.14485608990086368,-0.7082249708318877,0.6779248400437083,-0.21123005210524454,0.24539014164043382,0.7993392339029264,-0.2628645499788213,-0.5868106099141773,-0.056863644195234785,-0.7503239620731661,0.5137816943459603,-0.2764328892271917,0.16572408877373315,-0.7548918856879265,-0.36483157858176596,-0.26838858709524,0.4507368927190685,-0.13640032218912554,-0.6387922184313299,0.6765104121552673,0.8060423762121804,-0.7682717795729205,0.6579940156526672,-0.690175523606754,-0.614126117381019,-0.3020075476982849,-0.2070132057715049,-0.8048126671688969,0.009492051357378304,-0.7392320323113963,-0.7400719704987123,1.0,0.9177857827635741,-0.43651701313089314,-0.11074202674243028,0.6934601983733955,0.5044574518641859,0.7781531628379909,0.28264078819117716,0.6360013885116584,-0.8604001305018015,-0.8271284943895301,0.313259625633517,0.5144450822625715,0.709381211338815,-0.49969465237632377,-0.060966583523503655,0.8819091534329062,-0.6707556921307384,-0.2891647897314758,-0.2844339840062192,-0.9625833478317898,-0.28195433084320903,0.9436928432688053,-0.8702400775885683,0.03804136171156869,0.5082889588622137,0.9293291705552559,0.2921291234135788,0.22252280843331726
Monosiga ( g),0.004618906822370563,0.6235257687787746,0.49931649155681435,0.39648116321745436,0.9080771125176549,0.2918358017641903,-0.6990710777693132,0.889062114378413,0.03389035803348181,0.056974478640519355,0.8887945038831803,-0.054503100360595545,-0.3305506885895346,0.08364869558962841,-0.8358785954705266,0.1769662355363398,-0.41132312871096666,-0.053044080308543545,-0.9273107870708303,-0.6028204445255834,-0.16537139385145416,0.49505485723572956,0.1543876788642255,-0.81289391134338,0.842185992878332,0.7291157950076341,-0.8236470745486952,0.3738242612534989,-0.8050018548574597,-0.6170276311914138,-0.06098509849379798,-0.023790597327410873,-0.7119468199678488,0.13725269444784005,-0.4582033078151142,-0.618047016797608,0.9177857827635739,1.0,-0.4942634307883579,-0.05815448099085207,0.5179488848065347,0.412507640104669,0.7317980525916967,0.23655273777299818,0.6644542608799255,-0.9733332616370792,-0.9671950836794834,0.45529279853241056,0.6822250881801499,0.8291433134319439,-0.5901552061902245,-0.23983440997971928,0.9404665678034133,-0.81044133371526,-0.6277986708880412,-0.03173917806342557,-0.8304135653780851,-0.46065474134408335,0.9133359244627091,-0.9781484007587262,0.13288428957824966,0.2078773441114337,0.8778923151380184,0.1846837921063832,0.12171864623320269
Multidrug/hemolysin transport system,0.8130592908762876,0.22731778159189092,-0.49827542594475677,0.03377132406930916,-0.13253573953436168,0.4580057581194931,0.8964269255335497,-0.42095206418794834,0.5141136537281935,0.21906359754868285,-0.8315674856843365,0.6784513271054047,0.4818449001000047,0.7579279600711339,0.8636166940018289,0.2566972952548283,0.965934150030128,-0.6162889039295962,0.46382573312924574,0.8743789726363882,-0.7400845582180745,0.49061890649433254,-0.3407693599795855,0.5082624087830101,-0.4393958149584311,0.066515709794638,0.8794079390911789,0.2533035082454,0.03584667688131001,0.07679077362579376,0.6185268414284634,0.5967048500858333,0.8460006552786625,0.5233887216706257,0.2626726597845301,0.4305539090251744,-0.43651701313089314,-0.4942634307883579,1.0,0.6601477429601637,0.3051078519048175,0.15349086483088917,0.07669977567611162,0.7005390594794185,0.1244872607866653,0.6683092998514404,0.6603452867670918,0.31718056952629875,-0.4385498928946192,-0.05154391690625643,0.9906453630773406,0.5899016374897721,-0.6881552200771308,0.7820117061438948,0.12357479005059921,0.5020995511328125,0.21196677391420593,0.7679146701509152,-0.17290709498323362,0.6531934712909694,0.11827326166943905,0.4156496521683298,-0.28761426193654976,0.31858078704068604,0.5895167340743873
Nocardioides (g),0.504818567496008,0.14055428793984664,-0.09708372614166123,-0.061431804516180154,0.08349457214092178,0.8712374581421353,0.362308378709746,-0.16827632896683636,0.8634972869785172,-0.43187013718668377,-0.3245544135951229,0.8663077459242614,0.727196790493801,0.7085318982206691,0.5410634021412899,0.2844536042511944,0.5379818947808841,-0.411489901027349,0.20321362397522622,0.4612473544091329,-0.5440899293565025,0.46799307596426565,-0.5304258479745779,0.42159046642982595,-0.34247379887823437,0.17068147871144462,0.3527381347168148,0.28599740784529104,-0.018992628190876916,0.34958491558303756,0.8329137512406182,0.9401455995441209,0.5578069624246323,0.9688879332317488,0.4489620695636035,0.5516898457799387,-0.1107420267424302,-0.05815448099085204,0.6601477429601638,1.0000000000000002,0.20205826301351415,-0.2789654333722141,0.02316462515465603,0.5065589998437606,-0.020443032293149154,0.220965507961515,0.194643593158405,0.851646376215199,-0.5151385296647482,0.04948198818290374,0.5864145365854025,-0.13086780752749277,-0.3936992039943564,0.5693577588614503,-0.3465907955686909,0.8498232499831571,0.05037510386914894,0.059872319233351276,0.11725948987823741,0.20395940719775987,0.041674535795093115,0.22741740189899146,-0.20170912717307546,-0.257403199618298,0.8926672711802212
Oligogalacturonide transport system,0.5937057610361309,0.7354167242012278,0.34968368354202284,0.8118483747831564,0.7299172865700564,0.31411471914972533,0.0009243478460534927,0.357349615303901,-0.02074494086154111,0.6381091730334933,0.14242444934137805,0.08780783098074066,-0.4157312536702387,0.44636248920600463,-0.12884273965789123,0.7421900560960328,0.490494973404166,-0.27982093963107413,-0.4125647630859363,0.3367601356736334,-0.8527781882205324,0.817482488016539,-0.3325948130448374,-0.3142429040943786,0.3979796061085058,0.888793576427779,-0.07312572861240339,0.890711097931649,-0.6976075699719918,-0.7036762354840991,-0.005377848112045919,0.04500616310255138,-0.2238535880772377,0.20160142517954227,-0.7084925635415102,-0.5652141233160521,0.6934601983733956,0.5179488848065347,0.3051078519048175,0.20205826301351415,1.0,0.7966735896435757,0.9147826289413368,0.8372005951121969,0.8169205338570021,-0.3345613336997429,-0.2957890021145818,0.36389982285542943,0.27968282184342497,0.6925162531784014,0.25396082586902674,0.5740435866639404,0.39880982193722464,-0.1287608493900386,-0.05254072606651863,-0.10802078887135716,-0.8591367598924122,0.44836061032800417,0.8149530867774958,-0.35498230377257006,0.13773073202483316,0.9096669208163052,0.7919068943560623,0.724176533465409,0.5395734062978386
PTS system N-acetylgalactosamine-specific II component,0.5751737802547683,0.8059461486954337,-0.01207315423288708,0.6067275149991582,0.6673735578537568,-0.06683657361748607,0.11301364966813643,0.49529284280515834,-0.2759791407371682,0.9104743559818813,0.11656012668645788,-0.13117722205324872,-0.557865782320564,0.32584413995663586,-0.2632329804436003,0.3054642969652005,0.35103875463198736,-0.4138264252100586,-0.523888034058761,0.12720202063425196,-0.6313774429272349,0.6820347593029362,0.22109588328049978,-0.5880516562066542,0.62876745971442,0.6959868249058041,-0.018780750825709933,0.49731822284702526,-0.7615009631354579,-0.9498494661255853,-0.19264533214209087,-0.2937064225998447,-0.21553052736266917,-0.24639122025797427,-0.6934911078567205,-0.7067287419289421,0.5044574518641859,0.412507640104669,0.15349086483088917,-0.2789654333722142,0.7966735896435757,0.9999999999999998,0.8754087265409529,0.6811860726928485,0.9045039499711905,-0.3155470261297084,-0.28402721432493183,-0.06922602683376933,0.65631628604221,0.728891930507539,0.12955546875476054,0.7746737174406771,0.4623423975655784,-0.3724519829608735,-0.02107448343211071,-0.3492967295769196,-0.673208008925915,0.5737747710267185,0.6023683433386081,-0.32389075983542065,0.24129458373247623,0.622061762303814,0.7712041544807942,0.9705475570799936,-0.029610316621717345
PTS system fructoselysine/glucoselysine-specific II component,0.5584270412025109,0.9039239194279585,0.23310587136969763,0.6667344746823032,0.9180916472283598,0.28929124330872974,-0.13787942984547938,0.6909951642251998,-0.0033463165618950385,0.6234111151894199,0.3879933050775395,0.07185423919024037,-0.41756700935133084,0.44554771151539185,-0.41630588444626565,0.4439056269510533,0.24282048522825708,-0.40413754373400135,-0.7272228155658025,-0.013433391742055757,-0.7098645112683398,0.8509522222775199,0.04198512579272907,-0.6645450716943101,0.730854310712867,0.909676725821132,-0.2839406055451273,0.6675682069344953,-0.91858056402485,-0.8951833406103737,0.008335037800694507,-0.01133953506184417,-0.35153880199093684,0.11457909690253537,-0.6554419813235385,-0.6823167077665109,0.7781531628379909,0.7317980525916967,0.07669977567611172,0.023164625154656,0.914782628941337,0.875408726540953,1.0,0.759258165441493,0.9662571389271271,-0.598403174983142,-0.5743197529094779,0.3573595962632899,0.6323059722158398,0.9124721442306754,0.001396804994401793,0.46600684665828646,0.6565330865466822,-0.46913909769268236,-0.33339209201099945,-0.09285620167006903,-0.8893994460986184,0.26672462396815816,0.9009292122514446,-0.6122479440967625,0.23477072840542726,0.6725618326121577,0.9293906482496017,0.7584961556729773,0.2894140741138588
PTS system galactitol-specific II component,0.9306689460685407,0.8046754259193059,-0.15740880616450997,0.4640684579825375,0.5961130832069702,0.5751762558489927,0.46344116792129497,0.25204978115329435,0.4071574903134532,0.5148871360350877,-0.23297795820856498,0.5541916031210764,0.07923028189683572,0.8466288819648641,0.25298888341276665,0.46388066566756025,0.7802062466249623,-0.7124392036114312,-0.2457016103494162,0.5254443253372664,-0.9859773517892165,0.9474881419397165,-0.19351886389272016,-0.15358716183603874,0.24840719046998205,0.700001088579629,0.34164064069974936,0.6273718514537916,-0.6500429943152235,-0.5625018159000374,0.4734170302808761,0.4513904095018276,0.30792053246402,0.4960325502560276,-0.24454785070080537,-0.17063124096331167,0.2826407881911772,0.23655273777299818,0.7005390594794186,0.5065589998437606,0.837200595112197,0.6811860726928486,0.759258165441493,1.0,0.7660961295871758,-0.0259414359817239,-0.018546988159581147,0.5389224627796388,0.1616622349164748,0.6399054680324185,0.6307477830548015,0.6499898590712049,0.03384833381660592,0.1647817885651775,-0.23285724565874585,0.33537473381194,-0.49517074166846037,0.6302825523690376,0.5525315954962347,-0.04590365332781179,0.25083146366746256,0.7189311969139944,0.4724739211512724,0.6949006091399612,0.630591760284811
PTS system sucrose-specific II component,0.6507734880532354,0.9711658367037024,-0.008811254161930836,0.5041077619084186,0.9004073105996686,0.279976142144298,-0.001072915914703679,0.745592965164831,0.06742432979942554,0.6495636063388723,0.31309122646009874,0.15725487361510482,-0.30847235159783976,0.5382804153415165,-0.38108013235859134,0.22620016093133755,0.26093325628180813,-0.5803783469333459,-0.7555684501458538,-0.057138398402501706,-0.6837307031601284,0.8701306316249686,0.25984301646673014,-0.735127785337705,0.7931035743450867,0.8224367776766948,-0.1854441260461304,0.4765447977483446,-0.9584721516169603,-0.9432402759775989,0.1082593283915581,0.023827219839296837,-0.21723062260515155,0.08969683837073966,-0.5144475517303699,-0.6213493168199639,0.6360013885116584,0.6644542608799255,0.1244872607866653,-0.02044303229314923,0.8169205338570021,0.9045039499711904,0.9662571389271268,0.7660961295871757,0.9999999999999999,-0.5486064385556683,-0.5372318450832544,0.3149181275340196,0.737859338776424,0.9446843051392655,0.045574359383418674,0.5190835185845981,0.6079668706693973,-0.4917233673994968,-0.42323552595821473,-0.015518881952218646,-0.7541481354718403,0.32160689030574846,0.7977068716084889,-0.5587904399544422,0.30643410031843205,0.5236726341336128,0.8595436023990616,0.8145051673785066,0.15587850619696447
Peptides,0.17635002679624914,-0.500286562442645,-0.48419560006194473,-0.27642916251094146,-0.8146957328359452,-0.14422381730114026,0.7940921589932496,-0.8954029567913878,0.06688987174975532,0.013531541539423105,-0.9611699940223314,0.18332008493814692,0.36253958483712073,0.08780915401700487,0.932132346124759,-0.01647053493416485,0.6004882635224974,-0.05491399600845293,0.9305202830048472,0.7627041427086975,-0.05626440704750673,-0.3094758703130268,-0.2858161868727595,0.8527388824449703,-0.858235903395443,-0.5848406282209626,0.9096747554812342,-0.19584353480853908,0.7168345886019074,0.5595925624823567,0.16841505671077064,0.14920577522775122,0.7871574874152926,0.009595215320074398,0.40856337674735566,0.6164629500383132,-0.8604001305018015,-0.9733332616370792,0.6683092998514404,0.220965507961515,-0.3345613336997429,-0.3155470261297084,-0.5984031749831419,-0.02594143598172389,-0.5486064385556683,1.0,0.9974200863211832,-0.3122354470192981,-0.7302829111365534,-0.7401646177525041,0.7513828608123132,0.35462702786197703,-0.9731829353833062,0.9062785616636125,0.6133495509259329,0.11825832659104266,0.727158532339686,0.5883513608013928,-0.8027290691857141,0.9991976836869542,-0.10677170816913284,-0.020773264886218865,-0.8067978114356812,-0.08340833191614254,0.07928225743700934
Polyethylene glycols,0.16441326848574814,-0.5049005390683198,-0.4356969262429981,-0.2186486402883583,-0.810970420705172,-0.17727173276082472,0.7759340109763894,-0.9103819418711917,0.01230565139347453,0.05693979925842129,-0.9555639284980538,0.13404498958469208,0.3006284603611306,0.05683402843562665,0.9227220170627328,0.039535577524488476,0.6095653190216331,-0.015429891937709042,0.9377662592982612,0.7856693848831804,-0.07107078192676698,-0.312136075961217,-0.32220214527199287,0.8585312688250382,-0.8631354075492326,-0.5589015835369202,0.8995880748561119,-0.1442987248001999,0.7187474898470341,0.5395428464219729,0.1138128082123536,0.10265279403193715,0.7502567162545234,-0.025265502518622956,0.34394392207386626,0.5738761625252563,-0.8271284943895301,-0.9671950836794834,0.6603452867670917,0.1946435931584049,-0.2957890021145818,-0.28402721432493183,-0.5743197529094779,-0.01854698815958115,-0.5372318450832544,0.9974200863211832,1.0,-0.3414394586758999,-0.7354447735770122,-0.7431216373333243,0.7482296817377765,0.3862067708406671,-0.958765955827318,0.9052709579835436,0.6640899736558926,0.06115111472714277,0.6871265989130462,0.6122719719172248,-0.7810864881497622,0.9959203868424606,-0.11965169226596634,0.03221267246256352,-0.7765407225735016,-0.053617936571100706,0.08429740177561268
Pseudonocardia (g),0.45906579508435363,0.4602064460048241,0.06841258028727804,0.038510399419977304,0.5366329174969032,0.941516176924381,-0.013059598612662232,0.3547023747692879,0.8460807490388315,-0.40435806018863474,0.17263225519935424,0.7950307557875373,0.5576516263515103,0.7042526660957761,0.03918847224091734,0.21170340415289626,0.22526047319481537,-0.4622396953504836,-0.3290604443317522,0.029661913428613282,-0.5168973220681565,0.6599867316583607,-0.27891233390453635,-0.087792003237568,0.1672819619109352,0.4707657100311354,-0.10444355796425543,0.3266222846023123,-0.4447850970187502,0.0002141221666245254,0.7742244226386409,0.862721589480262,0.17631984365995043,0.9442163148027227,0.26480585646905486,0.22108472076962057,0.3132596256335169,0.45529279853241056,0.31718056952629875,0.8516463762151991,0.3638998228554294,-0.06922602683376926,0.35735959626328984,0.5389224627796387,0.3149181275340196,-0.31223544701929806,-0.3414394586758999,1.0,-0.056241743632854106,0.483946430951172,0.19636096467098219,-0.2826297661055776,0.12963786192460988,0.05524298292671679,-0.7166535103123766,0.8052938367287339,-0.3078804257696564,-0.22415092005038895,0.5273780302445704,-0.32747103542361994,0.13488565699719138,0.19310742123884608,0.22946274887938262,-0.16400516163907408,0.7915672181418725
Pucciniomycotina ( ps),0.1434114393057302,0.7005831950055101,-0.09317215221191036,0.11210032481763484,0.7234965376575483,-0.11252966780468457,-0.3194257724337306,0.8973561841309458,-0.1801424281574211,0.430288514232082,0.6122251681613249,-0.1834212177367723,-0.3785094423628591,0.07918426073193609,-0.75553487563418,-0.329714652249394,-0.3554199179944489,-0.3380297636628105,-0.890470385574175,-0.6352711373174966,-0.023571977987768663,0.3812581442452723,0.7586286013266542,-0.9781403077452109,0.9653147684593291,0.4381513383644151,-0.507987010997913,-0.09731540976505881,-0.8052902984777439,-0.850276057429497,-0.16182721042060222,-0.3197598327648158,-0.468657712237497,-0.32313848075331875,-0.3440753895835082,-0.650636173191162,0.5144450822625714,0.68222508818015,-0.4385498928946192,-0.5151385296647483,0.27968282184342497,0.65631628604221,0.6323059722158398,0.1616622349164748,0.7378593387764241,-0.7302829111365534,-0.7354447735770122,-0.056241743632854155,1.0,0.790199321586776,-0.49433564924430307,0.14543132139601303,0.7979289386949081,-0.883995226910085,-0.5105388725301321,-0.22496968321021651,-0.48300973635866856,-0.11299867699770821,0.53411933070007,-0.7227212983971385,0.2730757049994004,-0.08555196062621823,0.7158066844667981,0.5348437251442275,-0.47552135675803
Putative lysine transport system,0.5211544256715185,0.9522706220132197,0.046800004516018845,0.36566980401765453,0.9791875936871408,0.41010596447183184,-0.19682831530295483,0.9007911627728182,0.21586082806697812,0.38150980162832526,0.5268292857237323,0.23729680673396966,-0.175031392017021,0.5182313909804184,-0.5444697614358873,0.09360960342919449,0.033239811795094866,-0.5543132242700824,-0.9015640607269595,-0.3059623026425246,-0.5358237136309991,0.8332646200358851,0.3285116403211191,-0.8380188915074669,0.8904199592248097,0.8035407921578588,-0.3976757994344309,0.3595514024740673,-0.998369379822234,-0.8578691769451958,0.21169224365804473,0.14433927986978223,-0.3097928505093218,0.22120693392436971,-0.3707096823506464,-0.5601406984329379,0.709381211338815,0.8291433134319441,-0.051543916906256364,0.04948198818290369,0.6925162531784016,0.728891930507539,0.9124721442306754,0.6399054680324184,0.9446843051392657,-0.7401646177525041,-0.7431216373333244,0.483946430951172,0.7901993215867759,0.9999999999999999,-0.15738599415302265,0.21522428968386254,0.7391030232964101,-0.6377070235114385,-0.6701285721545188,0.13746606954724339,-0.7494745032768692,0.013967936316073288,0.860695243234677,-0.7479446083304682,0.3065637862837144,0.33052763299743104,0.8659419497333977,0.5862477288631677,0.1623184422250964
R0 polymerase I eukaryotes,0.7504425922724579,0.13044015865252848,-0.4930654208266386,0.034291435730460645,-0.23966341958474835,0.34732176820894234,0.9169601332369126,-0.5216454542609292,0.4147439068685791,0.2513515310464975,-0.8909410570764855,0.5871073044091571,0.4271890438393108,0.665769213524229,0.9055868481619378,0.2634280930009224,0.9659129911524589,-0.5353168868792394,0.5596497626841885,0.9168952111431811,-0.6828288725745344,0.39037338589014237,-0.36144807027851145,0.5803648266132088,-0.5197795252280034,-0.01041383721105113,0.9236899030181395,0.23150306688946348,0.1376352029615615,0.1237945880261439,0.5270646379350385,0.5056364944072506,0.8488177442323447,0.4248530706544708,0.23954590758959918,0.43608435490265035,-0.49969465237632377,-0.5901552061902245,0.9906453630773409,0.5864145365854024,0.2539608258690268,0.1295554687547605,0.0013968049944017142,0.6307477830548014,0.04557435938341875,0.7513828608123132,0.7482296817377766,0.19636096467098219,-0.49433564924430307,-0.1573859941530226,1.0,0.6237343983408483,-0.7511271197605246,0.8311086378386753,0.25048130177539824,0.4097243601233264,0.2703633859196842,0.8093502023646569,-0.26415668672392373,0.7374354721619331,0.08370804860922715,0.41004403908364506,-0.3528172967801912,0.3135365116418263,0.5266546535959988
R0 polymerase II eukaryotes,0.6694675830448041,0.4476373765224912,-0.3030935078587577,0.4377241009597157,0.11086814466267213,-0.1716616811910065,0.6251219574967942,-0.12185192473192083,-0.2473959497895377,0.9107779111693638,-0.5204578969809652,-0.027535760388875473,-0.33043604085021944,0.360647626607256,0.3591768496062063,0.3198553706100569,0.7451214284049064,-0.41642091400866726,0.11310479025659892,0.6432494480449849,-0.6607363375237792,0.4576356085906552,-0.0007547382663590339,0.0008385673032076157,0.036097508156842276,0.30390078467767895,0.5786151171232914,0.384417888947439,-0.2624739017408052,-0.5579497542428269,-0.10019999570759401,-0.2048681077843858,0.2936413375589264,-0.24402883334374442,-0.4351716496418815,-0.2970345180732087,-0.06096658352350367,-0.23983440997971933,0.5899016374897721,-0.13086780752749283,0.5740435866639404,0.7746737174406771,0.4660068466582863,0.6499898590712048,0.5190835185845981,0.35462702786197703,0.3862067708406671,-0.2826297661055776,0.14543132139601303,0.2152242896838625,0.6237343983408483,0.9999999999999999,-0.18957680029450702,0.2417725755120645,0.4109066402872583,-0.28600007427785834,-0.19447399241646068,0.9570324831326074,0.06678733593902868,0.3454761303177179,0.15558776860770693,0.6207384925088942,0.2296191157649553,0.8984046301856602,0.03429146109349074
Rhogostoma ( g),-0.17968229860600707,0.5157097429615396,0.49883764817220705,0.3808347497472323,0.802005408072204,-0.028900605542341237,-0.7755649850002829,0.8729932682030295,-0.2627932370774288,0.18723243800292158,0.933970359974234,-0.3480241434299145,-0.5493816318526197,-0.17286314019824656,-0.9568640129025294,0.06364297160123944,-0.5719530752019151,0.10115458596910397,-0.9203172821711901,-0.7186554799167985,0.04384881352034158,0.28636100551388294,0.31983318612357864,-0.8881494790712149,0.887473100879912,0.6066009920598714,-0.8851427805387053,0.24212840424994392,-0.7266629183637203,-0.6766258692093171,-0.34173559962324357,-0.3419365563610285,-0.8497623901699208,-0.20274721809889032,-0.5699663700063554,-0.7522552539116405,0.8819091534329062,0.9404665678034133,-0.6881552200771308,-0.3936992039943564,0.3988098219372246,0.4623423975655784,0.6565330865466822,0.03384833381660592,0.6079668706693973,-0.9731829353833062,-0.958765955827318,0.12963786192460988,0.797928938694908,0.7391030232964101,-0.7511271197605246,-0.18957680029450702,1.0,-0.9406999557511125,-0.46052190895337913,-0.31779730252851446,-0.7775058724160054,-0.45671721687464334,0.7972375545019128,-0.9716940086601903,0.10412544135395418,0.10623109358074252,0.8713559812703113,0.2440843200263573,-0.19294802504032907
Salpingoeca ( g),0.27327053465672196,-0.42112030171986464,-0.27272528238437266,-0.12485823335109143,-0.65429551696774,0.18374547647259293,0.7190140033106086,-0.872027180049985,0.2996100833156288,-0.13791294819808803,-0.8939240442450486,0.3945773731919678,0.4747270278013688,0.26092771825646943,0.9710758943930057,0.2583884884781821,0.7072870642553868,-0.06663574072040283,0.8942144660131969,0.8643975564316222,-0.27381992293718466,-0.1060390726305743,-0.5965632359361427,0.9332610715614201,-0.9031243911301299,-0.3690277852100886,0.842969662342143,0.08612360056076436,0.6330683799935374,0.626177028422201,0.35735822099572917,0.42516090758642355,0.7755342658488272,0.36010014796743245,0.3902781229708992,0.6688078817178781,-0.6707556921307382,-0.81044133371526,0.7820117061438948,0.5693577588614503,-0.1287608493900386,-0.3724519829608735,-0.46913909769268236,0.16478178856517747,-0.4917233673994968,0.9062785616636125,0.9052709579835436,0.05524298292671681,-0.883995226910085,-0.6377070235114384,0.8311086378386753,0.2417725755120645,-0.9406999557511125,1.0,0.48346974570749346,0.33303850653364636,0.5345237431317511,0.5067439977335068,-0.5681749354626241,0.8966466267128737,-0.12799172555033816,0.18944484404307987,-0.704734300241087,-0.18317379131111838,0.4824688476160806
Secondary alcohols,-0.27513799738369854,-0.5771983139545924,0.20965459325203128,0.29050540095942606,-0.6466631951188795,-0.6548182261294382,0.19405719763464693,-0.77692137243869,-0.6896311123885928,0.36923373024731654,-0.48608152361252843,-0.5947274837708897,-0.47630214436593776,-0.5258824742431529,0.3999852733995201,0.40466324633450423,0.2433521666417992,0.5670230110749352,0.7179215524599878,0.5554830902732546,0.10630511500808537,-0.5025808498176936,-0.4436563241871938,0.6061523941797402,-0.6318675452841788,-0.3091450592256816,0.37941710287423464,0.2043799820847599,0.6433007305017223,0.2598810142025184,-0.6348535475394729,-0.5748015216422069,0.017425854220856966,-0.5643628397410536,-0.36626338285673193,-0.03982069477858184,-0.28916478973147575,-0.6277986708880412,0.12357479005059918,-0.34659079556869093,-0.052540726066518634,-0.021074483432110748,-0.33339209201099945,-0.23285724565874585,-0.42323552595821484,0.6133495509259329,0.6640899736558926,-0.7166535103123766,-0.5105388725301321,-0.6701285721545188,0.25048130177539824,0.41090664028725826,-0.46052190895337913,0.48346974570749346,1.0,-0.6626698670566111,0.19052036314381776,0.4716349594044212,-0.4549150866880393,0.6124633723181313,-0.260749660056087,0.31935217652847603,-0.3173587168488694,0.10891588350698274,-0.14564762900997394
Sphingomicrobium (g),0.4797911754966497,0.2131065576365005,-0.45459501188616924,-0.45720525093406117,0.10109372507991754,0.8465489807971771,0.3825456589476515,0.07496816663959945,0.9958529967821999,-0.5635053433143646,-0.2302315018829229,0.9642740906503213,0.9346793319860197,0.7514441616279068,0.3926357081679424,-0.2457033561800061,0.29969258757552997,-0.6332957763837902,0.008608063151615835,0.11116232942581031,-0.2929936885956504,0.3988360213351884,-0.0258361357497523,0.16122172358752884,-0.11245826490925176,-0.026593792494965886,0.29556788575778725,-0.1871094838531902,-0.11105105162495785,0.30075966200053517,0.9809346214664193,0.9771124473209614,0.6375659977647671,0.9069882779973956,0.7597284147088122,0.6405969449454224,-0.2844339840062192,-0.03173917806342554,0.5020995511328127,0.8498232499831571,-0.10802078887135716,-0.3492967295769195,-0.09285620167006904,0.33537473381194,-0.015518881952218668,0.1182583265910427,0.06115111472714277,0.8052938367287341,-0.22496968321021651,0.13746606954724339,0.4097243601233264,-0.28600007427785834,-0.31779730252851446,0.33303850653364636,-0.6626698670566111,0.9999999999999999,0.28809100096128293,-0.11933301417874591,-0.030178911062392386,0.11202009612017448,0.15735518958601344,-0.23051071641673634,-0.29741173139374083,-0.3283498998651354,0.5456121084989138
Steroids and steroid derivatives,-0.17744388160637925,-0.6328684582478318,-0.6493806401902363,-0.7937456303211194,-0.8428834684642816,-0.17215383136964352,0.502905790920837,-0.6057934577819272,0.20445354522344897,-0.4448778108669451,-0.6164241911227535,0.19644629168427769,0.6087071675210289,-0.09459036617876199,0.5890075683144701,-0.6358797311159878,0.021559003876673942,-0.031623207550486164,0.6828956246841367,0.13511952194751603,0.4911728080886948,-0.6018190917584466,0.203774872586932,0.5764564563784912,-0.6310675891761517,-0.8914899567698769,0.5705509713688528,-0.7909063425336098,0.7400640293525166,0.7128342831693275,0.2587932147627779,0.17812365331733573,0.6693056544929833,-0.03112422001655877,0.8134693368510914,0.7589138962019852,-0.9625833478317897,-0.8304135653780851,0.21196677391420593,0.050375103869149,-0.8591367598924122,-0.673208008925915,-0.8893994460986184,-0.4951707416684602,-0.7541481354718403,0.727158532339686,0.6871265989130462,-0.3078804257696564,-0.48300973635866845,-0.7494745032768692,0.2703633859196842,-0.19447399241646068,-0.7775058724160056,0.5345237431317511,0.19052036314381782,0.28809100096128293,1.0,0.01563226569497062,-0.9582010575919079,0.7411186840205053,-0.07494691162205525,-0.6994909223633341,-0.9566013983630091,-0.4990601759266231,-0.31923445226756647
Subtype III-U factors,0.6984638054451136,0.2903913779507105,-0.40290056665646534,0.309190913633398,-0.09331183720504858,-0.08163573416240466,0.7951480054797687,-0.3487450429609227,-0.09630352134478724,0.7568416159038263,-0.7383978316127348,0.12749581194993123,-0.1127613419505264,0.4281912780169671,0.6143435383490232,0.31047028872911947,0.873193988227752,-0.43441991981881145,0.3542964521130349,0.8129718725051268,-0.664210840524842,0.38554904676409535,-0.13280358276069215,0.2617485967069522,-0.22092436360903045,0.1438832041459212,0.7808738680684509,0.3238180217758117,-0.057926432287169045,-0.3134332653699542,0.055672817874715064,-0.029512347127204255,0.5239544000364414,-0.09598173942182807,-0.22744327055602084,-0.04248754884675135,-0.28195433084320903,-0.46065474134408335,0.7679146701509152,0.059872319233351276,0.44836061032800417,0.5737747710267185,0.2667246239681581,0.6302825523690375,0.32160689030574846,0.5883513608013928,0.6122719719172248,-0.2241509200503889,-0.11299867699770816,0.013967936316073359,0.8093502023646569,0.9570324831326074,-0.45671721687464334,0.5067439977335068,0.4716349594044212,-0.11933301417874591,0.015632265694970573,1.0,-0.12642212830138302,0.5780401301054638,0.11730935395368872,0.5695790856767099,-0.021726511038617606,0.7435786777556268,0.1566666737891975
TMAO,0.2736169854841529,0.7383872749575201,0.5295301614315742,0.6467012991852662,0.9418688408090923,0.38969741525764295,-0.4784374353124923,0.7392186192753322,0.05424564741266064,0.28295926348167694,0.6604411966915608,0.03842273657489101,-0.3799042027351364,0.2762625960084033,-0.5979145172161412,0.4985998504138172,-0.03843506651406131,-0.14984154290503768,-0.7917872932471586,-0.22854760379777075,-0.5191770926427897,0.715367806589956,-0.11128639091190738,-0.6502063843791959,0.7127168511830465,0.9068108285555547,-0.5887682257129317,0.6919504773424043,-0.8431666047813641,-0.6936129410332683,-0.010963197665793827,0.05464332393194484,-0.5717798750365372,0.24473973292078618,-0.616248335125971,-0.6421416959493833,0.9436928432688053,0.9133359244627092,-0.17290709498323362,0.1172594898782373,0.8149530867774958,0.6023683433386081,0.9009292122514444,0.5525315954962347,0.797706871608489,-0.8027290691857142,-0.7810864881497623,0.5273780302445704,0.53411933070007,0.860695243234677,-0.2641566867239238,0.06678733593902868,0.7972375545019128,-0.5681749354626241,-0.4549150866880393,-0.03017891106239236,-0.9582010575919079,-0.126422128301383,1.0,-0.816547296259249,0.13932395243232792,0.575789842522182,0.9401340786474687,0.41232123014584265,0.3954311915345774
Triacylglycerols,0.1617575056685345,-0.5102421236254636,-0.4928029345283506,-0.29260931626023196,-0.8243847467855865,-0.1588740494602091,0.7892152394986356,-0.8934721149436203,0.05908558596193631,0.007787792929894653,-0.9567129389083101,0.17332640028379684,0.36252792747010854,0.07401665417480394,0.9241632114469652,-0.03812639445362909,0.5831003423202122,-0.049671513408261266,0.9296487680609876,0.7463808373891369,-0.034313604264838406,-0.3267951851647748,-0.2669222994978192,0.8470538363638273,-0.8550806540563748,-0.6013255811552314,0.9045809910538548,-0.2184452308686459,0.7242938529649608,0.5637008277160835,0.16087773570991146,0.13803158390528733,0.7840051844783718,-0.00541820191623079,0.417339049275195,0.6183928396070189,-0.8702400775885683,-0.9781484007587263,0.6531934712909694,0.20395940719775982,-0.35498230377257006,-0.32389075983542065,-0.6122479440967625,-0.04590365332781179,-0.5587904399544422,0.9991976836869542,0.9959203868424606,-0.32747103542361994,-0.7227212983971384,-0.7479446083304682,0.7374354721619331,0.3454761303177179,-0.9716940086601903,0.8966466267128738,0.6124633723181313,0.1120200961201745,0.7411186840205053,0.5780401301054638,-0.8165472962592489,0.9990404382573814,-0.10721581595849106,-0.04292705377381679,-0.8157778280972966,-0.09130226671142587,0.05603302735841199
Tubulinea ( g),0.3015208132799853,0.34815785331711596,-0.24124314436396352,-0.0366876630643725,0.2505916287251691,0.15507556830491712,0.14331212655066333,0.26475201494794953,0.174895949108553,0.14465670267066233,0.009790942798955204,0.20762764781993576,0.09395472648104497,0.2984422749913641,-0.044551197216089966,-0.1393067753864281,0.1121593726285598,-0.36665334631646607,-0.2380556517490157,-0.04611198964471294,-0.19635370325814658,0.29809111816121925,0.24900568812899576,-0.251074295841349,0.2651931904650505,0.15790228615885488,0.0516064448815442,-0.0411936000619145,-0.3138311374958144,-0.27412617945072687,0.20769943641038302,0.13133615354852068,0.10696613110596503,0.09465661093562325,0.04529343469575914,-0.06291118141027387,0.03804136171156858,0.13288428957824971,0.11827326166943902,0.0416745357950931,0.13773073202483316,0.24129458373247623,0.2347707284054272,0.25083146366746256,0.3064341003184321,-0.10677170816913284,-0.11965169226596634,0.13488565699719143,0.2730757049994005,0.3065637862837144,0.08370804860922709,0.15558776860770696,0.10412544135395418,-0.12799172555033822,-0.260749660056087,0.1573551895860134,-0.0749469116220553,0.11730935395368877,0.1393239524323278,-0.10721581595849101,0.15956331353797049,0.000543903152317643,0.15706792365537564,0.23870175140958344,-0.01211555358530748
Tylenchida ( g),0.46497940650851655,0.4101062287507883,0.44294416018875854,0.856845690974548,0.3935673745588861,0.16803232336396406,0.10054263054345727,-0.04740987698641027,-0.16134993045765209,0.6143432270579097,-0.10531470848052994,-0.03362473871188083,-0.4537913541382942,0.27362507188530927,0.13333118726764623,0.9204259708960542,0.6111364069984666,-0.03486278325212709,-0.025712412895882344,0.6079984884871782,-0.7996402753577676,0.5836942930409551,-0.6254960728563028,0.06646144089042573,0.012295244258222105,0.7023515422776336,0.12047335975093881,0.9610833344824127,-0.3378603791587292,-0.42806531354690924,-0.1405887539387154,-0.034177066968627004,-0.12879244758012642,0.1289176247099777,-0.7222496089161794,-0.4253995570442435,0.5082889588622137,0.20787734411143372,0.4156496521683299,0.22741740189899146,0.9096669208163052,0.622061762303814,0.6725618326121579,0.7189311969139944,0.5236726341336129,-0.02077326488621886,0.032212672462563534,0.19310742123884603,-0.08555196062621823,0.33052763299743104,0.41004403908364506,0.6207384925088943,0.10623109358074252,0.18944484404307993,0.31935217652847603,-0.23051071641673637,-0.6994909223633344,0.56957908567671,0.575789842522182,-0.04292705377381678,0.0005439031523175875,1.0000000000000002,0.5438528306811591,0.6067796134631396,0.6079324167048092
Uncharacterized ABC transport system,0.21655659711147535,0.7519736654541177,0.4693296309457045,0.6750405582670918,0.9143725678413237,0.10700583431048609,-0.4802775829146484,0.7756650168713641,-0.2149449195534803,0.5159648708074304,0.67287350366369,-0.20327837501948426,-0.6054767749113603,0.12387582226498599,-0.7010437626408531,0.4029520529785449,-0.10691322291356631,-0.1090471683916542,-0.833722133534184,-0.29571716238931284,-0.4233496779625927,0.6248189355640782,0.088319377312714,-0.7792809520067955,0.8203484087440994,0.8628107507421365,-0.5991488079153942,0.6059370267351478,-0.8645254762516933,-0.8607969761854305,-0.24773428369665917,-0.23911317969856086,-0.6684472383126033,-0.07610904522713097,-0.7628007018394853,-0.8182286256204521,0.9293291705552559,0.8778923151380185,-0.2876142619365497,-0.20170912717307546,0.7919068943560623,0.771204154480794,0.9293906482496017,0.4724739211512724,0.8595436023990616,-0.8067978114356812,-0.7765407225735017,0.2294627488793827,0.7158066844667981,0.8659419497333976,-0.35281729678019114,0.2296191157649553,0.8713559812703114,-0.704734300241087,-0.3173587168488694,-0.29741173139374083,-0.9566013983630092,-0.021726511038617606,0.9401340786474687,-0.8157778280972966,0.1570679236553757,0.5438528306811591,0.9999999999999999,0.5967423739689074,0.10589447694144666
Vitamin B12 transport system,0.6500874367807419,0.728669888612412,-0.1744049480960832,0.5311918647522111,0.49447302547714056,-0.11542889783623758,0.3277955747466006,0.31470960142052656,-0.2660115974588246,0.9566924187965972,-0.1173896828957552,-0.0856192961528128,-0.478896000147822,0.36859124491676853,-0.05194898477381747,0.26529795229859987,0.5026669460563103,-0.47230094566341807,-0.33116259993814534,0.2975335940692768,-0.6556196422963668,0.631800254677178,0.21173433939394165,-0.42707542511722346,0.46534136110730523,0.5633166000402909,0.21094540450174407,0.42705669232083004,-0.6274404636723095,-0.8656517371087092,-0.1494889816432725,-0.2730264130770674,-0.01697986250859308,-0.26940832947700316,-0.5988117631198904,-0.5807963111719245,0.2921291234135789,0.1846837921063832,0.3185807870406861,-0.2574031996182981,0.7241765334654091,0.9705475570799936,0.7584961556729773,0.6949006091399612,0.8145051673785069,-0.08340833191614253,-0.05361793657110073,-0.164005161639074,0.5348437251442275,0.5862477288631677,0.31353651164182633,0.8984046301856604,0.24408432002635733,-0.18317379131111844,0.10891588350698271,-0.32834989986513546,-0.4990601759266232,0.7435786777556269,0.41232123014584265,-0.09130226671142588,0.23870175140958347,0.6067796134631396,0.5967423739689074,0.9999999999999998,-0.049404521031397586
uncultured ( g),0.4758488926944151,0.22205830219473607,0.2637335338835654,0.35507633772894276,0.24962614886394882,0.7661619110618259,0.17979989259029272,-0.13964389024398793,0.5860885366184574,-0.1706799686556292,-0.1863810746521659,0.6118993680699354,0.3401063862656939,0.5829843715017448,0.3989381193937703,0.6776879924528468,0.5787777875832081,-0.2108840050199795,0.12359124594576741,0.5518190862767094,-0.7054677814150845,0.5635763035187303,-0.7645750777445511,0.36254700243494703,-0.267850813214376,0.4548407926229977,0.199639904467502,0.6825457711020684,-0.13339382993417942,0.14791119892478358,0.5415628704347599,0.7089449324349634,0.2658596430045863,0.8346932846492826,0.006439095188842699,0.2290733691446912,0.2225228084333172,0.12171864623320269,0.5895167340743874,0.8926672711802213,0.5395734062978386,-0.029610316621717345,0.2894140741138588,0.630591760284811,0.15587850619696456,0.07928225743700937,0.08429740177561271,0.7915672181418727,-0.47552135675803,0.16231844222509642,0.5266546535959988,0.03429146109349074,-0.19294802504032907,0.4824688476160806,-0.14564762900997394,0.5456121084989138,-0.31923445226756647,0.1566666737891976,0.3954311915345774,0.05603302735841203,-0.012115553585307491,0.6079324167048092,0.10589447694144652,-0.049404521031397586,1.0
