SampleID,true_add,predicted_add
soil.hip.CMU.16.12.2016.10.day.day3,11.1,17.984355555879972
soil.hip.CMU.16.12.2016.11.day.day21,31.1,96.66271111292008
soil.hip.CMU.16.12.2016.11.day.day17,27.5,50.82310000028014
soil.hip.CMU.16.12.2016.11.day.day19,27.5,53.299277777960114
soil.hip.CMU.16.12.2016.10.day.day1,0.0,59.61181111188015
soil.hip.CMU.16.12.2016.10.day.day2,5.55,17.366700000419943
soil.hip.CMU.16.12.2016.11.day.day14,26.1,56.078277778220084
soil.hip.CMU.16.12.2016.10.day.day5,16.9,45.43752222306012
soil.hip.CMU.16.12.2016.11.day.day15,27.5,44.505733333820054
soil.hip.CMU.16.12.2016.11.day.day13,26.1,54.10686666756012
soil.hip.CMU.16.12.2016.11.day.day11,26.1,54.08772222278014
soil.hip.CMU.16.12.2016.11.day.day12,26.1,73.46963333410011
soil.hip.CMU.16.12.2016.10.day.day8,26.1,55.10076666808011
soil.hip.CMU.16.12.2016.10.day.day4,14.4,45.477000000260105
soil.hip.CMU.16.12.2016.11.day.day16,27.5,56.9355777782601

soil.hip.CMU.16.14.2016.12.day.day6,0.0,32.64397777804001
soil.hip.CMU.16.14.2016.12.day.day18,19.4,53.570633333639925
soil.hip.CMU.16.14.2016.12.day.day16,8.05,60.19246666706019
soil.hip.CMU.16.14.2016.12.day.day21,19.4,47.864333333480054
soil.hip.CMU.16.14.2016.12.day.day15,6.95,48.357400000740085
soil.hip.CMU.16.14.2016.12.day.day17,12.75,36.639844444480026
soil.hip.CMU.16.14.2016.11.day.day1,0.0,22.55981111116001
soil.hip.CMU.16.14.2016.12.day.day19,19.4,19.669466667079977
soil.hip.CMU.16.14.2016.12.day.day7,1.4,40.70824444608
soil.hip.CMU.16.14.2016.12.day.day14,6.95,18.056833333520014
soil.hip.CMU.16.14.2016.12.day.day3,0.0,18.50968888892
soil.hip.CMU.16.14.2016.11.day.day2,0.0,33.182300000979936
soil.hip.CMU.16.14.2016.12.day.day10,1.4,79.6301000002
soil.hip.CMU.16.14.2016.12.day.day5,0.0,25.960100000700027
soil.hip.CMU.16.14.2016.12.day.day13,5.0,27.385833333660006
soil.hip.CMU.16.14.2016.12.day.day11,1.4,48.06983333377999
soil.hip.CMU.16.14.2016.12.day.day9,1.4,24.17005555580001
soil.hip.CMU.16.14.2016.12.day.day8,1.4,48.87968888903999

soil.hip.CMU.17.10.2017.08.19.day11,244.45,208.93262222345945
soil.hip.CMU.17.10.2017.08.25.day17,398.55,279.6638777773798
soil.hip.CMU.17.10.2017.08.09.day1,0.0,100.06258888999999
soil.hip.CMU.17.10.2017.08.11.day3,49.75,130.00000000059998
soil.hip.CMU.17.10.2017.08.27.day19,451.65,229.55291110993974
soil.hip.CMU.17.10.2017.08.18.day10,219.2,237.13066666601975
soil.hip.CMU.17.10.2017.08.13.day5,97.0,172.80846666619985
soil.hip.CMU.17.10.2017.08.10.day2,25.55,121.18115555707975
soil.hip.CMU.17.10.2017.08.20.day12,270.85,265.0542777762399
soil.hip.CMU.17.10.2017.08.21.day13,297.25,233.24797777695994
soil.hip.CMU.17.10.2017.08.12.day4,72.0,181.10487777879962
soil.hip.CMU.17.10.2017.08.28.day20,477.8,248.6840111121999
soil.hip.CMU.17.10.2017.08.14.day6,122.55,176.07931111563957
soil.hip.CMU.17.10.2017.08.17.day9,193.95,161.71815555693965
soil.hip.CMU.17.10.2017.08.22.day14,322.8,252.7095666684598
soil.hip.CMU.17.10.2017.08.23.day15,348.05,255.90786666545984
soil.hip.CMU.17.10.2017.08.29.day21,504.75,278.5354444437001
soil.hip.CMU.17.10.2017.08.24.day16,373.85,248.86092222201992
soil.hip.CMU.17.10.2017.08.26.day18,424.7,281.7719666647797

soil.hip.CMU.17.12.2017.10.25.day16,179.0,113.44964444643989
soil.hip.CMU.17.12.2017.10.19.day10,107.85,139.73888888985988
soil.hip.CMU.17.12.2017.10.26.day17,190.95,85.52106666796003
soil.hip.CMU.17.12.2017.10.27.day18,200.4,131.79165555759985
soil.hip.CMU.17.12.2017.10.10.day1,0.0,70.90393333470006
soil.hip.CMU.17.12.2017.10.22.day13,141.75,66.75090000070018
soil.hip.CMU.17.12.2017.10.15.day6,58.65,36.12853333385995
soil.hip.CMU.17.12.2017.10.13.day4,41.7,103.23365555639982
soil.hip.CMU.17.12.2017.10.11.day2,12.8,28.853833334920004
soil.hip.CMU.17.12.2017.10.23.day14,153.7,25.428077778299983
soil.hip.CMU.17.12.2017.10.20.day11,125.05,78.69467777974009
soil.hip.CMU.17.12.2017.10.24.day15,166.75,87.13687777896004
soil.hip.CMU.17.12.2017.10.29.day20,222.9,78.47588889014001
soil.hip.CMU.17.12.2017.10.12.day3,28.65,42.49790000174008
soil.hip.CMU.17.12.2017.10.17.day8,80.35,95.33740000157992

soil.hip.SHSU.2016.064.2016.08.29.day5,109.4444444,201.15148889356007
soil.hip.SHSU.2016.064.2016.09.09.day16,422.2222222,328.6511333340402
soil.hip.SHSU.2016.064.2016.09.14.day21,558.6111111,275.37518889236003
soil.hip.SHSU.2016.064.2016.09.06.day13,335.5555556,195.57255555708
soil.hip.SHSU.2016.064.2016.08.27.day3,55.27777778,69.22190000032006
soil.hip.SHSU.2016.064.2016.08.31.day7,166.3888889,206.14346667571982
soil.hip.SHSU.2016.064.2016.09.05.day12,306.9444444,279.6907888963001
soil.hip.SHSU.2016.064.2016.08.30.day6,137.5,247.10302223240018
soil.hip.SHSU.2016.064.2016.09.12.day19,503.3333333,274.51626666901967
soil.hip.SHSU.2016.064.2016.08.25.day1,0.0,48.822688888920055
soil.hip.SHSU.2016.064.2016.09.13.day20,530.8333333,308.4185666693203
soil.hip.SHSU.2016.064.2016.08.26.day2,27.5,175.8015777809199
soil.hip.SHSU.2016.064.2016.09.08.day15,393.6111111,305.7962777768002
soil.hip.SHSU.2016.064.2016.09.10.day17,449.4444444,238.3889888928
soil.hip.SHSU.2016.064.2016.09.07.day14,364.1666667,212.47946667203973
soil.hip.SHSU.2016.064.2016.09.01.day8,195.5555556,250.3482333436007

soil.hip.SHSU.2016.065.2016.09.06.day13,335.5555556,357.0309888916007
soil.hip.SHSU.2016.065.2016.09.05.day12,306.9444444,378.674755551801
soil.hip.SHSU.2016.065.2016.09.12.day19,503.3333333,418.13469999120053
soil.hip.SHSU.2016.065.2016.09.08.day15,393.6111111,325.4967666669004
soil.hip.SHSU.2016.065.2016.09.10.day17,449.4444444,352.28306666188007
soil.hip.SHSU.2016.065.2016.09.02.day9,223.0555556,325.570877779201
soil.hip.SHSU.2016.065.2016.08.27.day3,55.27777778,75.67699999999991
soil.hip.SHSU.2016.065.2016.09.04.day11,278.0555556,349.8063666652402
soil.hip.SHSU2016.065.2016.09.03.day10,250.2777778,330.2452888896009
soil.hip.SHSU.2016.065.2016.08.30.day6,137.5,188.15346667451988
soil.hip.SHSU.2016.065.2016.09.07.day14,364.1666667,350.67884443880035
soil.hip.SHSU.2016.065.2016.08.31.day7,166.3888889,207.7813666718399
soil.hip.SHSU.2016.065.2016.09.01.day8,195.5555556,259.61751111343995
soil.hip.SHSU.2016.065.2016.08.28.day4,82.22222222,145.0742111124599

soil.hip.SHSU.2016.067.2016.09.24.day9,229.8,282.0330222259603
soil.hip.SHSU.2016.067.2016.09.18.day3,58.9,73.55841111105998
soil.hip.SHSU.2016.067.2016.09.30.day15,367.55,291.52940000968084
soil.hip.SHSU.2016.067.2016.10.05.day20,486.1,313.24817778620076
soil.hip.SHSU.2016.067.2016.09.29.day14,348.1,304.77688889854016
soil.hip.SHSU.2016.067.2016.09.27.day12,303.65,278.9749000071999
soil.hip.SHSU.2016.067.2016.10.01.day16,388.4,297.1352444537805
soil.hip.SHSU.2016.067.2016.09.22.day7,173.4,235.30986667048023
soil.hip.SHSU.2016.067.2016.09.26.day11,280.6,294.32350000920036
soil.hip.SHSU.2016.067.2016.09.21.day6,146.15,214.6803111143803
soil.hip.SHSU.2016.067.2016.09.25.day10,256.45,284.57316667288035
soil.hip.SHSU2016.067.2016.10.03.day18,432.5,285.4228333426004
soil.hip.SHSU.2016.067.2016.09.28.day13,327.0,318.56170000980063
soil.hip.SHSU.2016.067.2016.10.04.day19,457.5,344.47658889764125
soil.hip.SHSU.2016.067.2016.10.02.day17,410.3,280.4369333438004
soil.hip.SHSU.2016.067.2016.09.16.day1,0.0,174.67795555457994

soil.hip.SHSU.2016.072.2016.11.21.day18,305.2,120.61246666784001
soil.hip.SHSU.2016.072.2016.11.06.day3,40.6,64.6656888895001
soil.hip.SHSU.2016.072.2016.11.15.day12,209.6,188.27302222514
soil.hip.SHSU.206.072.2016.11.16.day13,230.7,179.76293333392002
soil.hip.SHSU.2016.072.2016.11.05.day2,19.45,61.6867333335801
soil.hip.SHSU.2016.072.2016.11.11.day8,135.35,145.51712222311988
soil.hip.SHSU.2016.072.2016.11.19.day16,281.0,194.34123334038011
soil.hip.SHSU.2016.072.2016.11.08.day5,82.0,110.832966667
soil.hip.SHSU.2016.072.2016.11.07.day4,62.55,155.89346666652
soil.hip.SHSU.2016.072.2016.11.14.day11,189.05,121.41053333600001
soil.hip.SHSU.2016.072.2016.11.24.day21,357.45,152.21060000149998
soil.hip.SHSU.2016.072.2016.11.09.day6,100.6,67.94018888928
soil.hip.SHSU.2016.072.2016.11.10.day7,117.55,127.85095555555993
soil.hip.SHSU.2016.072.2016.11.17.day14,252.9,166.78980000405986
soil.hip.SHSU.2016.072.2016.11.18.day15,271.25,158.62026666693993
soil.hip.SHSU.2016.072.2016.11.20.day17,289.9,131.51333333378
soil.hip.SHSU.2016.072.2016.11.04.day1,0.0,61.01581111137998
soil.hip.SHSU.2016.072.2016.11.23.day20,342.45,257.4022777842002

soil.hip.SHSU.2016.073.2016.11.07.day4,62.55,59.62658888948005
soil.hip.SHSU.2016.073.2016.11.19.day16,281.0,208.14965556324006
soil.hip.SHSU.2016.073.2016.11.23.day20,342.45,223.39400000229998
soil.hip.SHSU.2016.073.2016.11.21.day18,305.2,185.9559444474199
soil.hip.SHSU.2016.073.2016.11.24.day21,357.45,243.6697222275202
soil.hip.SHSU.2016.073.2016.11.08.day5,82.0,79.18854444530011
soil.hip.SHSU.2016.073.2016.11.22.day19,326.9,227.28270000556003
soil.hip.SHSU.2016.073.2016.11.09.day6,100.6,108.72695555651991

soil.hip.SHSU.2016.076.2016.12.11.day20,236.4,185.70417778155976
soil.hip.SHSU.2016.076.2016.11.25.day4,47.5,234.47338889271987
soil.hip.SHSU.2016.076.2016.12.01.day10,137.75,225.28797778054007
soil.hip.SHSU.2016.076.2016.11.23.day2,15.55,285.92848889392013
soil.hip.SHSU.2016.076.2016.11.30.day9,127.45,156.38997777974004
soil.hip.SHSU.2016.076.2016.11.24.day3,30.55,276.1758666714802
soil.hip.SHSU.2016.076.2016.12.05.day14,178.6,247.50846666951978
soil.hip.SHSU.2016.076.2016.12.03.day12,159.15,240.19114444752
soil.hip.SHSU.2016.076.2016.11.28.day7,99.45,261.51536666887995
soil.hip.SHSU.2016.076.2016.12.02.day11,149.4,227.87410000322
soil.hip.SHSU.2016.076.2016.12.06.day15,190.5,180.49383333582006
soil.hip.SHSU.2016.076.2016.12.08.day17,210.25,167.84142222377994
soil.hip.SHSU.2016.076.2016.11.26.day5,63.6,260.8057888921398
soil.hip.SHSU.2016.076.2016.11.29.day8,116.1,222.6048888918402
soil.hip.SHSU.2016.076.2016.12.09.day18,213.9,184.6926444501
soil.hip.SHSU.2016.076.2016.11.27.day6,80.3,285.0103222259201
soil.hip.SHSU.2016.076.2016.12.10.day19,219.45,185.84230000469964
soil.hip.SHSU.2016.076.2016.12.04.day13,169.15,307.5652333360598
soil.hip.SHSU.2016.076.2016.12.07.day16,203.0,167.89972222371975
soil.hip.SHSU.2016.076.2016.12.12.day21,254.5,178.49165555729988

soil.hip.SHSU.2017.043.2017.12.05.day6,88.6,95.08442222280007
soil.hip.SHSU.2017.043.2017.12.17.day18,190.85,147.80725555748006
soil.hip.SHSU.2017.043.2017.12.02.day3,31.95,92.98420000084026
soil.hip.SHSU.2017.043.2017.12.06.day7,96.1,55.54584444502008
soil.hip.SHSU.2017.043.2017.12.20.day21,243.05,111.7100111119402
soil.hip.SHSU.2017.043.2017.12.08.day9,103.65,76.87656666750016
soil.hip.SHSU.2017.043.2017.12.13.day14,150.6,109.61195555744006
soil.hip.SHSU.2017.043.2017.12.18.day19,205.0,81.31501111190012
soil.hip.SHSU.2017.043.2017.12.16.day17,180.3,92.46256666766004
soil.hip.SHSU.2017.043.2017.12.15.day16,172.55,148.79456666831993
soil.hip.SHSU.2017.043.2017.12.10.day11,120.1,59.719288889140145
soil.hip.SHSU.2017.043.2017.12.07.day8,100.55,49.98516666716004
soil.hip.SHSU.2017.043.2017.12.03.day4,49.45,45.5632111111201
soil.hip.SHSU.2017.043.2017.12.19.day20,225.85,130.83004444610017
soil.hip.SHSU.2017.043.2017.12.12.day13,143.4,117.00098888988009
soil.hip.SHSU.2017.043.2017.12.09.day10,111.45,71.53062222302003
soil.hip.SHSU.2017.043.2017.12.04.day5,72.5,59.67435555608007
soil.hip.SHSU.2017.043.2017.12.11.day12,134.25,67.04396666700012

soil.hip.SHSU.2017.045.2017.12.14.day3,18.9,67.88590000014001
soil.hip.SHSU.2017.045.2017.12.28.day17,170.75,137.9426000008198
soil.hip.SHSU.2017.045.2017.12.13.day2,7.2,75.10267777894003
soil.hip.SHSU.2017.045.2017.12.30.day19,187.45,139.5265333343798
soil.hip.SHSU.2017.045.2017.12.23.day12,139.9,110.08114444530017
soil.hip.SHSU.2017.045.2017.12.29.day18,178.25,131.50636666845963
soil.hip.SHSU.2017.045.2017.12.16.day5,36.9,51.70724444478
soil.hip.SHSU.2017.045.2017.12.12.day1,0.0,84.70500000157996
soil.hip.SHSU.2017.045.2017.12.19.day8,82.45,85.03973333407995
soil.hip.SHSU.2017.045.2017.01.01.day21,191.65,150.8502000011198
soil.hip.SHSU.2017.045.2017.12.26.day15,161.6,133.60722222215938
soil.hip.SHSU.2017.045.2017.12.27.day16,166.05,140.59886666873965
soil.hip.SHSU.2017.045.2017.12.21.day10,117.15,91.41617777825992
soil.hip.SHSU.2017.045.2017.12.17.day6,47.45,59.27448888879997
soil.hip.SHSU.2017.045.2017.12.22.day11,132.15,88.80097777851995
soil.hip.SHSU.2017.045.2017.12.15.day4,29.15,64.09167777797998
soil.hip.SHSU.2017.045.2017.12.18.day7,61.6,56.22183333346002
soil.hip.SHSU.2017.045.2017.12.20.day9,99.65,100.9415555561
soil.hip.SHSU.2017.045.2017.12.31.day20,191.6,147.88530000153978
soil.hip.SHSU.2017.045.2017.12.24.day13,149.05,146.9137000006996
soil.hip.SHSU.2017.045.2017.12.25.day14,154.4,144.50301111163964

soil.hip.SHSU.2017.046.2018.01.07.day20,144.6,187.56135555723975
soil.hip.SHSU.2017.046.2017.12.20.day2,17.2,163.66545555672005
soil.hip.SHSU.2017.046.2018.01.04.day17,113.45,169.12718889153996
soil.hip.SHSU.2017.046.2017.12.26.day8,79.15,157.48005555606014
soil.hip.SHSU.2017.046.2018.01.05.day18,122.1,186.67281111327978
soil.hip.SHSU.2017.046.2017.01.01.day14,109.2,163.85351111173998
soil.hip.SHSU.2017.046.2017.12.29.day11,95.8,155.17768889232002
soil.hip.SHSU.2017.046.2017.12.28.day10,88.3,143.49698889077996
soil.hip.SHSU.2017.046.2018.01.02.day15,109.2,170.71238889383991
soil.hip.SHSU.2017.046.2017.12.25.day7,71.95,166.7742000027799
soil.hip.SHSU.2017.046.2017.12.31.day13,109.15,166.45521111355978
soil.hip.SHSU.2017.046.2017.12.19.day1,0.0,113.23085555584004
soil.hip.SHSU.2017.046.2017.12.23.day5,57.45,108.14975555606001
soil.hip.SHSU.2017.046.2018.01.08.day21,156.0,181.53895555719976
soil.hip.SHSU.2017.046.2017.12.27.day9,83.6,147.50686667006
soil.hip.SHSU.2017.046.2017.12.30.day12,105.0,153.8025000031
soil.hip.SHSU.2017.046.2017.12.21.day3,34.7,110.37260000126003
soil.hip.SHSU.2017.046.2018.01.03.day16,110.05,165.44693333831992
soil.hip.SHSU.2017.046.2018.01.06.day19,130.75,180.2325444464798
soil.hip.SHSU.2017.046.2017.12.24.day6,66.6,156.23222222495986

soil.hip.CMU.16.04.2016.mo.day9,62.22222223,106.77913333509996
soil.hip.CMU.16.04.2016.mo.day21,173.6111111,240.80038888920043
soil.hip.CMU.16.04.2016.mo.day4,29.72222223,54.85191111572017
soil.hip.CMU.16.04.2016.mo.day19,149.7222222,158.3933777796998
soil.hip.CMU.16.04.2016.mo.day5,40.00000001,97.2249666692
soil.hip.CMU.16.04.2016.mo.day8,57.77777778,72.37612222284024
soil.hip.CMU.16.04.2016.mo.day17,122.7777778,100.66025556102021
soil.hip.CMU.16.04.2016.mo.day1,0.0,82.16553333396001
soil.hip.CMU.16.04.2016.mo.day13,91.66666667,92.32121111201998
soil.hip.CMU.16.04.2016.mo.day12,87.77777778,144.22200000182002
soil.hip.CMU.16.04.2016.mo.day18,136.9444445,189.38901111369978
soil.hip.CMU.16.04.2016.mo.day14,96.11111111,131.43673333676008
soil.hip.CMU.16.04.2016.mo.day3,16.66666667,48.54580000006012

soil.hip.CMU.16.03.2016.3.day19,153.3333333,239.1313555592199
soil.hip.CMU.16.03.2016.3.day12,102.7777778,131.65160000382002
soil.hip.CMU.16.03.2016.3.day9,73.05555556,42.2634888897001
soil.hip.CMU.16.03.2016.3.day21,164.7222222,185.3040000041598
soil.hip.CMU.16.03.2016.3.day14,117.7777778,104.08845555942023
soil.hip.CMU.16.03.2016.3.day5,47.22222223,99.29426666776
soil.hip.CMU.16.03.2016.3.day11,89.72222223,72.39787777960021
soil.hip.CMU.16.03.2016.3.day8,66.11111112,26.489444444599958
soil.hip.CMU.16.03.2016.3.day16,130.8333333,207.10868889061965
soil.hip.CMU.16.03.2016.3.day20,160.8333333,223.41812222480002
soil.hip.CMU.16.03.2016.3.day13,113.0555556,84.95391111600037
soil.hip.CMU.16.03.2016.3.day3,25.83333334,27.374466667379938
soil.hip.CMU.16.03.2016.3.day15,123.8888889,137.45297778064008
soil.hip.CMU.16.03.2016.3.day10,80.83333334,195.5838777819601

soil.hip.CMU.16.05.2016.mo.day3,11.38888889,45.29300000322012
soil.hip.CMU.16.05.2016.mo.day12,110.2777778,145.46354444892006
soil.hip.CMU.16.05.2016.mo.day14,136.6666667,138.88108889254
soil.hip.CMU.16.05.2016.mo.day21,214.1666667,208.90301111520006
soil.hip.CMU.16.05.2016.mo.day2,7.5,51.659955558420165
soil.hip.CMU.16.05.2016.mo.day1,0.0,72.67286666992018
soil.hip.CMU.16.05.2016.mo.day4,15.83333333,33.88826666760002

soil.hip.UTK.K016.07.2017.Jan.06.day1,0.0,24.142288888839914
soil.hip.UTK.K016.07.2017.Jan.25.day19,202.2,148.29515555554002
soil.hip.UTK.K016.07.2017.Jan.14.day8,64.5,47.474366666659904
soil.hip.UTK.K016.07.2017.Jan.09.day3,0.0,54.285877779100005
soil.hip.UTK.K016.07.2017.Jan.22.day16,174.6,170.66735555591984
soil.hip.UTK.K016.07.2017.Jan.18.day12,124.1,141.37120000063956
soil.hip.UTK.K016.07.2017.Jan.21.day15,161.0,160.72534444531973
soil.hip.UTK.K016.07.2017.Jan.26.day20,212.9,124.03342222244001
soil.hip.UTK.K016.07.2017.Jan.23.day17,186.2,113.19234444474004
soil.hip.UTK.K016.07.2017.Jan.17.day11,109.7,101.52240000039993
soil.hip.UTK.K016.07.2017.Jan.08.day2,0.0,25.87760000007994
soil.hip.UTK.K016.07.2017.Jan.24.day18,194.1,161.90460000011984
soil.hip.UTK.K016.07.2017.Jan.19.day13,133.9,145.31157777820007
soil.hip.UTK.K016.07.2017.Jan.10.day4,3.9,18.754966666659985
soil.hip.UTK.K016.07.2017.Jan.13.day7,49.3,36.21493333331983
soil.hip.UTK.K016.07.2017.Jan.16.day10,94.1,30.822988888679877
soil.hip.UTK.K016.07.2017.Jan.20.day14,148.3,165.03826666693965
soil.hip.UTK.K016.07.2017.Jan.15.day9,80.4,59.58941111099994
soil.hip.UTK.K016.07.2017.Jan.12.day6,32.8,40.35798888881988
soil.hip.UTK.K016.07.2017.Jan.11.day5,15.8,21.798877777679955
soil.hip.UTK.K016.07.2017.Jan.27.day21,215.9,127.46648888884

soil.hip.UTK.K016.08.2017.Jan.20.day14,148.3,88.74878888971993
soil.hip.UTK.K016.08.2017.Jan.11.day5,15.8,62.235444444539894
soil.hip.UTK.K016.08.2017.Jan.21.day15,161.0,78.90104444485996
soil.hip.UTK.K016.08.2017.Jan.17.day11,109.7,147.30734444433978
soil.hip.UTK.K016.08.2017.Jan.13.day7,49.3,61.364511110979905
soil.hip.UTK.K016.08.2017.Jan.15.day9,80.4,69.63897777808003
soil.hip.UTK.K016.08.2017.Jan.19.day13,133.9,91.44081111148004
soil.hip.UTK.K016.08.2017.Jan.10.day4,3.9,31.540100000259912
soil.hip.UTK.K016.08.2017.Jan.14.day8,64.5,127.14392222255994
soil.hip.UTK.K016.08.2017.Jan.12.day6,32.8,44.021888888999904
soil.hip.UTK.K016.08.2017.Jan.26.day20,212.9,120.18586666912002
soil.hip.UTK.K016.08.2017.Jan.16.day10,94.1,132.46324444529986
soil.hip.UTK.K016.08.2017.Jan.08.day2,0.0,40.18610000003995
soil.hip.UTK.K016.08.2017.Jan.25.day19,202.2,119.36937777879992
soil.hip.UTK.K016.08.2017.Jan.18.day12,124.1,121.12912222312004
soil.hip.UTK.K016.08.2017.Jan.27.day21,215.9,139.39180000304
soil.hip.UTK.K016.08.2017.Jan.09.day3,0.0,39.25147777767988
soil.hip.UTK.K016.08.2017.Jan.22.day16,174.6,145.10782222311997
soil.hip.UTK.K016.08.2017.Jan.06.day1,0.0,34.632533333299904
soil.hip.UTK.K016.08.2017.Jan.23.day17,186.2,153.08905555519976
soil.hip.UTK.K016.08.2017.Jan.24.day18,194.1,163.4662555552196

soil.hip.UTK.K016.09.2017.Jan.12.day6,32.8,47.62211111129996
soil.hip.UTK.K016.09.2017.Jan.13.day7,49.3,78.30642222264017
soil.hip.UTK.K016.09.2017.Jan.09.day3,0.0,32.704455555619944
soil.hip.UTK.K016.09.2017.Jan.24.day18,194.1,105.13573333336
soil.hip.UTK.K016.09.2017.Jan.08.day2,0.0,59.78682222252005
soil.hip.UTK.K016.09.2017.Jan.20.day14,148.3,60.761144444860015
soil.hip.UTK.K016.09.2017.Jan.17.day11,109.7,80.83652222258004
soil.hip.UTK.K016.09.2017.Jan.25.day19,202.2,120.5207777782799
soil.hip.UTK.K016.09.2017.Jan.14.day8,64.5,52.93492222254003
soil.hip.UTK.K016.09.2017.Jan.06.day1,0.0,41.11822222263999
soil.hip.UTK.K016.09.2017.Jan.18.day12,124.1,68.41686666689999
soil.hip.UTK.K016.09.2017.Jan.11.day5,15.8,30.842877777959913
soil.hip.UTK.K016.09.2017.Jan.27.day21,215.9,149.50973333475983
soil.hip.UTK.K016.09.2017.Jan.26.day20,212.9,142.97116666615983
soil.hip.UTK.K016.09.2017.Jan.15.day9,80.4,65.14080000037998
soil.hip.UTK.K016.09.2017.Jan.21.day15,161.0,66.70061111135996
soil.hip.UTK.K016.09.2017.Jan.16.day10,94.1,62.02653333355995
soil.hip.UTK.K016.09.2017.Jan.22.day16,174.6,66.91140000028004
soil.hip.UTK.K016.09.2017.Jan.10.day4,3.9,41.86603333349991
soil.hip.UTK.K016.09.2017.Jan.23.day17,186.2,92.19960000006002

soil.hip.CMU.17.04.2017.03.day5,46.95,47.712300002540104
soil.hip.CMU.17.04.2017.03.day16,213.25,194.78797777987984
soil.hip.CMU.17.04.2017.03.day20,254.4,196.52455555723998
soil.hip.CMU.17.04.2017.03.day14,191.65,221.2666888907602
soil.hip.CMU.17.04.2017.03.day18,235.2,319.47318888830034
soil.hip.CMU.17.04.2017.03.day9,109.7,29.74825555843997
soil.hip.CMU.17.04.2017.03.day2,12.5,32.68521111392001
soil.hip.CMU.17.04.2017.03.day15,202.45,122.65193333445998
soil.hip.CMU.17.04.2017.03.day6,61.65,87.66265555952019
soil.hip.CMU.17.04.2017.03.day10,127.45,123.6661888911799
soil.hip.CMU.17.04.2017.03.day13,180.25,135.08765555964013
soil.hip.CMU.17.04.2017.03.day11,144.95,123.20671111427995
soil.hip.CMU.17.04.2017.03.day19,243.55,54.99381111406032
soil.hip.CMU.17.04.2017.03.day4,34.15,45.91392222566012
soil.hip.CMU.17.04.2017.03.day21,267.15,221.48343333648
soil.hip.CMU.17.04.2017.03.day1,0.0,46.06502222626013
soil.hip.CMU.17.04.2017.03.day12,162.45,200.45878888997999
soil.hip.CMU.17.04.2017.03.day7,76.65,56.508588891280176
soil.hip.CMU.17.04.2017.03.day17,224.05,180.65492222507964
soil.hip.CMU.17.04.2017.03.day3,24.15,53.3299777803402

soil.hip.CMU.16.15.2016.12.day13,17.15,55.64244444502009
soil.hip.CMU.16.15.2016.12.day16,18.8,78.16277777836005
soil.hip.CMU.16.15.2016.12.day3,1.1,86.37718888904018
soil.hip.CMU.16.15.2016.12.day2,0.0,60.81326666846028
soil.hip.CMU.16.15.2016.12.day1,0.0,34.99607777855999
soil.hip.CMU.16.15.2016.12.day10,12.45,87.42555555598005
soil.hip.CMU.16.15.2016.12.day14,18.8,53.224766667060074
soil.hip.CMU.16.15.2016.12.day20,19.35,25.77867777797998
soil.hip.CMU.16.15.2016.12.day8,12.45,42.56637777820008
soil.hip.CMU.16.15.2016.12.day11,12.45,31.135733333679983
soil.hip.CMU.16.15.2016.12.day9,12.45,52.32583333420009
soil.hip.CMU.16.15.2016.12.day18,19.35,26.776288889199982
soil.hip.CMU.16.15.2016.12.day4,5.8,45.36025555586004
soil.hip.CMU.16.15.2016.12.day5,12.45,38.62220000056002
soil.hip.CMU.16.15.2016.12.day15,18.8,41.82608889016002
soil.hip.CMU.16.15.2016.12.day6,12.45,35.94025555613998
soil.hip.CMU.16.15.2016.12.day12,12.7,51.32580000050012

soil.hip.CMU.16.09.2016.08.15.day21,521.95,79.61365555908014
soil.hip.CMU.16.09.2016.08.03.day9,225.0,148.93625555737998
soil.hip.CMU.16.09.2016.08.13.day19,471.65,307.9448111114201
soil.hip.CMU.16.09.2016.08.10.day16,397.75,135.52262222418014
soil.hip.CMU.16.09.2016.07.31.day6,142.45,162.62153333834053
soil.hip.CMU.16.09.2016.08.08.day14,343.3,134.32377777841998
soil.hip.CMU.16.09.2016.08.06.day12,293.3,198.57361111347984
soil.hip.CMU.16.09.2016.08.04.day10,248.35,218.6598888909997
soil.hip.CMU.16.09.2016.08.07.day13,317.75,192.9193555576196
soil.hip.CMU.16.09.2016.08.02.day8,196.65,25.476877778359988
soil.hip.CMU.16.09.2016.08.12.day18,446.35,312.33527777933995
soil.hip.CMU.16.09.2016.08.09.day15,371.35,98.6116777801202
soil.hip.CMU.16.09.2016.08.11.day17,422.75,167.99952222395993

soil.hip.CMU.16.10.2016.08.16.day11,255.05,283.8304999990801
soil.hip.CMU.16.10.2016.08.15.day10,228.65,260.4158222214396
soil.hip.CMU.16.10.2016.08.22.day17,400.0,252.3664555556403
soil.hip.CMU.16.10.2016.08.20.day15,351.95,298.35190000128006
soil.hip.CMU.16.10.2016.08.26.day21,483.95,92.49821111224006
soil.hip.CMU.16.10.2016.08.18.day13,303.9,191.8463111128002
soil.hip.CMU.16.10.2016.08.12.day7,153.05,275.12794444420035
soil.hip.CMU.16.10.2016.08.21.day16,376.1,326.72865555632086
soil.hip.CMU.16.10.2016.08.17.day12,280.3,314.40183333462033
soil.hip.CMU.16.10.2016.08.23.day18,421.7,317.51216666906015
soil.hip.CMU.16.10.2016.08.11.day6,129.45,75.81282222368006
soil.hip.CMU.16.10.2016.08.08.day3,50.0,18.746022222719965
soil.hip.CMU.16.10.2016.08.25.day20,464.75,299.1955111091607
soil.hip.CMU.16.10.2016.08.06.day1,0.0,37.794555555580004

soil.hip.CMU.17.01.2017.01.day8,6.15,37.92682222480003
soil.hip.CMU.17.01.2017.01.day5,0.0,57.745822224060134
soil.hip.CMU.17.01.2017.01.day20,33.4,75.19908888946016
soil.hip.CMU.17.01.2017.01.day22,33.65,95.6569111119602
soil.hip.CMU.17.01.2017.01.day4,0.0,21.39748889007997
soil.hip.CMU.17.01.2017.01.day9,8.65,61.711400002260255
soil.hip.CMU.17.01.2017.01.day2,0.0,49.20533333526012
soil.hip.CMU.17.01.2017.01.day18,28.65,34.17300000157996
soil.hip.CMU.17.01.2017.01.day17,27.8,44.686400001120084
soil.hip.CMU.17.01.2017.01.day1,0.0,71.92766666806018
soil.hip.CMU.17.01.2017.01.day21,33.65,81.98145555686024
soil.hip.CMU.17.01.2017.01.day15,26.7,66.42644444610015
soil.hip.CMU.17.01.2017.01.day19,28.95,70.50187777894014
soil.hip.CMU.17.01.2017.01.day11,16.4,92.31101111520034
soil.hip.CMU.17.01.2017.01.day10,12.25,49.33582222298011
soil.hip.CMU.17.01.2017.01.day3,0.0,62.02376666868015
soil.hip.CMU.17.01.2017.01.day12,20.3,62.81765555680016

soil.hip.UTK.K016.01.2016.04.17.day13,157.7777778,231.27394444698
soil.hip.UTK.K016.01.2016.04.11.day7,62.50000001,123.94735555563994
soil.hip.UTK.K016.01.2016.04.12.day8,76.3888889,152.88705555647996
soil.hip.UTK.K016.01.2016.04.13.day9,90.27777779,136.64158888921995
soil.hip.UTK.K016.01.2016.04.14.day10,108.8888889,138.0363222228799
soil.hip.UTK.K016.01.2016.04.06.day2,10.55555556,45.97967777779995
soil.hip.UTK.K016.01.2016.04.25.day21,313.8888889,264.62566666885994
soil.hip.UTK.K016.01.2016.04.22.day18,260.0,188.9909777778398
soil.hip.UTK.K016.01.2016.04.15.day11,126.6666667,186.1688222230397
soil.hip.UTK.K016.01.2016.04.21.day17,242.2222222,249.3600777808402
soil.hip.UTK.K016.01.2016.04.18.day14,176.9444445,231.71868889184003
soil.hip.UTK.K016.01.2016.04.24.day20,293.6111111,264.49666667043977
soil.hip.UTK.K016.01.2016.04.16.day12,141.6666667,233.94608889085993
soil.hip.UTK.K016.01.2016.04.19.day15,197.5,217.93378889277986
soil.hip.UTK.K016.01.2016.04.20.day16,220.8333333,219.48595555754025

soil.hip.UTK.K016.02.2016.04.27.day15,269.4444445,293.6172222250001
soil.hip.UTK.K016.02.2016.04.26.day14,245.5555556,243.5044222274004
soil.hip.UTK.K016.02.2016.04.25.day13,223.6111111,141.66910000100006
soil.hip.UTK.K016.02.2016.05.01.day19,354.7222222,288.94135556071996
soil.hip.UTK.K016.02.2016.04.24.day12,203.3333333,212.39027778086023
soil.hip.UTK.K016.02.2016.04.29.day17,313.3333333,269.52997778236016
soil.hip.UTK.K016.02.2016.05.03.day21,394.4444444,263.3901444481004
soil.hip.UTK.K016.02.2016.04.28.day16,292.2222222,257.5300777801207
soil.hip.UTK.K016.02.2016.04.16.day4,51.38888889,63.453711111400004
soil.hip.UTK.K016.02.2016.04.30.day18,332.7777778,299.2215888913204
soil.hip.UTK.K016.02.2016.04.18.day6,86.66666667,120.90553333424003
soil.hip.UTK.K016.02.2016.04.14.day2,18.61111111,59.72972222203995
soil.hip.UTK.K016.02.2016.04.13.day1,0.0,76.58101111272009
soil.hip.UTK.K016.02.2016.05.02.day20,375.8333333,224.15796666733974
soil.hip.UTK.K016.02.2016.04.21.day9,151.9444445,123.68741111210016
soil.hip.UTK.K016.02.2016.04.20.day8,130.5555556,140.4334555578001
soil.hip.UTK.K016.02.2016.04.23.day11,185.8333333,152.37348889184022
soil.hip.UTK.K016.02.2016.04.19.day7,107.2222222,130.13761111228013
soil.hip.UTK.K016.02.2016.04.22.day10,169.7222222,173.51347778040022

soil.hip.UTK.K016.03.2016.05.14.day9,168.6111111,259.0907555612
soil.hip.UTK.K016.03.2016.05.20.day15,268.8888889,286.67936666956024
soil.hip.UTK.K016.03.2016.05.21.day16,289.1666667,260.66268888622017
soil.hip.UTK.K016.03.2016.05.19.day14,250.8333333,277.5466111135201
soil.hip.UTK.K016.03.2016.05.10.day5,86.11111111,135.47798889116007
soil.hip.UTK.K016.03.2016.05.11.day6,109.7222222,99.6934444459601
soil.hip.UTK.K016.03.2016.05.15.day10,180.5555556,252.20073333548018
soil.hip.UTK.K016.03.2016.05.08.day3,41.38888889,136.48342222302
soil.hip.UTK.K016.03.2016.05.07.day2,18.61111111,114.29607777784005
soil.hip.UTK.K016.03.2016.05.06.day1,0.0,107.48694444628002
soil.hip.UTK.K016.03.2016.05.17.day12,213.0555556,279.06210000300035
soil.hip.UTK.K016.03.2016.05.18.day13,231.3888889,282.0592555618003
soil.hip.UTK.K016.03.2016.05.22.day17,308.0555556,301.61168889502005
soil.hip.UTK.K016.03.2016.05.23.day18,326.1111111,296.1746333409204
soil.hip.UTK.K016.03.2016.05.24.day19,345.2777778,312.39572222920054
soil.hip.UTK.K016.03.2016.05.25.day20,366.9444445,323.9937222286002
soil.hip.UTK.K016.03.2016.05.26.day21,390.2777778,314.2987666730806

soil.hip.UTK.K016.04.2016.10.16.day21,383.0,333.1762666660011
soil.hip.UTK.K016.04.2016.10.13.day18,320.1,336.66233333316086
soil.hip.UTK.K016.04.2016.10.09.day14,253.1,311.8689777810009
soil.hip.UTK.K016.04.2016.10.11.day16,286.1,312.28945555668093
soil.hip.UTK.K016.04.2016.10.02.day7,111.5,170.5959888921601
soil.hip.UTK.K016.04.2016.10.15.day20,361.3,321.0790777772009
soil.hip.UTK.K016.04.2016.10.10.day15,269.7,301.8585111142006
soil.hip.UTK.K016.04.2016.10.08.day13,236.2,316.9189444474011
soil.hip.UTK.K016.04.2016.09.26.day1,0.0,43.65555555583998
soil.hip.UTK.K016.04.2016.10.14.day19,340.2,313.72994444540086
soil.hip.UTK.K016.04.2016.09.29.day4,60.4,119.30088888921998
soil.hip.UTK.K016.04.2016.10.12.day17,302.8,297.94236666872064
soil.hip.UTK.K016.04.2016.10.01.day6,92.6,151.50521111343966
soil.hip.UTK.K016.04.2016.09.28.day3,41.7,127.01485555720004
soil.hip.UTK.K016.04.2016.10.07.day12,214.5,286.86213333420034
soil.hip.UTK.K016.04.2016.09.27.day2,21.3,153.80160000012
soil.hip.UTK.K016.04.2016.10.03.day8,130.7,228.3406111133601
soil.hip.UTK.K016.04.2016.10.06.day11,194.1,319.941066668001
soil.hip.UTK.K016.04.2016.10.04.day9,152.3,302.34492222500086
soil.hip.UTK.K016.04.2016.10.05.day10,173.7,314.90748888976054

soil.hip.UTK.K016.05.2016.10.13.day18,320.1,286.2015222237202
soil.hip.UTK.K016.05.2016.10.03.day8,130.7,165.00593333550037
soil.hip.UTK.K016.05.2016.10.14.day19,340.2,253.99150000440034
soil.hip.UTK.K016.05.2016.09.27.day2,21.3,51.993366666899945
soil.hip.UTK.K016.05.2016.10.04.day9,152.3,257.2451000096003
soil.hip.UTK.K016.05.2016.09.30.day5,76.2,141.92100000191996
soil.hip.UTK.K016.05.2016.10.16.day21,383.0,251.37284445080016
soil.hip.UTK.K016.05.2016.10.01.day6,92.6,158.11241111345996
soil.hip.UTK.K016.05.2016.10.15.day20,361.3,285.07388889140077
soil.hip.UTK.K016.05.2016.10.12.day17,302.8,241.96980000900035
soil.hip.UTK.K016.05.2016.09.29.day4,60.4,103.61711111056006
soil.hip.UTK.K016.05.2016.10.06.day11,194.1,221.56775556068015
soil.hip.UTK.K016.05.2016.09.26.day1,0.0,137.70942222220006
soil.hip.UTK.K016.05.2016.10.09.day14,253.1,220.0959333390004
soil.hip.UTK.K016.05.2016.10.02.day7,111.5,152.25313333534018
soil.hip.UTK.K016.05.2016.09.28.day3,41.7,167.0055111106602
soil.hip.UTK.K016.05.2016.10.05.day10,173.7,210.5648444502003
soil.hip.UTK.K016.05.2016.10.10.day15,269.7,237.3950000054003
soil.hip.UTK.K016.05.2016.10.07.day12,214.5,229.91576667220028
soil.hip.UTK.K016.05.2016.10.11.day16,286.1,237.4023555622003
soil.hip.UTK.K016.05.2016.10.08.day13,236.2,229.62280000600026

soil.hip.UTK.K016.06.2016.10.21.day17,316.6,311.5667000020006
soil.hip.UTK.K016.06.2016.10.17.day13,229.7,300.17684444760084
soil.hip.UTK.K016.06.2016.10.22.day18,328.2,303.50374444720103
soil.hip.UTK.K016.06.2016.10.10.day6,96.0,261.77692222440004
soil.hip.UTK.K016.06.2016.10.16.day12,209.3,279.21276667000046
soil.hip.UTK.K016.06.2016.10.05.day1,0.0,106.72326666750016
soil.hip.UTK.K016.06.2016.10.23.day19,340.0,317.9969444478006
soil.hip.UTK.K016.06.2016.10.08.day4,62.5,162.47826666733988
soil.hip.UTK.K016.06.2016.10.07.day3,40.8,177.33550000105998
soil.hip.UTK.K016.06.2016.10.11.day7,112.4,254.99381111540038
soil.hip.UTK.K016.06.2016.10.13.day9,146.4,277.96893333700075
soil.hip.UTK.K016.06.2016.10.24.day20,357.1,287.32744444620096
soil.hip.UTK.K016.06.2016.10.06.day2,20.4,212.44584444496007
soil.hip.UTK.K016.06.2016.10.09.day5,79.4,192.03413333514004
soil.hip.UTK.K016.06.2016.10.25.day21,373.2,306.62701111400065
soil.hip.UTK.K016.06.2016.10.15.day11,187.6,290.4883222240008
soil.hip.UTK.K016.06.2016.10.12.day8,129.1,227.09767778136012
soil.hip.UTK.K016.06.2016.10.19.day15,276.0,305.6259666684006
soil.hip.UTK.K016.06.2016.10.18.day14,252.1,297.0755777804005
soil.hip.UTK.K016.06.2016.10.20.day16,299.7,299.27360000360073
soil.hip.UTK.K016.06.2016.10.14.day10,166.5,259.9215222260004

soil.hip.UTK.K016.10.2017.06.02.day9,170.3,161.53075555362003
soil.hip.UTK.K016.10.2017.06.08.day15,298.6,247.24140000284035
soil.hip.UTK.K016.10.2017.05.30.day6,105.8,112.66806666657995
soil.hip.UTK.K016.10.2017.06.13.day20,417.9,296.52493333966004
soil.hip.UTK.K016.10.2017.05.27.day3,41.5,71.76982222271992
soil.hip.UTK.K016.10.2017.06.04.day11,215.2,247.90961111504055
soil.hip.UTK.K016.10.2017.06.01.day8,148.5,172.63914444461997
soil.hip.UTK.K016.10.2017.05.31.day7,126.4,124.75176666697989
soil.hip.UTK.K016.10.2017.06.05.day12,236.6,189.3497777782999
soil.hip.UTK.K016.10.2017.06.03.day10,193.3,144.9218111128199
soil.hip.UTK.K016.10.2017.05.28.day4,62.3,105.49381111014003
soil.hip.UTK.K016.10.2017.05.26.day2,18.3,52.66821111113989
soil.hip.UTK.K016.10.2017.05.29.day5,84.2,55.73238888889995
soil.hip.UTK.K016.10.2017.05.25.day1,0.0,79.54612222224003
soil.hip.UTK.K016.10.2017.06.12.day19,392.2,298.18575555914026
soil.hip.UTK.K016.10.2017.06.07.day14,278.9,241.93563333658028
soil.hip.UTK.K016.10.2017.06.06.day13,258.6,193.27266666859987
soil.hip.UTK.K016.10.2017.06.14.day21,441.3,272.6244222251004
soil.hip.UTK.K016.10.2017.06.10.day17,341.7,252.99677778224023
soil.hip.UTK.K016.10.2017.06.11.day18,366.3,314.02961111620033

soil.hip.UTK.K016.11.2017.06.02.day9,170.3,165.38144444411978
soil.hip.UTK.K016.11.2017.05.27.day3,41.5,72.62690000112003
soil.hip.UTK.K016.11.2017.06.07.day14,278.9,281.0075222246007
soil.hip.UTK.K016.11.2017.06.08.day15,298.6,314.8906666712001
soil.hip.UTK.K016.11.2017.06.10.day17,341.7,266.84398889444014
soil.hip.UTK.K016.11.2017.06.09.day16,319.6,286.85424444660026
soil.hip.UTK.K016.11.2017.05.29.day5,84.2,151.8861888889601
soil.hip.UTK.K016.11.2017.05.28.day4,62.3,101.81958888898015
soil.hip.UTK.K016.11.2017.06.12.day19,392.2,285.1452888939604
soil.hip.UTK.K016.11.2017.05.26.day2,18.3,26.93911111109991
soil.hip.UTK.K016.11.2017.06.01.day8,148.5,194.79054444505985
soil.hip.UTK.K016.11.2017.05.30.day6,105.8,119.59802222326
soil.hip.UTK.K016.11.2017.05.31.day7,126.4,157.14044444477997
soil.hip.UTK.K016.11.2017.06.03.day10,193.3,215.01784444480023
soil.hip.UTK.K016.11.2017.06.05.day12,236.6,234.67668889030006
soil.hip.UTK.K016.11.2017.05.25.day1,0.0,45.67757777809994
soil.hip.UTK.K016.11.2017.06.06.day13,258.6,225.85172222494023
soil.hip.UTK.K016.11.2017.06.11.day18,366.3,233.62248889051983
soil.hip.UTK.K016.11.2017.06.14.day21,441.3,267.0177777784402

soil.hip.UTK.K016.12.2017.06.03.day10,193.3,181.71354444762
soil.hip.UTK.K016.12.2017.06.05.day12,236.6,225.38614444992007
soil.hip.UTK.K016.12.2017.06.07.day14,278.9,204.00054444398012
soil.hip.UTK.K016.12.2017.06.14.day21,441.3,305.52733333514016
soil.hip.UTK.K016.12.2017.06.10.day17,341.7,321.2108666689999
soil.hip.UTK.K016.12.2017.06.08.day15,298.6,268.56846666758
soil.hip.UTK.K016.12.2017.05.28.day4,62.3,70.42487777942004
soil.hip.UTK.K016.12.2017.06.12.day19,392.2,318.83183333506014
soil.hip.UTK.K016.12.2017.06.13.day20,417.9,349.64904444580003
soil.hip.UTK.K016.12.2017.06.11.day18,366.3,325.34444444980033
soil.hip.UTK.K016.12.2017.05.27.day3,41.5,49.32093333397988
soil.hip.UTK.K016.12.2017.05.26.day2,18.3,40.8955555560799
soil.hip.UTK.K016.12.2017.06.06.day13,258.6,246.4655666686799
soil.hip.UTK.K016.12.2017.05.30.day6,105.8,48.70725555587994
soil.hip.UTK.K016.12.2017.06.09.day16,319.6,284.60822222286015
soil.hip.UTK.K016.12.2017.05.29.day5,84.2,52.39264444473995
soil.hip.UTK.K016.12.2017.06.01.day8,148.5,153.06754444711996
soil.hip.UTK.K016.12.2017.06.04.day11,215.2,169.46984444845995

soil.hip.SHSU.2016.007.2016.04.30.day16,350.0,272.48115556303986
soil.hip.SHSU.2016.007.2016.04.26.day12,247.2222222,288.0177777829203
soil.hip.SHSU.2016.007.2016.05.01.day17,373.6111111,314.03885556476047
soil.hip.SHSU.2016.007.2016.04.27.day13,271.1111111,235.29224444975975
soil.hip.SHSU.2016.007.2016.04.25.day11,220.5555556,248.81527778308012
soil.hip.SHSU.2016.007.2016.05.03.day19,409.1666667,332.54608889870053
soil.hip.SHSU.2016.007.2016.05.04.day20,428.6111111,364.7055333392411
soil.hip.SHSU.2016.007.2016.04.29.day15,324.4444445,295.86961111504
soil.hip.SHSU.2016.007.2016.05.02.day18,391.6666667,338.54517778692053
soil.hip.SHSU.2016.007.2016.04.24.day10,194.7222222,251.11568889280005
soil.hip.SHSU.2016.007.2016.04.19.day5,90.55555556,200.78791111891994
soil.hip.SHSU.2016.007.2016.04.28.day14,296.3888889,290.2367555604401
soil.hip.SHSU.2016.007.2016.04.23.day9,174.4444445,197.2485111164196
soil.hip.SHSU.2016.007.2016.05.05.day21,449.1666667,340.2709777860206
soil.hip.SHSU.2016.007.2016.04.22.day8,153.8888889,222.58351111535993

soil.hip.SHSU.2016.011.2016.04.21.day7,132.7777778,228.96398889813958
soil.hip.SHSU.2016.011.2016.04.16.day2,23.33333333,133.65397777890013
soil.hip.SHSU.2016.011.2016.04.18.day4,67.5,125.99920000268014
soil.hip.SHSU.2016.011.2016.04.17.day3,45.83333333,80.61370000276014
soil.hip.SHSU.2016.011.2016.04.25.day11,220.5555556,226.01846667451997
soil.hip.SHSU.2016.011.2016.04.28.day14,296.3888889,272.5483111202003
soil.hip.SHSU.2016.011.2016.04.24.day10,194.7222222,259.29797778601943
soil.hip.SHSU.2016.011.2016.04.22.day8,153.8888889,209.77705556391953
soil.hip.SHSU.2016.011.2016.04.26.day12,247.2222222,267.59504444964006
soil.hip.SHSU.2016.011.2016.04.29.day15,324.4444445,296.96173333824044
soil.hip.SHSU.2016.011.2016.04.30.day16,350.0,339.94394445168064
soil.hip.SHSU.2016.011.2016.05.04.day20,428.6111111,342.3623555671209
soil.hip.SHSU.2016.011.2016.04.27.day13,271.1111111,292.98854445016013
soil.hip.SHSU.2016.011.2016.04.19.day5,90.55555556,142.46504444670012
soil.hip.SHSU.2016.011.2016.05.05.day21,449.1666667,329.0457777904006
soil.hip.SHSU.2016.011.2016.04.23.day9,174.4444445,232.4992444529193
soil.hip.SHSU.2016.011.2016.05.02.day18,391.6666667,327.2423222288006
soil.hip.SHSU.2016.011.2016.05.03.day19,409.1666667,341.5792777915805
soil.hip.SHSU.2016.011.2016.05.01.day17,373.6111111,354.53823334440074

soil.hip.SHSU.2016.024.2016.04.17.day3,45.83333333,83.57423333376008
soil.hip.SHSU.2016.024.2016.04.18.day4,67.5,132.50971111494002
soil.hip.SHSU.2016.024.2016.04.21.day7,132.7777778,200.23557778829982
soil.hip.SHSU.2016.024.2016.04.30.day16,350.0,180.61906666855998
soil.hip.SHSU.2016.024.2016.04.22.day8,153.8888889,232.3308777878796
soil.hip.SHSU.2016.024.2016.04.26.day12,247.2222222,229.88802223160008
soil.hip.SHSU.2016.024.2016.04.27.day13,271.1111111,260.16212222615985
soil.hip.SHSU.2016.024.2016.05.03.day19,409.1666667,219.6042555616801
soil.hip.SHSU.2016.024.2016.05.01.day17,373.6111111,254.3628666704797
soil.hip.SHSU.2016.024.2016.04.19.day5,90.55555556,150.26655555928016
soil.hip.SHSU.2016.024.2016.04.29.day15,324.4444445,251.44525555792018
soil.hip.SHSU.2016.024.2016.04.28.day14,296.3888889,263.29078889221967
soil.hip.SHSU.2016.024.2016.05.02.day18,391.6666667,270.70275556393966
soil.hip.SHSU.2016.024.2016.05.04.day20,428.6111111,368.2453333424005
soil.hip.SHSU.2016.024.2016.04.24.day10,194.7222222,212.92487778331963
soil.hip.SHSU.2016.024.2016.04.23.day9,174.4444445,216.08601111858
soil.hip.SHSU.2016.024.2016.05.05.day21,449.1666667,243.52300000806005

